Workbook

Sheet BRS 201506S08ZZ
B2: RELIABILITY TEST RESULT | N2: Name | O2: Maker | P2: Checker | Q2: Approval
N3: Signature
N4: Finish Date | O4: 45348 | P4: 45348 | Q4: 45348
B6: Request date | F6: 45320 | J6: Test site | N6: GN QM
B7: Product group | F7: Speaker | J7: Tester | N7: Nguyen Thi Hau
B8: Product name | F8: BRS 201506S08ZZ | J8: Department | N8: Reliability
B9: Test reason | F9: VP Plan 2 | J9: Temperature & Hummidity | N9: 26℃ / 48%
B10: Test period | F10: 30.1.2024- 26.2.2024 | J10: Sample q'ty | N10: 55EA
B11: 1. TEST ITEM AND CONDITION
B12: Test item | F12: Sample q'ty | G12: Test condition | N12: Starting date | O12: Ending date | P12: Test result | Q12: Note
B13: High temp and humidity 1 | F13: 5 | G13: Temperature: 60℃ ± 5℃, Humidity: 90% ± 5% Time: 120Hrs | N13: 45322 | O13: 45327 | P13: PASS
B14: High temp and humidity 2 | F14: 5 | G14: Temperature: 80℃ ± 5℃, Humidity: 80% ± 5% Time : 48Hrs | N14: 45325 | O14: 45327 | P14: PASS
B15: Shock temp | F15: 5 | G15: Low temperature(-40℃ ± 5℃) 30 minutes → Hight temperature (+85℃ ± 5℃) 30 minutes/1Cycle, 96 cycle | N15: 45321 | O15: 45328 | P15: PASS | Q15: Bù giờ
B16: Combine Drop test | D16: Continuously drop | F16: 5 | G16: Height:80cm, Cycle:100 times, ground:10mm Steel , JIG 300g | N16: 45322 | O16: 45322 | P16: PASS
D17: Freely drop | G17: Height:152cm, Cycle:24 times, ground:25mm Steel , JIG 300g (6 sides->4 corners->4 edges->6 sides->4 corners) | N17: 45322 | O17: 45322 | P17: PASS
B18: Load test (Max 80%) | F18: 5 | G18: White Noise (EIA Filter), at Max Power 80% (3.58Vrms) 96Hr | N18: 45322 | O18: 45326 | P18: PASS
B19: Load test (Max 100%) | F19: 5 | G19: White Noise (EIA Filter), at Max Power 100% (4.0Vrms) 96Hr | N19: 45322 | O19: 45326 | P19: PASS
B20: Load test T-Max | F20: 5 | G20: White Noise (EIA Filter 1kHz High Pass), at 4.15Vrms during 240Hr | N20: 45338 | O20: 45348 | P20: PASS
B21: Load test X-Max | F21: 5 | G21: F0:615±50Hz, at 4.3V, 5sec on 2sec off, during 240Hr | N21: 45338 | O21: 45348 | P21: PASS
B22: Combined environment operation test ( Cycle ) | F22: 10 | G22: -10℃~55℃ / 0~93%, White Noise + EIA Filter at (3.58Vrms), Time : 96Hr | N22: 45322 | O22: 45326 | P22: PASS
B23: Water Proof test | F23: 5 | G23: High : 1.5m , Time : 30 Min Wait for the goods to dry | N23: 45322 | O23: 45322 | P23: PASS
B24: ※ SPEC
B25: - Speaker: 117.4 ± 2dB at 800 ,1.kHz , 1180kHz , 1500kHz
B26: 2. TEST DATA
B27: Item | E27: SPL | H27: IMPEDANCE | K27: F0 | N27: THD
B28: STANDARD | E28: 117.4 ± 2dB | H28: 8Ω ± 15% at 2kHz (3.58V) | K28: 615 ± 120Hz at 3.58V | N28: 100-212Hz 50%300Hz 35%, 400Hz 25%, 500Hz 20%,600Hz 15%, 710Hz 12%, 800Hz 10%, 900Hz 9%,1KHz 8%, 2K~4.5KHz 5%, 5KHz 8%, 6KHz 8%,7.1-14KHz 5% with 3.58V
E29: 115.4dB - 119.4dB | H29: 6.8Ω - 9.2Ω | K29: 495Hz - 735Hz
B30: Reliability test items | D30: NO | E30: Before | F30: After | G30: Deviation | H30: Before | I30: After | J30: Deviation | K30: Before | L30: After | M30: Deviation | N30: After | O30: Deviation | P30: Before | Q30: After
B31: High temp and humidity 60 - 90 | D31: 1 | E31: ='Temp and humid 60-90'!O102 | F31: ='Temp and humid 60-90'!P102 | G31: =F31-E31 | H31: ='Temp and humid 60-90'!AM60 | I31: ='Temp and humid 60-90'!AN60 | J31: =I31-H31 | K31: ='Temp and humid 60-90'!AM102 | L31: ='Temp and humid 60-90'!AN102 | M31: =K31-L31 | N31: OK | O31: OK | P31: OK | Q31: OK
D32: 2 | E32: ='Temp and humid 60-90'!Q102 | F32: ='Temp and humid 60-90'!R102 | G32: =F32-E32 | H32: ='Temp and humid 60-90'!AO60 | I32: ='Temp and humid 60-90'!AP60 | J32: =I32-H32 | K32: ='Temp and humid 60-90'!AO102 | L32: ='Temp and humid 60-90'!AP102 | M32: =K32-L32 | N32: OK | O32: OK | P32: OK | Q32: OK
D33: 3 | E33: ='Temp and humid 60-90'!S102 | F33: ='Temp and humid 60-90'!T102 | G33: =F33-E33 | H33: ='Temp and humid 60-90'!AQ60 | I33: ='Temp and humid 60-90'!AR60 | J33: =I33-H33 | K33: ='Temp and humid 60-90'!AQ102 | L33: ='Temp and humid 60-90'!AR102 | M33: =K33-L33 | N33: OK | O33: OK | P33: OK | Q33: OK
D34: 4 | E34: ='Temp and humid 60-90'!U102 | F34: ='Temp and humid 60-90'!V102 | G34: =F34-E34 | H34: ='Temp and humid 60-90'!AS60 | I34: ='Temp and humid 60-90'!AT60 | J34: =I34-H34 | K34: ='Temp and humid 60-90'!AS102 | L34: ='Temp and humid 60-90'!AT102 | M34: =K34-L34 | N34: OK | O34: OK | P34: OK | Q34: OK
D35: 5 | E35: ='Temp and humid 60-90'!W102 | F35: ='Temp and humid 60-90'!X102 | G35: =F35-E35 | H35: ='Temp and humid 60-90'!AU60 | I35: ='Temp and humid 60-90'!AV60 | J35: =I35-H35 | K35: ='Temp and humid 60-90'!AU102 | L35: ='Temp and humid 60-90'!AV102 | M35: =K35-L35 | N35: OK | O35: OK | P35: OK | Q35: OK
B36: High temp and humidity 80 - 80 | D36: 1 | E36: ='Temp and humid 80-80'!O102 | F36: ='Temp and humid 80-80'!P102 | G36: =F36-E36 | H36: ='Temp and humid 80-80'!AM60 | I36: ='Temp and humid 80-80'!AN60 | J36: =I36-H36 | K36: ='Temp and humid 80-80'!AM102 | L36: ='Temp and humid 80-80'!AN102 | M36: =K36-L36 | N36: OK | O36: OK | P36: OK | Q36: OK
D37: 2 | E37: ='Temp and humid 80-80'!Q102 | F37: ='Temp and humid 80-80'!R102 | G37: =F37-E37 | H37: ='Temp and humid 80-80'!AO60 | I37: ='Temp and humid 80-80'!AP60 | J37: =I37-H37 | K37: ='Temp and humid 80-80'!AO102 | L37: ='Temp and humid 80-80'!AP102 | M37: =K37-L37 | N37: OK | O37: OK | P37: OK | Q37: OK
D38: 3 | E38: ='Temp and humid 80-80'!S102 | F38: ='Temp and humid 80-80'!T102 | G38: =F38-E38 | H38: ='Temp and humid 80-80'!AQ60 | I38: ='Temp and humid 80-80'!AR60 | J38: =I38-H38 | K38: ='Temp and humid 80-80'!AQ102 | L38: ='Temp and humid 80-80'!AR102 | M38: =K38-L38 | N38: OK | O38: OK | P38: OK | Q38: OK
D39: 4 | E39: ='Temp and humid 80-80'!U102 | F39: ='Temp and humid 80-80'!V102 | G39: =F39-E39 | H39: ='Temp and humid 80-80'!AS60 | I39: ='Temp and humid 80-80'!AT60 | J39: =I39-H39 | K39: ='Temp and humid 80-80'!AS102 | L39: ='Temp and humid 80-80'!AT102 | M39: =K39-L39 | N39: OK | O39: OK | P39: OK | Q39: OK
D40: 5 | E40: ='Temp and humid 80-80'!W102 | F40: ='Temp and humid 80-80'!X102 | G40: =F40-E40 | H40: ='Temp and humid 80-80'!AU60 | I40: ='Temp and humid 80-80'!AV60 | J40: =I40-H40 | K40: ='Temp and humid 80-80'!AU102 | L40: ='Temp and humid 80-80'!AV102 | M40: =K40-L40 | N40: OK | O40: OK | P40: OK | Q40: OK
B41: Shock temp | D41: 1 | E41: ='Shock temp'!O102 | F41: ='Shock temp'!P102 | G41: =F41-E41 | H41: ='Shock temp'!AM60 | I41: ='Shock temp'!AN60 | J41: =I41-H41 | K41: ='Shock temp'!AM102 | L41: ='Shock temp'!AN102 | M41: =K41-L41 | N41: OK | O41: OK | P41: OK | Q41: OK
D42: 2 | E42: ='Shock temp'!Q102 | F42: ='Shock temp'!R102 | G42: =F42-E42 | H42: ='Shock temp'!AO60 | I42: ='Shock temp'!AP60 | J42: =I42-H42 | K42: ='Shock temp'!AO102 | L42: ='Shock temp'!AP102 | M42: =K42-L42 | N42: OK | O42: OK | P42: OK | Q42: OK
D43: 3 | E43: ='Shock temp'!S102 | F43: ='Shock temp'!T102 | G43: =F43-E43 | H43: ='Shock temp'!AQ60 | I43: ='Shock temp'!AR60 | J43: =I43-H43 | K43: ='Shock temp'!AQ102 | L43: ='Shock temp'!AR102 | M43: =K43-L43 | N43: OK | O43: OK | P43: OK | Q43: OK
D44: 4 | E44: ='Shock temp'!U102 | F44: ='Shock temp'!V102 | G44: =F44-E44 | H44: ='Shock temp'!AS60 | I44: ='Shock temp'!AT60 | J44: =I44-H44 | K44: ='Shock temp'!AS102 | L44: ='Shock temp'!AT102 | M44: =K44-L44 | N44: OK | O44: OK | P44: OK | Q44: OK
D45: 5 | E45: ='Shock temp'!W102 | F45: ='Shock temp'!X102 | G45: =F45-E45 | H45: ='Shock temp'!AU60 | I45: ='Shock temp'!AV60 | J45: =I45-H45 | K45: ='Shock temp'!AU102 | L45: ='Shock temp'!AV102 | M45: =K45-L45 | N45: OK | O45: OK | P45: OK | Q45: OK
B46: Load test Max 80% | D46: 1 | E46: ='Load test 80% '!O102 | F46: ='Load test 80% '!P102 | G46: =F46-E46 | H46: ='Load test 80% '!AM60 | I46: ='Load test 80% '!AN60 | J46: =I46-H46 | K46: ='Load test 80% '!AM102 | L46: ='Load test 80% '!AN102 | M46: =K46-L46 | N46: OK | O46: OK | P46: OK | Q46: OK
D47: 2 | E47: ='Load test 80% '!Q102 | F47: ='Load test 80% '!R102 | G47: =F47-E47 | H47: ='Load test 80% '!AO60 | I47: ='Load test 80% '!AP60 | J47: =I47-H47 | K47: ='Load test 80% '!AO102 | L47: ='Load test 80% '!AP102 | M47: =K47-L47 | N47: OK | O47: OK | P47: OK | Q47: OK
D48: 3 | E48: ='Load test 80% '!S102 | F48: ='Load test 80% '!T102 | G48: =F48-E48 | H48: ='Load test 80% '!AQ60 | I48: ='Load test 80% '!AR60 | J48: =I48-H48 | K48: ='Load test 80% '!AQ102 | L48: ='Load test 80% '!AR102 | M48: =K48-L48 | N48: OK | O48: OK | P48: OK | Q48: OK
D49: 4 | E49: ='Load test 80% '!U102 | F49: ='Load test 80% '!V102 | G49: =F49-E49 | H49: ='Load test 80% '!AS60 | I49: ='Load test 80% '!AT60 | J49: =I49-H49 | K49: ='Load test 80% '!AS102 | L49: ='Load test 80% '!AT102 | M49: =K49-L49 | N49: OK | O49: OK | P49: OK | Q49: OK
D50: 5 | E50: ='Load test 80% '!W102 | F50: ='Load test 80% '!X102 | G50: =F50-E50 | H50: ='Load test 80% '!AU60 | I50: ='Load test 80% '!AV60 | J50: =I50-H50 | K50: ='Load test 80% '!AU102 | L50: ='Load test 80% '!AV102 | M50: =K50-L50 | N50: OK | O50: OK | P50: OK | Q50: OK
B51: Load test Max 100% | D51: 1 | E51: ='Load test 100%'!O102 | F51: ='Load test 100%'!P102 | G51: =F51-E51 | H51: ='Load test 100%'!AM60 | I51: ='Load test 100%'!AN60 | J51: =I51-H51 | K51: ='Load test 100%'!AM102 | L51: ='Load test 100%'!AN102 | M51: =K51-L51 | N51: OK | O51: OK | P51: OK | Q51: OK
D52: 2 | E52: ='Load test 100%'!Q102 | F52: ='Load test 100%'!R102 | G52: =F52-E52 | H52: ='Load test 100%'!AO60 | I52: ='Load test 100%'!AP60 | J52: =I52-H52 | K52: ='Load test 100%'!AO102 | L52: ='Load test 100%'!AP102 | M52: =K52-L52 | N52: OK | O52: OK | P52: OK | Q52: OK
D53: 3 | E53: ='Load test 100%'!S102 | F53: ='Load test 100%'!T102 | G53: =F53-E53 | H53: ='Load test 100%'!AQ60 | I53: ='Load test 100%'!AR60 | J53: =I53-H53 | K53: ='Load test 100%'!AQ102 | L53: ='Load test 100%'!AR102 | M53: =K53-L53 | N53: OK | O53: OK | P53: OK | Q53: OK
D54: 4 | E54: ='Load test 100%'!U102 | F54: ='Load test 100%'!V102 | G54: =F54-E54 | H54: ='Load test 100%'!AS60 | I54: ='Load test 100%'!AT60 | J54: =I54-H54 | K54: ='Load test 100%'!AS102 | L54: ='Load test 100%'!AT102 | M54: =K54-L54 | N54: OK | O54: OK | P54: OK | Q54: OK
D55: 5 | E55: ='Load test 100%'!W102 | F55: ='Load test 100%'!X102 | G55: =F55-E55 | H55: ='Load test 100%'!AU60 | I55: ='Load test 100%'!AV60 | J55: =I55-H55 | K55: ='Load test 100%'!AU102 | L55: ='Load test 100%'!AV102 | M55: =K55-L55 | N55: OK | O55: OK | P55: OK | Q55: OK
B56: Load test T-Max | D56: 1 | E56: ='Load test T-Max'!O102 | F56: ='Load test T-Max'!P102 | G56: =F56-E56 | H56: ='Load test T-Max'!AM60 | I56: ='Load test T-Max'!AN60 | J56: =I56-H56 | K56: ='Load test T-Max'!AM102 | L56: ='Load test T-Max'!AN102 | M56: =K56-L56 | N56: OK | O56: OK | P56: OK | Q56: OK
D57: 2 | E57: ='Load test T-Max'!Q102 | F57: ='Load test T-Max'!R102 | G57: =F57-E57 | H57: ='Load test T-Max'!AO60 | I57: ='Load test T-Max'!AP60 | J57: =I57-H57 | K57: ='Load test T-Max'!AQ102 | L57: ='Load test T-Max'!AR102 | M57: =K57-L57 | N57: OK | O57: OK | P57: OK | Q57: OK
D58: 3 | E58: ='Load test T-Max'!S102 | F58: ='Load test T-Max'!T102 | G58: =F58-E58 | H58: ='Load test T-Max'!AQ60 | I58: ='Load test T-Max'!AR60 | J58: =I58-H58 | K58: ='Load test T-Max'!AQ102 | L58: ='Load test T-Max'!AR102 | M58: =K58-L58 | N58: OK | O58: OK | P58: OK | Q58: OK
D59: 4 | E59: ='Load test T-Max'!U102 | F59: ='Load test T-Max'!V102 | G59: =F59-E59 | H59: ='Load test T-Max'!AS60 | I59: ='Load test T-Max'!AT60 | J59: =I59-H59 | K59: ='Load test T-Max'!AS102 | L59: ='Load test T-Max'!AT102 | M59: =K59-L59 | N59: OK | O59: OK | P59: OK | Q59: OK
D60: 5 | E60: ='Load test T-Max'!W102 | F60: ='Load test T-Max'!X102 | G60: =F60-E60 | H60: ='Load test T-Max'!AU60 | I60: ='Load test T-Max'!AV60 | J60: =I60-H60 | K60: ='Load test T-Max'!AU102 | L60: ='Load test T-Max'!AV102 | M60: =K60-L60 | N60: OK | O60: OK | P60: OK | Q60: OK
B61: Load test X-Max | D61: 1 | E61: ='Load test X-Max'!O102 | F61: ='Load test X-Max'!P102 | G61: =F61-E61 | H61: ='Load test X-Max'!AM60 | I61: ='Load test X-Max'!AN60 | J61: =I61-H61 | K61: ='Load test X-Max'!AM102 | L61: ='Load test X-Max'!AN102 | M61: =K61-L61 | N61: OK | O61: OK | P61: OK | Q61: OK
D62: 2 | E62: ='Load test X-Max'!Q102 | F62: ='Load test X-Max'!R102 | G62: =F62-E62 | H62: ='Load test X-Max'!AO60 | I62: ='Load test X-Max'!AP60 | J62: =I62-H62 | K62: ='Load test X-Max'!AO102 | L62: ='Load test X-Max'!AP102 | M62: =K62-L62 | N62: OK | O62: OK | P62: OK | Q62: OK
D63: 3 | E63: ='Load test X-Max'!S102 | F63: ='Load test X-Max'!T102 | G63: =F63-E63 | H63: ='Load test X-Max'!AQ60 | I63: ='Load test X-Max'!AR60 | J63: =I63-H63 | K63: ='Load test X-Max'!AQ102 | L63: ='Load test X-Max'!AR102 | M63: =K63-L63 | N63: OK | O63: OK | P63: OK | Q63: OK
D64: 4 | E64: ='Load test X-Max'!U102 | F64: ='Load test X-Max'!V102 | G64: =F64-E64 | H64: ='Load test X-Max'!AS60 | I64: ='Load test X-Max'!AT60 | J64: =I64-H64 | K64: ='Load test X-Max'!AS102 | L64: ='Load test X-Max'!AT102 | M64: =K64-L64 | N64: OK | O64: OK | P64: OK | Q64: OK
D65: 5 | E65: ='Load test X-Max'!W102 | F65: ='Load test X-Max'!X102 | G65: =F65-E65 | H65: ='Load test X-Max'!AU60 | I65: ='Load test X-Max'!AV60 | J65: =I65-H65 | K65: ='Load test X-Max'!AU102 | L65: ='Load test X-Max'!AV102 | M65: =K65-L65 | N65: OK | O65: OK | P65: OK | Q65: OK
B66: Condinuously drop test | D66: 1 | E66: ='Continuously drop'!O102 | F66: ='Continuously drop'!P102 | G66: =F66-E66 | H66: ='Continuously drop'!AM60 | I66: ='Continuously drop'!AN60 | J66: =I66-H66 | K66: ='Continuously drop'!AM102 | L66: ='Continuously drop'!AN102 | M66: =K66-L66 | N66: OK | O66: OK | P66: OK | Q66: OK
D67: 2 | E67: ='Continuously drop'!Q102 | F67: ='Continuously drop'!R102 | G67: =F67-E67 | H67: ='Continuously drop'!AO60 | I67: ='Continuously drop'!AP60 | J67: =I67-H67 | K67: ='Continuously drop'!AO102 | L67: ='Continuously drop'!AP102 | M67: =K67-L67 | N67: OK | O67: OK | P67: OK | Q67: OK
D68: 3 | E68: ='Continuously drop'!S102 | F68: ='Continuously drop'!T102 | G68: =F68-E68 | H68: ='Continuously drop'!AQ60 | I68: ='Continuously drop'!AR60 | J68: =I68-H68 | K68: ='Continuously drop'!AQ102 | L68: ='Continuously drop'!AR102 | M68: =K68-L68 | N68: OK | O68: OK | P68: OK | Q68: OK
D69: 4 | E69: ='Continuously drop'!U102 | F69: ='Continuously drop'!V102 | G69: =F69-E69 | H69: ='Continuously drop'!AS60 | I69: ='Continuously drop'!AT60 | J69: =I69-H69 | K69: ='Continuously drop'!AS102 | L69: ='Continuously drop'!AT102 | M69: =K69-L69 | N69: OK | O69: OK | P69: OK | Q69: OK
D70: 5 | E70: ='Continuously drop'!W102 | F70: ='Continuously drop'!X102 | G70: =F70-E70 | H70: ='Continuously drop'!AU60 | I70: ='Continuously drop'!AV60 | J70: =I70-H70 | K70: ='Continuously drop'!AU102 | L70: ='Continuously drop'!AV102 | M70: =K70-L70 | N70: OK | O70: OK | P70: OK | Q70: OK
B71: Freely Drop test | D71: 1 | E71: =' Freely drop'!O102 | F71: =' Freely drop'!P102 | G71: =F71-E71 | H71: =' Freely drop'!AM60 | I71: =' Freely drop'!AN60 | J71: =I71-H71 | K71: =' Freely drop'!AM102 | L71: =' Freely drop'!AN102 | M71: =K71-L71 | N71: OK | O71: OK | P71: OK | Q71: OK
D72: 2 | E72: =' Freely drop'!Q102 | F72: =' Freely drop'!R102 | G72: =F72-E72 | H72: =' Freely drop'!AO60 | I72: =' Freely drop'!AP60 | J72: =I72-H72 | K72: =' Freely drop'!AO102 | L72: =' Freely drop'!AP102 | M72: =K72-L72 | N72: OK | O72: OK | P72: OK | Q72: OK
D73: 3 | E73: =' Freely drop'!S102 | F73: =' Freely drop'!T102 | G73: =F73-E73 | H73: =' Freely drop'!AQ60 | I73: =' Freely drop'!AR60 | J73: =I73-H73 | K73: =' Freely drop'!AQ102 | L73: =' Freely drop'!AR102 | M73: =K73-L73 | N73: OK | O73: OK | P73: OK | Q73: OK
D74: 4 | E74: =' Freely drop'!U102 | F74: =' Freely drop'!V102 | G74: =F74-E74 | H74: =' Freely drop'!AS60 | I74: =' Freely drop'!AT60 | J74: =I74-H74 | K74: =' Freely drop'!AS102 | L74: =' Freely drop'!AT102 | M74: =K74-L74 | N74: OK | O74: OK | P74: OK | Q74: OK
D75: 5 | E75: =' Freely drop'!W102 | F75: =' Freely drop'!X102 | G75: =F75-E75 | H75: =' Freely drop'!AU60 | I75: =' Freely drop'!AV60 | J75: =I75-H75 | K75: =' Freely drop'!AU102 | L75: =' Freely drop'!AV102 | M75: =K75-L75 | N75: OK | O75: OK | P75: OK | Q75: OK
B76: Water | D76: 1 | E76: =Water!O102 | F76: =Water!P102 | G76: =F76-E76 | H76: =Water!AM60 | I76: =Water!AN60 | J76: =I76-H76 | K76: =Water!AM102 | L76: =Water!AN102 | M76: =K76-L76 | N76: OK | O76: OK | P76: OK | Q76: OK
D77: 2 | E77: =Water!Q102 | F77: =Water!R102 | G77: =F77-E77 | H77: =Water!AO60 | I77: =Water!AP60 | J77: =I77-H77 | K77: =Water!AO102 | L77: =Water!AP102 | M77: =K77-L77 | N77: OK | O77: OK | P77: OK | Q77: OK
D78: 3 | E78: =Water!S102 | F78: =Water!T102 | G78: =F78-E78 | H78: =Water!AQ60 | I78: =Water!AR60 | J78: =I78-H78 | K78: =Water!AQ102 | L78: =Water!AR102 | M78: =K78-L78 | N78: OK | O78: OK | P78: OK | Q78: OK
D79: 4 | E79: =Water!U102 | F79: =Water!V102 | G79: =F79-E79 | H79: =Water!AS60 | I79: =Water!AT60 | J79: =I79-H79 | K79: =Water!AS102 | L79: =Water!AT102 | M79: =K79-L79 | N79: OK | O79: OK | P79: OK | Q79: OK
D80: 5 | E80: =Water!W102 | F80: =Water!X102 | G80: =F80-E80 | H80: =Water!AU60 | I80: =Water!AV60 | J80: =I80-H80 | K80: =Water!AU102 | L80: =Water!AV102 | M80: =K80-L80 | N80: OK | O80: OK | P80: OK | Q80: OK
B81: Combined environment operation test ( Cycle ) | D81: 1 | E81: =Cycle!O102 | F81: =Cycle!P102 | G81: =F81-E81 | H81: =Cycle!BG60 | I81: =Cycle!BH60 | J81: =I81-H81 | K81: =Cycle!BG102 | L81: =Cycle!BH102 | M81: =K81-L81 | N81: OK | O81: OK | P81: OK | Q81: OK
D82: 2 | E82: =Cycle!Q102 | F82: =Cycle!R102 | G82: =F82-E82 | H82: =Cycle!BI60 | I82: =Cycle!BJ60 | J82: =I82-H82 | K82: =Cycle!BI102 | L82: =Cycle!BJ102 | M82: =K82-L82 | N82: OK | O82: OK | P82: OK | Q82: OK
D83: 3 | E83: =Cycle!S102 | F83: =Cycle!T102 | G83: =F83-E83 | H83: =Cycle!BK60 | I83: =Cycle!BL60 | J83: =I83-H83 | K83: =Cycle!BK102 | L83: =Cycle!BL102 | M83: =K83-L83 | N83: OK | O83: OK | P83: OK | Q83: OK
D84: 4 | E84: =Cycle!U102 | F84: =Cycle!V102 | G84: =F84-E84 | H84: =Cycle!BM60 | I84: =Cycle!BN60 | J84: =I84-H84 | K84: =Cycle!BM102 | L84: =Cycle!BN102 | M84: =K84-L84 | N84: OK | O84: OK | P84: OK | Q84: OK
D85: 5 | E85: =Cycle!W102 | F85: =Cycle!X102 | G85: =F85-E85 | H85: =Cycle!BO60 | I85: =Cycle!BP60 | J85: =I85-H85 | K85: =Cycle!BO102 | L85: =Cycle!BP102 | M85: =K85-L85 | N85: OK | O85: OK | P85: OK | Q85: OK
D86: 6 | E86: =Cycle!Y102 | F86: =Cycle!Z102 | G86: =F86-E86 | H86: =Cycle!BQ60 | I86: =Cycle!BR60 | J86: =I86-H86 | K86: =Cycle!BQ102 | L86: =Cycle!BR102 | M86: =K86-L86 | N86: OK | O86: OK | P86: OK | Q86: OK
D87: 7 | E87: =Cycle!AA102 | F87: =Cycle!AB102 | G87: =F87-E87 | H87: =Cycle!BS60 | I87: =Cycle!BT60 | J87: =I87-H87 | K87: =Cycle!BS102 | L87: =Cycle!BT102 | M87: =K87-L87 | N87: OK | O87: OK | P87: OK | Q87: OK
D88: 8 | E88: =Cycle!AC102 | F88: =Cycle!AD102 | G88: =F88-E88 | H88: =Cycle!BU60 | I88: =Cycle!BV60 | J88: =I88-H88 | K88: =Cycle!BU102 | L88: =Cycle!BV102 | M88: =K88-L88 | N88: OK | O88: OK | P88: OK | Q88: OK
D89: 9 | E89: =Cycle!AE102 | F89: =Cycle!AF102 | G89: =F89-E89 | H89: =Cycle!BW64 | I89: =Cycle!BX64 | J89: =I89-H89 | K89: =Cycle!BW102 | L89: =Cycle!BX102 | M89: =K89-L89 | N89: OK | O89: OK | P89: OK | Q89: OK
D90: 10 | E90: =Cycle!AG102 | F90: =Cycle!AH102 | G90: =F90-E90 | H90: =Cycle!BY65 | I90: =Cycle!BZ65 | J90: =I90-H90 | K90: =Cycle!BY102 | L90: =Cycle!BZ102 | M90: =K90-L90 | N90: OK | O90: OK | P90: OK | Q90: OK

Sheet Temp and humid 60-90
N1: SPL RAW DATA | Z1: THD RAW DATA | AL1: IMPEDANCE RAW DATA
N2: SPL specification / | S2: SPK :117.4 dB±2dB Average of frequency 0.8, 1.0, 1.2k, 1.5k, 3.58V | Z2: THD Limit / | AE2: 100-212Hz 50%300Hz 35%, 400Hz 25%, 500Hz 20%,600Hz 15%, 710Hz 12%, 800Hz 10%, 900Hz 9%,1KHz 8%, 2K~4.5KHz 5%, 5KHz 8%, 6KHz 8%,7.1-14KHz 5% with 3.58V | AL2: Imp / F0 Limit / | AQ2: IMP:8 Ω ±15% at 2kHz, 3.58V , F0: 615 ± 120Hz at 3.58V
N3: Evalution standard / | S3: Deviation before test and after test is under ± 2db, and SPL Average value in limit / | Z3: Evalution standard / | AE3: THD value in limit / | AL3: Evalution standard / | AQ3: Value in limit /
N4: Test condition / | S4: Temperature: 60℃ ± 5℃, Humidity: 90% ± 5% Time: 120Hrs | Z4: Test condition / | AE4: Temperature: 60℃ ± 5℃, Humidity: 90% ± 5% Time: 120Hrs | AL4: Test condition / | AQ4: Temperature: 60℃ ± 5℃, Humidity: 90% ± 5% Time: 120Hrs
N5: Sample No | O5: #1 | Q5: #2 | S5: #3 | U5: #4 | W5: #5 | Z5: Sample No | AA5: #1 | AC5: #2 | AE5: #3 | AG5: #4 | AI5: #5 | AL5: Sample No | AM5: #1 | AO5: #2 | AQ5: #3 | AS5: #4 | AU5: #5
N6: Result | O6: OK | P6: OK | Q6: OK | R6: OK | S6: OK | T6: OK | U6: OK | V6: OK | W6: OK | X6: OK | AM6: OK | AN6: OK | AO6: OK | AP6: OK | AQ6: OK | AR6: OK | AS6: OK | AT6: OK | AU6: OK | AV6: OK
O7: Before #1 | P7: After #1 | Q7: Before #2 | R7: After #2 | S7: Before #3 | T7: After #3 | U7: Before #4 | V7: After #4 | W7: Before #5 | X7: After #5 | AA7: Before #1 | AB7: After #1 | AC7: Before #2 | AD7: After #2 | AE7: Before #3 | AF7: After #3 | AG7: Before #4 | AH7: After #4 | AI7: Before #5 | AJ7: After #5 | AM7: Before #1 | AN7: After #1 | AO7: Before #2 | AP7: After #2 | AQ7: Before #3 | AR7: After #3 | AS7: Before #4 | AT7: After #4 | AU7: Before #5 | AV7: After #5
N8: 100 | O8: 79.0422 | P8: 79.27731 | Q8: 79.281 | R8: 79.58975 | S8: 79.62009 | T8: 79.33194 | U8: 79.21218 | V8: 79.22018 | W8: 79.07808 | X8: 79.05526 | Z8: 100 | AA8: 23.2127 | AB8: 21.36478 | AC8: 24.2676 | AD8: 25.49907 | AE8: 23.84795 | AF8: 23.98408 | AG8: 19.79098 | AH8: 24.56962 | AI8: 23.53371 | AJ8: 23.53708 | AL8: 100 | AM8: 6.41133 | AN8: 6.52697 | AO8: 6.43816 | AP8: 6.51791 | AQ8: 6.4194 | AR8: 6.51346 | AS8: 6.39946 | AT8: 6.52181 | AU8: 6.40281 | AV8: 6.52638
N9: 106 | O9: 79.45589 | P9: 79.68135 | Q9: 79.65477 | R9: 80.02742 | S9: 79.96398 | T9: 79.75045 | U9: 79.62985 | V9: 79.62488 | W9: 79.49956 | X9: 79.47237 | Z9: 106 | AA9: 23.25314 | AB9: 21.47439 | AC9: 24.24057 | AD9: 25.62707 | AE9: 24.13283 | AF9: 24.1272 | AG9: 19.96895 | AH9: 24.76546 | AI9: 23.83349 | AJ9: 23.66767 | AL9: 106 | AM9: 6.47791 | AN9: 6.5946 | AO9: 6.50398 | AP9: 6.58529 | AQ9: 6.48767 | AR9: 6.57826 | AS9: 6.46575 | AT9: 6.58785 | AU9: 6.47101 | AV9: 6.59203
N10: 112 | O10: 79.94698 | P10: 80.17292 | Q10: 80.10009 | R10: 80.52905 | S10: 80.38305 | T10: 80.24657 | U10: 80.13179 | V10: 80.12352 | W10: 79.99517 | X10: 79.96906 | Z10: 112 | AA10: 23.34859 | AB10: 21.59661 | AC10: 24.24103 | AD10: 25.94492 | AE10: 24.45106 | AF10: 24.28545 | AG10: 20.12043 | AH10: 24.90783 | AI10: 24.11766 | AJ10: 23.81323 | AL10: 112 | AM10: 6.53173 | AN10: 6.64817 | AO10: 6.55667 | AP10: 6.63779 | AQ10: 6.54094 | AR10: 6.63026 | AS10: 6.51825 | AT10: 6.64165 | AU10: 6.52527 | AV10: 6.64469
N11: 118 | O11: 80.82054 | P11: 81.08137 | Q11: 80.93458 | R11: 81.40868 | S11: 81.15616 | T11: 81.1629 | U11: 81.04854 | V11: 81.04827 | W11: 80.91136 | X11: 80.88754 | Z11: 118 | AA11: 23.5172 | AB11: 21.6884 | AC11: 24.29091 | AD11: 26.1227 | AE11: 24.78706 | AF11: 24.45829 | AG11: 20.30926 | AH11: 25.07981 | AI11: 24.43374 | AJ11: 24.01738 | AL11: 118 | AM11: 6.5755 | AN11: 6.69303 | AO11: 6.60157 | AP11: 6.68105 | AQ11: 6.58507 | AR11: 6.67412 | AS11: 6.56179 | AT11: 6.68583 | AU11: 6.5696 | AV11: 6.68901
N12: 125 | O12: 81.81944 | P12: 82.10406 | Q12: 81.87931 | R12: 82.43469 | S12: 82.05198 | T12: 82.17289 | U12: 82.07052 | V12: 82.06511 | W12: 81.94412 | X12: 81.89985 | Z12: 125 | AA12: 23.67615 | AB12: 21.84574 | AC12: 24.39931 | AD12: 26.39471 | AE12: 25.21965 | AF12: 24.72928 | AG12: 20.55296 | AH12: 25.29758 | AI12: 24.83949 | AJ12: 24.23573 | AL12: 125 | AM12: 6.61876 | AN12: 6.73652 | AO12: 6.64428 | AP12: 6.72452 | AQ12: 6.62937 | AR12: 6.71768 | AS12: 6.60519 | AT12: 6.72863 | AU12: 6.61174 | AV12: 6.7334
N13: 132 | O13: 82.89711 | P13: 83.22584 | Q13: 82.94504 | R13: 83.54043 | S13: 83.04239 | T13: 83.26759 | U13: 83.21302 | V13: 83.18185 | W13: 83.07913 | X13: 83.03065 | Z13: 132 | AA13: 24.14729 | AB13: 22.14105 | AC13: 24.7547 | AD13: 26.94896 | AE13: 26.04987 | AF13: 25.2307 | AG13: 21.07443 | AH13: 25.76644 | AI13: 25.60746 | AJ13: 24.69105 | AL13: 132 | AM13: 6.6541 | AN13: 6.77323 | AO13: 6.68081 | AP13: 6.76041 | AQ13: 6.66586 | AR13: 6.7536 | AS13: 6.64116 | AT13: 6.76481 | AU13: 6.64673 | AV13: 6.77011
N14: 140 | O14: 84.02163 | P14: 84.50209 | Q14: 84.02903 | R14: 84.7719 | S14: 84.06067 | T14: 84.48727 | U14: 84.4294 | V14: 84.41459 | W14: 84.28938 | X14: 84.27426 | Z14: 140 | AA14: 24.84959 | AB14: 22.454 | AC14: 25.38077 | AD14: 27.49564 | AE14: 27.02624 | AF14: 25.81282 | AG14: 21.73689 | AH14: 26.26481 | AI14: 26.49128 | AJ14: 25.17645 | AL14: 140 | AM14: 6.68831 | AN14: 6.80932 | AO14: 6.71799 | AP14: 6.7961 | AQ14: 6.70175 | AR14: 6.78889 | AS14: 6.67701 | AT14: 6.79992 | AU14: 6.68161 | AV14: 6.80556
N15: 150 | O15: 85.13968 | P15: 85.85266 | Q15: 85.07303 | R15: 86.0578 | S15: 84.99425 | T15: 85.75983 | U15: 85.65252 | V15: 85.6925 | W15: 85.51457 | X15: 85.56605 | Z15: 150 | AA15: 25.11849 | AB15: 22.6772 | AC15: 25.4847 | AD15: 27.78827 | AE15: 27.93755 | AF15: 26.20539 | AG15: 22.45434 | AH15: 26.56745 | AI15: 27.30621 | AJ15: 25.50662 | AL15: 150 | AM15: 6.72587 | AN15: 6.84734 | AO15: 6.75686 | AP15: 6.83292 | AQ15: 6.74095 | AR15: 6.8278 | AS15: 6.71568 | AT15: 6.83717 | AU15: 6.71919 | AV15: 6.84432
N16: 160 | O16: 86.28645 | P16: 87.26189 | Q16: 86.13167 | R16: 87.41593 | S16: 85.92993 | T16: 87.06564 | U16: 86.88101 | V16: 86.99973 | W16: 86.73671 | X16: 86.88863 | Z16: 160 | AA16: 24.56301 | AB16: 22.645 | AC16: 24.64345 | AD16: 27.63996 | AE16: 28.30072 | AF16: 26.27636 | AG16: 22.86194 | AH16: 26.56787 | AI16: 27.58532 | AJ16: 25.39904 | AL16: 160 | AM16: 6.75937 | AN16: 6.88049 | AO16: 6.79065 | AP16: 6.8658 | AQ16: 6.77518 | AR16: 6.86145 | AS16: 6.74814 | AT16: 6.86983 | AU16: 6.75228 | AV16: 6.87787
N17: 170 | O17: 87.68844 | P17: 88.76678 | Q17: 87.59251 | R17: 88.86886 | S17: 87.34681 | T17: 88.50013 | U17: 88.21032 | V17: 88.39349 | W17: 88.06273 | X17: 88.28101 | Z17: 170 | AA17: 24.05275 | AB17: 22.59633 | AC17: 23.95627 | AD17: 27.41538 | AE17: 28.64244 | AF17: 26.35421 | AG17: 23.28152 | AH17: 26.58904 | AI17: 27.88712 | AJ17: 25.30905 | AL17: 170 | AM17: 6.7882 | AN17: 6.90938 | AO17: 6.81969 | AP17: 6.89507 | AQ17: 6.80451 | AR17: 6.89104 | AS17: 6.77643 | AT17: 6.89726 | AU17: 6.78142 | AV17: 6.90878
N18: 180 | O18: 89.43966 | P18: 90.31802 | Q18: 89.51339 | R18: 90.44867 | S18: 89.32661 | T18: 90.09597 | U18: 89.70297 | V18: 89.88993 | W18: 89.55167 | X18: 89.75629 | Z18: 180 | AA18: 23.59448 | AB18: 22.44917 | AC18: 23.25631 | AD18: 27.08442 | AE18: 28.82814 | AF18: 26.34363 | AG18: 23.56225 | AH18: 26.4524 | AI18: 28.04654 | AJ18: 25.08638 | AL18: 180 | AM18: 6.81219 | AN18: 6.93568 | AO18: 6.84536 | AP18: 6.92075 | AQ18: 6.83002 | AR18: 6.91718 | AS18: 6.80065 | AT18: 6.92265 | AU18: 6.80635 | AV18: 6.9358
L19: Limit | N19: 190 | O19: 90.92792 | P19: 91.69424 | Q19: 91.08206 | R19: 91.87976 | S19: 90.91474 | T19: 91.54151 | U19: 91.08233 | V19: 91.30811 | W19: 90.9245 | X19: 91.1677 | Z19: 190 | AA19: 23.00083 | AB19: 22.10859 | AC19: 22.51993 | AD19: 26.53062 | AE19: 28.74962 | AF19: 26.16521 | AG19: 23.62032 | AH19: 26.0625 | AI19: 28.00425 | AJ19: 24.63557 | AL19: 190 | AM19: 6.83426 | AN19: 6.95894 | AO19: 6.8681 | AP19: 6.9447 | AQ19: 6.8532 | AR19: 6.94046 | AS19: 6.82263 | AT19: 6.94591 | AU19: 6.82917 | AV19: 6.95981
K20: 100 | L20: 50 | N20: 200 | O20: 92.3077 | P20: 92.95932 | Q20: 92.53041 | R20: 93.17392 | S20: 92.38603 | T20: 92.84977 | U20: 92.38822 | V20: 92.60763 | W20: 92.23555 | X20: 92.4455 | Z20: 200 | AA20: 22.14472 | AB20: 21.61462 | AC20: 21.7115 | AD20: 25.89295 | AE20: 28.36921 | AF20: 25.7982 | AG20: 23.44895 | AH20: 25.47096 | AI20: 27.70743 | AJ20: 23.97732 | AL20: 200 | AM20: 6.85387 | AN20: 6.98038 | AO20: 6.8896 | AP20: 6.96656 | AQ20: 6.87513 | AR20: 6.96195 | AS20: 6.84373 | AT20: 6.96762 | AU20: 6.84934 | AV20: 6.98185
K21: 212 | L21: 50 | N21: 212 | O21: 93.58648 | P21: 94.12671 | Q21: 93.8437 | R21: 94.3766 | S21: 93.71432 | T21: 94.07179 | U21: 93.62222 | V21: 93.83418 | W21: 93.48402 | X21: 93.65552 | Z21: 212 | AA21: 20.95598 | AB21: 20.74994 | AC21: 20.57466 | AD21: 24.82333 | AE21: 27.49608 | AF21: 25.02829 | AG21: 22.91767 | AH21: 24.49781 | AI21: 26.97657 | AJ21: 22.99054 | AL21: 212 | AM21: 6.87696 | AN21: 7.00494 | AO21: 6.9149 | AP21: 6.99121 | AQ21: 6.8986 | AR21: 6.98612 | AS21: 6.86756 | AT21: 6.99236 | AU21: 6.87231 | AV21: 7.00671
K22: 300 | L22: 35 | N22: 224 | O22: 94.72639 | P22: 95.20502 | Q22: 94.955 | R22: 95.47466 | S22: 94.80962 | T22: 95.17825 | U22: 94.79826 | V22: 94.97392 | W22: 94.64877 | X22: 94.78425 | Z22: 224 | AA22: 19.53753 | AB22: 19.76727 | AC22: 19.20201 | AD22: 23.48905 | AE22: 26.27432 | AF22: 24.01534 | AG22: 22.1668 | AH22: 23.29656 | AI22: 25.93915 | AJ22: 21.83406 | AL22: 224 | AM22: 6.89771 | AN22: 7.02738 | AO22: 6.93856 | AP22: 7.01452 | AQ22: 6.92074 | AR22: 7.00927 | AS22: 6.89007 | AT22: 7.01527 | AU22: 6.89466 | AV22: 7.02954
K23: 400 | L23: 25 | N23: 236 | O23: 95.7015 | P23: 96.23104 | Q23: 95.84678 | R23: 96.49035 | S23: 95.64216 | T23: 96.17953 | U23: 95.88194 | V23: 96.01752 | W23: 95.73085 | X23: 95.82696 | Z23: 236 | AA23: 17.83515 | AB23: 18.5604 | AC23: 17.48905 | AD23: 21.9005 | AE23: 24.73886 | AF23: 22.6736 | AG23: 21.14751 | AH23: 21.85411 | AI23: 24.60492 | AJ23: 20.41191 | AL23: 236 | AM23: 6.91875 | AN23: 7.04954 | AO23: 6.96094 | AP23: 7.03822 | AQ23: 6.94259 | AR23: 7.03087 | AS23: 6.9114 | AT23: 7.03747 | AU23: 6.91609 | AV23: 7.0524
K24: 500 | L24: 20 | N24: 250 | O24: 96.75818 | P24: 97.2944 | Q24: 96.86116 | R24: 97.53127 | S24: 96.61614 | T24: 97.21094 | U24: 96.98671 | V24: 97.05782 | W24: 96.83251 | X24: 96.86104 | Z24: 250 | AA24: 16.21307 | AB24: 17.15391 | AC24: 16.04231 | AD24: 20.08242 | AE24: 22.91534 | AF24: 21.08011 | AG24: 19.88048 | AH24: 20.16721 | AI24: 23.01697 | AJ24: 18.75568 | AL24: 250 | AM24: 6.94329 | AN24: 7.07482 | AO24: 6.98596 | AP24: 7.06491 | AQ24: 6.967 | AR24: 7.05649 | AS24: 6.9348 | AT24: 7.06407 | AU24: 6.93967 | AV24: 7.0794
K25: 600 | L25: 15 | N25: 265 | O25: 97.93228 | P25: 98.49104 | Q25: 98.00576 | R25: 98.71848 | S25: 97.72853 | T25: 98.39121 | U25: 98.19986 | V25: 98.23571 | W25: 98.03224 | X25: 98.04604 | Z25: 265 | AA25: 15.19126 | AB25: 15.85643 | AC25: 15.38348 | AD25: 18.47451 | AE25: 21.28566 | AF25: 19.56884 | AG25: 18.69513 | AH25: 18.48494 | AI25: 21.61012 | AJ25: 17.2534 | AL25: 265 | AM25: 6.96925 | AN25: 7.1021 | AO25: 7.01308 | AP25: 7.09294 | AQ25: 6.99371 | AR25: 7.08256 | AS25: 6.96036 | AT25: 7.0916 | AU25: 6.96605 | AV25: 7.10851
K26: 710 | L26: 12 | N26: 280 | O26: 99.1326 | P26: 99.70127 | Q26: 99.18578 | R26: 99.91931 | S26: 98.88218 | T26: 99.58743 | U26: 99.41954 | V26: 99.42268 | W26: 99.23237 | X26: 99.23506 | Z26: 280 | AA26: 14.11169 | AB26: 14.59798 | AC26: 14.75167 | AD26: 16.9721 | AE26: 19.61897 | AF26: 18.03776 | AG26: 17.42689 | AH26: 16.80669 | AI26: 20.168 | AJ26: 15.81051 | AL26: 280 | AM26: 6.99635 | AN26: 7.13092 | AO26: 7.04142 | AP26: 7.12252 | AQ26: 7.02107 | AR26: 7.11019 | AS26: 6.98716 | AT26: 7.12106 | AU26: 6.99283 | AV26: 7.13955
K27: 800 | L27: 10 | N27: 300 | O27: 100.39912 | P27: 100.99198 | Q27: 100.43207 | R27: 101.20479 | S27: 100.09915 | T27: 100.87083 | U27: 100.70094 | V27: 100.69461 | W27: 100.50302 | X27: 100.50765 | Z27: 300 | AA27: 12.7704 | AB27: 13.06458 | AC27: 14.03068 | AD27: 15.06805 | AE27: 17.50557 | AF27: 16.08271 | AG27: 15.84503 | AH27: 14.78678 | AI27: 18.27696 | AJ27: 14.0573 | AL27: 300 | AM27: 7.0322 | AN27: 7.17109 | AO27: 7.0805 | AP27: 7.16501 | AQ27: 7.05992 | AR27: 7.1508 | AS27: 7.02348 | AT27: 7.16175 | AU27: 7.03069 | AV27: 7.18399
K28: 900 | L28: 9 | N28: 315 | O28: 101.67768 | P28: 102.30121 | Q28: 101.69209 | R28: 102.50301 | S28: 101.32638 | T28: 102.17158 | U28: 102.00216 | V28: 101.99598 | W28: 101.79012 | X28: 101.80852 | Z28: 315 | AA28: 11.81657 | AB28: 12.09568 | AC28: 13.51995 | AD28: 13.77124 | AE28: 16.07159 | AF28: 14.72039 | AG28: 14.81151 | AH28: 13.55143 | AI28: 16.94641 | AJ28: 12.93644 | AL28: 315 | AM28: 7.06185 | AN28: 7.20376 | AO28: 7.11194 | AP28: 7.19913 | AQ28: 7.09194 | AR28: 7.18248 | AS28: 7.05429 | AT28: 7.1955 | AU28: 7.06024 | AV28: 7.22053
K29: 1000 | L29: 8 | N29: 335 | O29: 102.95788 | P29: 103.6044 | Q29: 102.95053 | R29: 103.79431 | S29: 102.55083 | T29: 103.46425 | U29: 103.30535 | V29: 103.2914 | W29: 103.08252 | X29: 103.10397 | Z29: 335 | AA29: 10.83935 | AB29: 11.01041 | AC29: 12.8599 | AD29: 12.26466 | AE29: 14.46397 | AF29: 13.09031 | AG29: 13.61459 | AH29: 12.14243 | AI29: 15.3449 | AJ29: 11.65429 | AL29: 335 | AM29: 7.10432 | AN29: 7.25025 | AO29: 7.15772 | AP29: 7.24987 | AQ29: 7.13797 | AR29: 7.22848 | AS29: 7.09731 | AT29: 7.24354 | AU29: 7.10436 | AV29: 7.27353
K30: 2000 | L30: 5 | N30: 355 | O30: 104.25795 | P30: 104.91825 | Q30: 104.22676 | R30: 105.08971 | S30: 103.77711 | T30: 104.76061 | U30: 104.63229 | V30: 104.59528 | W30: 104.39832 | X30: 104.40825 | Z30: 355 | AA30: 10.03922 | AB30: 10.16497 | AC30: 12.26654 | AD30: 11.02939 | AE30: 13.15952 | AF30: 11.67783 | AG30: 12.62536 | AH30: 10.98584 | AI30: 13.97066 | AJ30: 10.56291 | AL30: 355 | AM30: 7.15184 | AN30: 7.30343 | AO30: 7.20851 | AP30: 7.30772 | AQ30: 7.19038 | AR30: 7.28062 | AS30: 7.14639 | AT30: 7.29991 | AU30: 7.1546 | AV30: 7.33489
K31: 4500 | L31: 5 | N31: 375 | O31: 105.60523 | P31: 106.26366 | Q31: 105.53982 | R31: 106.40347 | S31: 105.03781 | T31: 106.08166 | U31: 106.00159 | V31: 105.93169 | W31: 105.75982 | X31: 105.74982 | Z31: 375 | AA31: 9.36533 | AB31: 9.53705 | AC31: 11.76603 | AD31: 10.08555 | AE31: 12.1433 | AF31: 10.53075 | AG31: 11.77169 | AH31: 10.07474 | AI31: 12.84533 | AJ31: 9.64913 | AL31: 375 | AM31: 7.2059 | AN31: 7.36512 | AO31: 7.26465 | AP31: 7.37443 | AQ31: 7.25108 | AR31: 7.34101 | AS31: 7.20175 | AT31: 7.36389 | AU31: 7.21192 | AV31: 7.40361
... K35: 14000 | L35: 5 | N35: 475 | O35: 110.6923 | P35: 111.29553 | Q35: 110.46813 | R35: 111.20195 | S35: 109.8168 | T35: 110.99475 | U35: 110.94327 | V35: 110.93897 | W35: 110.8639 | X35: 110.76518 | Z35: 475 | AA35: 7.51506 | AB35: 8.14017 | AC35: 9.76927 | AD35: 8.04462 | AE35: 9.47325 | AF35: 7.57405 | AG35: 8.99738 | AH35: 7.97955 | AI35: 9.62454 | AJ35: 7.42241 | AL35: 475 | AM35: 7.62077 | AN35: 7.817 | AO35: 7.67181 | AP35: 7.83839 | AQ35: 7.72714 | AR35: 7.78415 | AS35: 7.62959 | AT35: 7.85407 | AU35: 7.66757 | AV35: 7.89923
N36: 500 | O36: 111.85523 | P36: 112.43095 | Q36: 111.58566 | R36: 112.2776 | S36: 110.90143 | T36: 112.10754 | U36: 112.03169 | V36: 112.07589 | W36: 112.0251 | X36: 111.90785 | Z36: 500 | AA36: 7.05775 | AB36: 7.80622 | AC36: 9.13978 | AD36: 7.57929 | AE36: 8.85517 | AF36: 6.99916 | AG36: 8.41042 | AH36: 7.54127 | AI36: 8.8896 | AJ36: 6.98963 | AL36: 500 | AM36: 7.75861 | AN36: 7.94933 | AO36: 7.79739 | AP36: 7.96294 | AQ36: 7.87062 | AR36: 7.92916 | AS36: 7.77378 | AT36: 8.01511 | AU36: 7.8087 | AV36: 8.04622
N37: 530 | O37: 112.98473 | P37: 113.53517 | Q37: 112.66526 | R37: 113.33303 | S37: 111.92686 | T37: 113.19192 | U37: 113.14095 | V37: 113.1886 | W37: 113.16775 | X37: 113.04195 | Z37: 530 | AA37: 6.55521 | AB37: 7.38402 | AC37: 8.34 | AD37: 7.04407 | AE37: 8.16676 | AF37: 6.39778 | AG37: 7.75916 | AH37: 7.00157 | AI37: 8.0931 | AJ37: 6.50028 | AL37: 530 | AM37: 7.92731 | AN37: 8.0877 | AO37: 7.94571 | AP37: 8.11021 | AQ37: 8.02162 | AR37: 8.10373 | AS37: 7.95722 | AT37: 8.20938 | AU37: 7.95675 | AV37: 8.22223
N38: 560 | O38: 114.00183 | P38: 114.51632 | Q38: 113.63433 | R38: 114.28584 | S38: 112.87017 | T38: 114.16648 | U38: 114.16763 | V38: 114.18705 | W38: 114.19409 | X38: 114.0666 | Z38: 560 | AA38: 6.14458 | AB38: 7.03154 | AC38: 7.67499 | AD38: 6.59779 | AE38: 7.57244 | AF38: 5.93631 | AG38: 7.22701 | AH38: 6.55138 | AI38: 7.44943 | AJ38: 6.1064 | AL38: 560 | AM38: 8.07886 | AN38: 8.21473 | AO38: 8.07829 | AP38: 8.25248 | AQ38: 8.16952 | AR38: 8.26856 | AS38: 8.13003 | AT38: 8.3845 | AU38: 8.08969 | AV38: 8.3822
N39: 600 | O39: 114.92891 | P39: 115.40664 | Q39: 114.5333 | R39: 115.17578 | S39: 113.7937 | T39: 115.06529 | U39: 115.1404 | V39: 115.10451 | W39: 115.137 | X39: 115.02107 | Z39: 600 | AA39: 5.75426 | AB39: 6.65084 | AC39: 7.00039 | AD39: 6.10564 | AE39: 6.92498 | AF39: 5.50183 | AG39: 6.70145 | AH39: 6.07071 | AI39: 6.80197 | AJ39: 5.74317 | AL39: 600 | AM39: 8.24972 | AN39: 8.37274 | AO39: 8.21083 | AP39: 8.38746 | AQ39: 8.33978 | AR39: 8.44532 | AS39: 8.30288 | AT39: 8.54279 | AU39: 8.25333 | AV39: 8.53037
N40: 630 | O40: 115.72134 | P40: 116.16106 | Q40: 115.33749 | R40: 115.94587 | S40: 114.65859 | T40: 115.84394 | U40: 116.00152 | V40: 115.89446 | W40: 115.94806 | X40: 115.8526 | Z40: 630 | AA40: 5.52419 | AB40: 6.39424 | AC40: 6.58153 | AD40: 5.77257 | AE40: 6.4863 | AF40: 5.24051 | AG40: 6.38091 | AH40: 5.76126 | AI40: 6.39014 | AJ40: 5.53807 | AL40: 630 | AM40: 8.34485 | AN40: 8.45617 | AO40: 8.273 | AP40: 8.43904 | AQ40: 8.42548 | AR40: 8.52743 | AS40: 8.37648 | AT40: 8.59829 | AU40: 8.3446 | AV40: 8.58506
N41: 670 | O41: 116.38745 | P41: 116.80304 | Q41: 116.08341 | R41: 116.62083 | S41: 115.49727 | T41: 116.52437 | U41: 116.72366 | V41: 116.57623 | W41: 116.62558 | X41: 116.5741 | Z41: 670 | AA41: 5.1835 | AB41: 6.03686 | AC41: 6.03764 | AD41: 5.30291 | AE41: 5.86796 | AF41: 4.89356 | AG41: 5.97713 | AH41: 5.3435 | AI41: 5.82782 | AJ41: 5.26344 | AL41: 670 | AM41: 8.38155 | AN41: 8.48514 | AO41: 8.29001 | AP41: 8.42812 | AQ41: 8.42521 | AR41: 8.53702 | AS41: 8.37038 | AT41: 8.56309 | AU41: 8.36837 | AV41: 8.56525
N42: 710 | O42: 116.89411 | P42: 117.29374 | Q42: 116.71629 | R42: 117.14547 | S42: 116.2436 | T42: 117.05832 | U42: 117.25218 | V42: 117.11211 | W42: 117.13223 | X42: 117.13983 | Z42: 710 | AA42: 4.80608 | AB42: 5.62897 | AC42: 5.54786 | AD42: 4.83627 | AE42: 5.27752 | AF42: 4.55993 | AG42: 5.57069 | AH42: 4.93862 | AI42: 5.24866 | AJ42: 4.97034 | AL42: 710 | AM42: 8.32427 | AN42: 8.42316 | AO42: 8.23993 | AP42: 8.33509 | AQ42: 8.32427 | AR42: 8.4512 | AS42: 8.27335 | AT42: 8.44061 | AU42: 8.29395 | AV42: 8.45497
N43: 750 | O43: 117.24093 | P43: 117.62329 | Q43: 117.20035 | R43: 117.50886 | S43: 116.83319 | T43: 117.43045 | U43: 117.59644 | V43: 117.48526 | W43: 117.47406 | X43: 117.53833 | Z43: 750 | AA43: 4.44265 | AB43: 5.20792 | AC43: 5.11502 | AD43: 4.46599 | AE43: 4.79025 | AF43: 4.25165 | AG43: 5.18083 | AH43: 4.55936 | AI43: 4.76523 | AJ43: 4.67535 | AL43: 750 | AM43: 8.19314 | AN43: 8.2901 | AO43: 8.1348 | AP43: 8.18037 | AQ43: 8.15751 | AR43: 8.29988 | AS43: 8.12025 | AT43: 8.26383 | AU43: 8.15038 | AV43: 8.28351
N44: 800 | O44: 117.36632 | P44: 117.7242 | Q44: 117.4486 | R44: 117.63501 | S44: 117.16505 | T44: 117.56886 | U44: 117.69785 | V44: 117.62813 | W44: 117.58679 | X44: 117.69417 | Z44: 800 | AA44: 4.02764 | AB44: 4.70006 | AC44: 4.59348 | AD44: 4.10249 | AE44: 4.30345 | AF44: 3.90754 | AG44: 4.71355 | AH44: 4.11694 | AI44: 4.28884 | AJ44: 4.28652 | AL44: 800 | AM44: 7.98229 | AN44: 8.06677 | AO44: 7.94909 | AP44: 7.95277 | AQ44: 7.92177 | AR44: 8.06382 | AS44: 7.89817 | AT44: 8.01867 | AU44: 7.92666 | AV44: 8.03789
N45: 850 | O45: 117.29449 | P45: 117.62031 | Q45: 117.46281 | R45: 117.55016 | S45: 117.24443 | T45: 117.49384 | U45: 117.59502 | V45: 117.56145 | W45: 117.50111 | X45: 117.63457 | Z45: 850 | AA45: 3.72319 | AB45: 4.28267 | AC45: 4.20171 | AD45: 3.8074 | AE45: 3.92192 | AF45: 3.62367 | AG45: 4.31444 | AH45: 3.7472 | AI45: 3.92488 | AJ45: 3.95482 | AL45: 850 | AM45: 7.77172 | AN45: 7.84818 | AO45: 7.74951 | AP45: 7.7436 | AQ45: 7.70714 | AR45: 7.83893 | AS45: 7.69196 | AT45: 7.79396 | AU45: 7.71429 | AV45: 7.81373
N46: 900 | O46: 117.08696 | P46: 117.37831 | Q46: 117.30353 | R46: 117.32288 | S46: 117.14274 | T46: 117.27422 | U46: 117.36114 | V46: 117.35186 | W46: 117.2889 | X46: 117.42591 | Z46: 900 | AA46: 3.48056 | AB46: 3.94274 | AC46: 3.93322 | AD46: 3.55921 | AE46: 3.60835 | AF46: 3.3788 | AG46: 3.98465 | AH46: 3.45463 | AI46: 3.63657 | AJ46: 3.67996 | AL46: 900 | AM46: 7.5904 | AN46: 7.66314 | AO46: 7.57213 | AP46: 7.57312 | AQ46: 7.53213 | AR46: 7.64829 | AS46: 7.52089 | AT46: 7.61222 | AU46: 7.53626 | AV46: 7.63087
N47: 950 | O47: 116.81233 | P47: 117.05907 | Q47: 117.04533 | R47: 117.02258 | S47: 116.94635 | T47: 116.97641 | U47: 117.06396 | V47: 117.0563 | W47: 117.0157 | X47: 117.12781 | Z47: 950 | AA47: 3.23454 | AB47: 3.62261 | AC47: 3.65713 | AD47: 3.30096 | AE47: 3.31323 | AF47: 3.12133 | AG47: 3.65961 | AH47: 3.16796 | AI47: 3.35675 | AJ47: 3.40047 | AL47: 950 | AM47: 7.44422 | AN47: 7.51941 | AO47: 7.4323 | AP47: 7.44364 | AQ47: 7.39672 | AR47: 7.50293 | AS47: 7.38554 | AT47: 7.47358 | AU47: 7.39803 | AV47: 7.4917
... N94: 14000 | O94: 117.06791 | P94: 116.45873 | Q94: 116.24097 | R94: 115.36536 | S94: 116.60513 | T94: 116.45771 | U94: 116.8443 | V94: 116.78123 | W94: 116.96031 | X94: 116.3055 | Z94: 14000 | AA94: 0.14849 | AB94: 0.14238 | AC94: 0.14606 | AD94: 0.13914 | AE94: 0.15345 | AF94: 0.13795 | AG94: 0.15367 | AH94: 0.13901 | AI94: 0.15832 | AJ94: 0.14176 | AL94: 14000 | AM94: 11.13949 | AN94: 11.22355 | AO94: 11.10876 | AP94: 11.19263 | AQ94: 11.11343 | AR94: 11.19433 | AS94: 11.08471 | AT94: 11.19067 | AU94: 11.11823 | AV94: 11.21693
N95: 15000 | Z95: 15000 | AL95: 15000
N96: 16000 | Z96: 16000 | AL96: 16000
N97: 17000 | Z97: 17000 | AL97: 17000
N98: 18000 | Z98: 18000 | AL98: 18000
N99: 19000 | Z99: 19000 | AL99: 19000
N100: 20000 | Z100: 20000 | AL100: 20000
N102: SPL Average | O102: 116.06876 | P102: 116.31468 | Q102: 116.31889 | R102: 116.31784 | S102: 116.28546 | T102: 116.25625 | U102: 116.28812 | V102: 116.3206 | W102: 116.27093 | X102: 116.36526 | AL102: F0 | AM102: 646.04721 | AN102: 644.72805 | AO102: 660.4965 | AP102: 649.53298 | AQ102: 674.82893 | AR102: 647.94246 | AS102: 656.29104 | AT102: 657.90283 | AU102: 648.82303 | AV102: 663.04846

Sheet Temp and humid 80-80
N1: SPL RAW DATA | Z1: THD RAW DATA | AL1: IMPEDANCE RAW DATA
N2: SPL specification / | S2: SPK :117.4 dB±2dB Average of frequency 0.8, 1.0, 1.2k, 1.5k, 3.58V | Z2: THD Limit / | AE2: 100-212Hz 50%300Hz 35%, 400Hz 25%, 500Hz 20%,600Hz 15%, 710Hz 12%, 800Hz 10%, 900Hz 9%,1KHz 8%, 2K~4.5KHz 5%, 5KHz 8%, 6KHz 8%,7.1-14KHz 5% with 3.58V | AL2: Imp / F0 Limit / | AQ2: IMP:8 Ω ±15% at 2kHz, 3.58V , F0: 615 ± 120Hz at 3.58V
N3: Evalution standard / | S3: Deviation before test and after test is under ± 2db, and SPL Average value in limit / | Z3: Evalution standard / | AE3: THD value in limit / | AL3: Evalution standard / | AQ3: Value in limit /
N4: Test condition / | S4: Temperature: 80℃ ± 5℃, Humidity: 80% ± 5% Time : 48Hrs | Z4: Test condition / | AE4: Temperature: 80℃ ± 5℃, Humidity: 80% ± 5% Time : 48Hrs | AL4: Test condition / | AQ4: Temperature: 80℃ ± 5℃, Humidity: 80% ± 5% Time : 48Hrs
N5: Sample No | O5: #1 | Q5: #2 | S5: #3 | U5: #4 | W5: #5 | Z5: Sample No | AA5: #1 | AC5: #2 | AE5: #3 | AG5: #4 | AI5: #5 | AL5: Sample No | AM5: #1 | AO5: #2 | AQ5: #3 | AS5: #4 | AU5: #5
N6: Result | O6: OK | P6: OK | Q6: OK | R6: OK | S6: OK | T6: OK | U6: OK | V6: OK | W6: OK | X6: OK | AM6: OK | AN6: OK | AO6: OK | AP6: OK | AQ6: OK | AR6: OK | AS6: OK | AT6: OK | AU6: OK | AV6: OK
O7: Before #1 | P7: After #1 | Q7: Before #2 | R7: After #2 | S7: Before #3 | T7: After #3 | U7: Before #4 | V7: After #4 | W7: Before #5 | X7: After #5 | AA7: Before #1 | AB7: After #1 | AC7: Before #2 | AD7: After #2 | AE7: Before #3 | AF7: After #3 | AG7: Before #4 | AH7: After #4 | AI7: Before #5 | AJ7: After #5 | AM7: Before #1 | AN7: After #1 | AO7: Before #2 | AP7: After #2 | AQ7: Before #3 | AR7: After #3 | AS7: Before #4 | AT7: After #4 | AU7: Before #5 | AV7: After #5
N8: 100 | O8: 78.98888 | P8: 78.90842 | Q8: 79.32623 | R8: 79.11903 | S8: 79.3328 | T8: 79.14921 | U8: 78.63066 | V8: 79.0918 | W8: 78.73214 | X8: 79.03436 | Z8: 100 | AA8: 20.93135 | AB8: 22.27565 | AC8: 22.09387 | AD8: 22.75693 | AE8: 19.61488 | AF8: 24.06321 | AG8: 20.38741 | AH8: 24.55303 | AI8: 21.66092 | AJ8: 21.5597 | AL8: 100 | AM8: 6.42635 | AN8: 6.53257 | AO8: 6.39598 | AP8: 6.56008 | AQ8: 6.40114 | AR8: 6.53107 | AS8: 6.46715 | AT8: 6.50707 | AU8: 6.39761 | AV8: 6.51602
N9: 106 | O9: 79.39866 | P9: 79.33308 | Q9: 79.75002 | R9: 79.49331 | S9: 79.75972 | T9: 79.54455 | U9: 79.04375 | V9: 79.53464 | W9: 79.16774 | X9: 79.4415 | Z9: 106 | AA9: 21.09362 | AB9: 22.29775 | AC9: 22.36238 | AD9: 22.93957 | AE9: 19.74176 | AF9: 24.20701 | AG9: 20.54813 | AH9: 24.74509 | AI9: 21.87274 | AJ9: 21.72821 | AL9: 106 | AM9: 6.4943 | AN9: 6.59949 | AO9: 6.46413 | AP9: 6.62827 | AQ9: 6.46751 | AR9: 6.59679 | AS9: 6.53378 | AT9: 6.57152 | AU9: 6.46641 | AV9: 6.58355
N10: 112 | O10: 79.92389 | P10: 79.837 | Q10: 80.2519 | R10: 79.9755 | S10: 80.25316 | T10: 80.05371 | U10: 79.54602 | V10: 80.02747 | W10: 79.65722 | X10: 79.94189 | Z10: 112 | AA10: 21.19315 | AB10: 22.35046 | AC10: 22.61274 | AD10: 23.08955 | AE10: 19.88511 | AF10: 24.35685 | AG10: 20.67314 | AH10: 24.88049 | AI10: 22.22293 | AJ10: 21.89094 | AL10: 112 | AM10: 6.54675 | AN10: 6.6526 | AO10: 6.51593 | AP10: 6.68334 | AQ10: 6.51927 | AR10: 6.65001 | AS10: 6.58758 | AT10: 6.62547 | AU10: 6.5202 | AV10: 6.63554
N11: 118 | O11: 80.82752 | P11: 80.77945 | Q11: 81.15675 | R11: 80.84147 | S11: 81.16174 | T11: 80.96267 | U11: 80.45816 | V11: 80.94514 | W11: 80.57664 | X11: 80.87589 | Z11: 118 | AA11: 21.35102 | AB11: 22.43805 | AC11: 22.88605 | AD11: 23.25153 | AE11: 20.06197 | AF11: 24.53171 | AG11: 20.87088 | AH11: 25.07627 | AI11: 22.47379 | AJ11: 22.06689 | AL11: 118 | AM11: 6.59098 | AN11: 6.6958 | AO11: 6.56014 | AP11: 6.72793 | AQ11: 6.56247 | AR11: 6.69401 | AS11: 6.63287 | AT11: 6.66989 | AU11: 6.56438 | AV11: 6.67973
N12: 125 | O12: 81.8583 | P12: 81.8197 | Q12: 82.20892 | R12: 81.84592 | S12: 82.18148 | T12: 81.97518 | U12: 81.48789 | V12: 81.9541 | W12: 81.62806 | X12: 81.87955 | Z12: 125 | AA12: 21.54798 | AB12: 22.53396 | AC12: 23.22304 | AD12: 23.41915 | AE12: 20.262 | AF12: 24.71663 | AG12: 21.11821 | AH12: 25.21999 | AI12: 22.76596 | AJ12: 22.28897 | AL12: 125 | AM12: 6.63354 | AN12: 6.73856 | AO12: 6.6039 | AP12: 6.77112 | AQ12: 6.60578 | AR12: 6.73804 | AS12: 6.67524 | AT12: 6.71308 | AU12: 6.60764 | AV12: 6.72374
N13: 132 | O13: 82.98932 | P13: 82.94394 | Q13: 83.35286 | R13: 82.95105 | S13: 83.31207 | T13: 83.08306 | U13: 82.60947 | V13: 83.04596 | W13: 82.76321 | X13: 82.99519 | Z13: 132 | AA13: 22.0169 | AB13: 22.78878 | AC13: 23.91475 | AD13: 23.7972 | AE13: 20.69724 | AF13: 25.17782 | AG13: 21.6197 | AH13: 25.64595 | AI13: 23.41995 | AJ13: 22.72756 | AL13: 132 | AM13: 6.67008 | AN13: 6.77496 | AO13: 6.63996 | AP13: 6.80715 | AQ13: 6.64155 | AR13: 6.77466 | AS13: 6.71197 | AT13: 6.74897 | AU13: 6.64396 | AV13: 6.7599
N14: 140 | O14: 84.20038 | P14: 84.17472 | Q14: 84.56286 | R14: 84.20349 | S14: 84.51431 | T14: 84.31838 | U14: 83.82125 | V14: 84.24185 | W14: 83.96305 | X14: 84.23697 | Z14: 140 | AA14: 22.58953 | AB14: 23.08551 | AC14: 24.72782 | AD14: 24.24145 | AE14: 21.2622 | AF14: 25.68217 | AG14: 22.26905 | AH14: 26.00435 | AI14: 24.1688 | AJ14: 23.24851 | AL14: 140 | AM14: 6.70532 | AN14: 6.8098 | AO14: 6.67538 | AP14: 6.84311 | AQ14: 6.67643 | AR14: 6.80929 | AS14: 6.74884 | AT14: 6.78458 | AU14: 6.67908 | AV14: 6.79572
N15: 150 | O15: 85.41677 | P15: 85.45437 | Q15: 85.78511 | R15: 85.50942 | S15: 85.72963 | T15: 85.58816 | U15: 85.02374 | V15: 85.50019 | W15: 85.18623 | X15: 85.53807 | Z15: 150 | AA15: 23.07599 | AB15: 23.26445 | AC15: 25.49835 | AD15: 24.55785 | AE15: 21.85946 | AF15: 26.00578 | AG15: 22.91595 | AH15: 26.07609 | AI15: 24.96038 | AJ15: 23.73738 | AL15: 150 | AM15: 6.74247 | AN15: 6.84743 | AO15: 6.71467 | AP15: 6.88218 | AQ15: 6.71502 | AR15: 6.84771 | AS15: 6.78741 | AT15: 6.82305 | AU15: 6.71746 | AV15: 6.83408
N16: 160 | O16: 86.65319 | P16: 86.75905 | Q16: 87.01648 | R16: 86.88548 | S16: 86.95642 | T16: 86.91099 | U16: 86.23912 | V16: 86.77659 | W16: 86.41206 | X16: 86.89504 | Z16: 160 | AA16: 23.17146 | AB16: 23.17992 | AC16: 25.82457 | AD16: 24.55413 | AE16: 22.11415 | AF16: 25.94442 | AG16: 23.23022 | AH16: 25.67477 | AI16: 25.34249 | AJ16: 23.89255 | AL16: 160 | AM16: 6.77556 | AN16: 6.88053 | AO16: 6.74802 | AP16: 6.91533 | AQ16: 6.74827 | AR16: 6.8809 | AS16: 6.81987 | AT16: 6.85625 | AU16: 6.75032 | AV16: 6.86734
N17: 170 | O17: 87.99125 | P17: 88.18898 | Q17: 88.35462 | R17: 88.40807 | S17: 88.29012 | T17: 88.35767 | U17: 87.57703 | V17: 88.12992 | W17: 87.74086 | X17: 88.36569 | Z17: 170 | AA17: 23.25918 | AB17: 23.05118 | AC17: 26.13338 | AD17: 24.47855 | AE17: 22.50312 | AF17: 25.89298 | AG17: 23.63036 | AH17: 25.32267 | AI17: 25.7338 | AJ17: 23.94823 | AL17: 170 | AM17: 6.80417 | AN17: 6.90983 | AO17: 6.77746 | AP17: 6.94489 | AQ17: 6.77635 | AR17: 6.91028 | AS17: 6.84838 | AT17: 6.88484 | AU17: 6.77918 | AV17: 6.89709
N18: 180 | O18: 89.48285 | P18: 89.75625 | Q18: 89.87994 | R18: 90.06488 | S18: 89.79933 | T18: 89.93591 | U18: 89.09529 | V18: 89.60654 | W18: 89.27134 | X18: 89.94258 | Z18: 180 | AA18: 23.19004 | AB18: 22.77594 | AC18: 26.30866 | AD18: 24.29208 | AE18: 22.83547 | AF18: 25.82076 | AG18: 23.97637 | AH18: 24.89923 | AI18: 25.95067 | AJ18: 23.87687 | AL18: 180 | AM18: 6.8291 | AN18: 6.93538 | AO18: 6.80228 | AP18: 6.97154 | AQ18: 6.80142 | AR18: 6.9359 | AS18: 6.87266 | AT18: 6.91028 | AU18: 6.80428 | AV18: 6.92262
L19: Limit | N19: 190 | O19: 90.87043 | P19: 91.2049 | Q19: 91.26992 | R19: 91.52225 | S19: 91.17974 | T19: 91.40258 | U19: 90.47265 | V19: 91.02501 | W19: 90.65656 | X19: 91.39064 | Z19: 190 | AA19: 22.93248 | AB19: 22.26505 | AC19: 26.30032 | AD19: 23.8915 | AE19: 22.97315 | AF19: 25.58564 | AG19: 24.15867 | AH19: 24.33246 | AI19: 25.86683 | AJ19: 23.5562 | AL19: 190 | AM19: 6.85127 | AN19: 6.9587 | AO19: 6.82551 | AP19: 6.99566 | AQ19: 6.82456 | AR19: 6.95857 | AS19: 6.89537 | AT19: 6.93431 | AU19: 6.82691 | AV19: 6.9458
K20: 100 | L20: 50 | N20: 200 | O20: 92.17379 | P20: 92.51305 | Q20: 92.57837 | R20: 92.82501 | S20: 92.48501 | T20: 92.72405 | U20: 91.77812 | V20: 92.32757 | W20: 91.96381 | X20: 92.688 | Z20: 200 | AA20: 22.46475 | AB20: 21.56821 | AC20: 26.1268 | AD20: 23.2756 | AE20: 22.84236 | AF20: 25.16184 | AG20: 24.05504 | AH20: 23.55315 | AI20: 25.61254 | AJ20: 23.0185 | AL20: 200 | AM20: 6.87229 | AN20: 6.97983 | AO20: 6.84733 | AP20: 7.01774 | AQ20: 6.84594 | AR20: 6.97961 | AS20: 6.91674 | AT20: 6.9565 | AU20: 6.84736 | AV20: 6.9685
K21: 212 | L21: 50 | N21: 212 | O21: 93.41461 | P21: 93.73582 | Q21: 93.80664 | R21: 94.02052 | S21: 93.71661 | T21: 93.96539 | U21: 93.00961 | V21: 93.56494 | W21: 93.19038 | X21: 93.89335 | Z21: 212 | AA21: 21.739 | AB21: 20.56903 | AC21: 25.77018 | AD21: 22.29577 | AE21: 22.34605 | AF21: 24.35757 | AG21: 23.56361 | AH21: 22.46073 | AI21: 25.07511 | AJ21: 22.13399 | AL21: 212 | AM21: 6.89564 | AN21: 7.0051 | AO21: 6.87137 | AP21: 7.04193 | AQ21: 6.86826 | AR21: 7.00391 | AS21: 6.94046 | AT21: 6.98077 | AU21: 6.87071 | AV21: 6.9937
K22: 300 | L22: 35 | N22: 224 | O22: 94.58133 | P22: 94.83544 | Q22: 94.96412 | R22: 95.09504 | S22: 94.88463 | T22: 95.09213 | U22: 94.16706 | V22: 94.72399 | W22: 94.3404 | X22: 94.99684 | Z22: 224 | AA22: 20.91531 | AB22: 19.44766 | AC22: 25.30127 | AD22: 21.11352 | AE22: 21.51791 | AF22: 23.25168 | AG22: 22.74506 | AH22: 21.2204 | AI22: 24.32026 | AJ22: 21.07718 | AL22: 224 | AM22: 6.9184 | AN22: 7.02807 | AO22: 6.89338 | AP22: 7.06545 | AQ22: 6.88994 | AR22: 7.02628 | AS22: 6.9621 | AT22: 7.00418 | AU22: 6.8932 | AV22: 7.01712
K23: 400 | L23: 25 | N23: 236 | O23: 95.66371 | P23: 95.83998 | Q23: 96.02331 | R23: 96.07161 | S23: 95.95407 | T23: 96.11569 | U23: 95.22063 | V23: 95.78266 | W23: 95.39333 | X23: 96.01618 | Z23: 236 | AA23: 19.91487 | AB23: 18.17643 | AC23: 24.68151 | AD23: 19.72117 | AE23: 20.35326 | AF23: 21.84748 | AG23: 21.55642 | AH23: 19.81425 | AI23: 23.33959 | AJ23: 19.79483 | AL23: 236 | AM23: 6.93998 | AN23: 7.05033 | AO23: 6.9142 | AP23: 7.08806 | AQ23: 6.91053 | AR23: 7.04906 | AS23: 6.98314 | AT23: 7.02597 | AU23: 6.91565 | AV23: 7.04024
K24: 500 | L24: 20 | N24: 250 | O24: 96.76289 | P24: 96.86008 | Q24: 97.11156 | R24: 97.09403 | S24: 97.0517 | T24: 97.1486 | U24: 96.30736 | V24: 96.82673 | W24: 96.48025 | X24: 97.05929 | Z24: 250 | AA24: 18.7221 | AB24: 16.71544 | AC24: 23.92589 | AD24: 18.08973 | AE24: 18.88042 | AF24: 20.182 | AG24: 20.03222 | AH24: 18.26767 | AI24: 22.0949 | AJ24: 18.23914 | AL24: 250 | AM24: 6.96521 | AN24: 7.07697 | AO24: 6.93814 | AP24: 7.11458 | AQ24: 6.93281 | AR24: 7.07487 | AS24: 7.00701 | AT24: 7.05136 | AU24: 6.9407 | AV24: 7.06659
K25: 600 | L25: 15 | N25: 265 | O25: 97.97399 | P25: 98.02739 | Q25: 98.31012 | R25: 98.26789 | S25: 98.25602 | T25: 98.33551 | U25: 97.50298 | V25: 98.00569 | W25: 97.67446 | X25: 98.25879 | Z25: 265 | AA25: 17.69038 | AB25: 15.35916 | AC25: 23.34624 | AD25: 16.51868 | AE25: 17.47685 | AF25: 18.61963 | AG25: 18.58461 | AH25: 16.89781 | AI25: 20.94896 | AJ25: 16.75676 | AL25: 265 | AM25: 6.99212 | AN25: 7.10651 | AO25: 6.96573 | AP25: 7.14194 | AQ25: 6.95692 | AR25: 7.10245 | AS25: 7.03176 | AT25: 7.07891 | AU25: 6.9679 | AV25: 7.09392
K26: 710 | L26: 12 | N26: 280 | O26: 99.18491 | P26: 99.2093 | Q26: 99.5183 | R26: 99.45968 | S26: 99.46387 | T26: 99.53291 | U26: 98.70331 | V26: 99.19381 | W26: 98.87687 | X26: 99.46962 | Z26: 280 | AA26: 16.61365 | AB26: 14.0758 | AC26: 22.60614 | AD26: 15.03413 | AE26: 15.9536 | AF26: 17.07667 | AG26: 17.03009 | AH26: 15.53421 | AI26: 19.71503 | AJ26: 15.34812 | AL26: 280 | AM26: 7.01933 | AN26: 7.13693 | AO26: 6.99291 | AP26: 7.17152 | AQ26: 6.98154 | AR26: 7.13076 | AS26: 7.05744 | AT26: 7.1065 | AU26: 6.9952 | AV26: 7.12275
K27: 800 | L27: 10 | N27: 300 | O27: 100.46286 | P27: 100.4804 | Q27: 100.79452 | R27: 100.73447 | S27: 100.73775 | T27: 100.81697 | U27: 99.96724 | V27: 100.46317 | W27: 100.14538 | X27: 100.76747 | Z27: 300 | AA27: 15.33006 | AB27: 12.56943 | AC27: 21.56328 | AD27: 13.19992 | AE27: 13.95735 | AF27: 15.08615 | AG27: 15.0151 | AH27: 13.84458 | AI27: 18.14264 | AJ27: 13.62394 | AL27: 300 | AM27: 7.05835 | AN27: 7.17833 | AO27: 7.03062 | AP27: 7.21114 | AQ27: 7.01464 | AR27: 7.16834 | AS27: 7.09364 | AT27: 7.14698 | AU27: 7.03367 | AV27: 7.16306
K28: 900 | L28: 9 | N28: 315 | O28: 101.76527 | P28: 101.76954 | Q28: 102.08859 | R28: 102.02891 | S28: 102.03251 | T28: 102.12565 | U28: 101.2533 | V28: 101.76235 | W28: 101.42952 | X28: 102.08394 | Z28: 315 | AA28: 14.50431 | AB28: 11.67481 | AC28: 20.78223 | AD28: 12.04174 | AE28: 12.58623 | AF28: 13.72231 | AG28: 13.62357 | AH28: 12.73716 | AI28: 17.07783 | AJ28: 12.5527 | AL28: 315 | AM28: 7.08884 | AN28: 7.21108 | AO28: 7.0613 | AP28: 7.2433 | AQ28: 7.04138 | AR28: 7.19928 | AS28: 7.12207 | AT28: 7.1789 | AU28: 7.06469 | AV28: 7.19574
K29: 1000 | L29: 8 | N29: 335 | O29: 103.06684 | P29: 103.04941 | Q29: 103.38324 | R29: 103.31866 | S29: 103.32355 | T29: 103.42692 | U29: 102.54405 | V29: 103.0574 | W29: 102.71683 | X29: 103.39371 | Z29: 335 | AA29: 13.54505 | AB29: 10.71497 | AC29: 19.70929 | AD29: 10.76242 | AE29: 11.07231 | AF29: 12.11539 | AG29: 12.04635 | AH29: 11.52153 | AI29: 15.81509 | AJ29: 11.38986 | AL29: 335 | AM29: 7.13516 | AN29: 7.26065 | AO29: 7.10668 | AP29: 7.29062 | AQ29: 7.0802 | AR29: 7.24514 | AS29: 7.1636 | AT29: 7.22583 | AU29: 7.1105 | AV29: 7.24394
K30: 2000 | L30: 5 | N30: 355 | O30: 104.39252 | P30: 104.3305 | Q30: 104.69934 | R30: 104.61496 | S30: 104.63625 | T30: 104.73062 | U30: 103.86252 | V30: 104.36217 | W30: 104.02754 | X30: 104.70931 | Z30: 355 | AA30: 12.6251 | AB30: 9.93375 | AC30: 18.54751 | AD30: 9.77123 | AE30: 9.88883 | AF30: 10.82318 | AG30: 10.79225 | AH30: 10.57914 | AI30: 14.65155 | AJ30: 10.45147 | AL30: 355 | AM30: 7.18752 | AN30: 7.31653 | AO30: 7.15866 | AP30: 7.34496 | AQ30: 7.12311 | AR30: 7.29598 | AS30: 7.21054 | AT30: 7.2788 | AU30: 7.16231 | AV30: 7.29767
K31: 4500 | L31: 5 | N31: 375 | O31: 105.76305 | P31: 105.64271 | Q31: 106.05544 | R31: 105.94569 | S31: 105.99447 | T31: 106.05863 | U31: 105.23268 | V31: 105.69973 | W31: 105.38532 | X31: 106.05605 | Z31: 375 | AA31: 11.72438 | AB31: 9.26269 | AC31: 17.32236 | AD31: 8.99953 | AE31: 8.98606 | AF31: 9.83018 | AG31: 9.82021 | AH31: 9.85582 | AI31: 13.56283 | AJ31: 9.70634 | AL31: 375 | AM31: 7.24752 | AN31: 7.38022 | AO31: 7.21651 | AP31: 7.40566 | AQ31: 7.17174 | AR31: 7.3535 | AS31: 7.26263 | AT31: 7.33668 | AU31: 7.22268 | AV31: 7.3592
... K35: 14000 | L35: 5 | N35: 475 | O35: 110.72017 | P35: 110.61532 | Q35: 111.06165 | R35: 110.97443 | S35: 111.07218 | T35: 110.80305 | U35: 110.4831 | V35: 110.72638 | W35: 110.50816 | X35: 110.81317 | Z35: 475 | AA35: 8.75964 | AB35: 7.44257 | AC35: 12.22619 | AD35: 7.07393 | AE35: 7.08609 | AF35: 7.59886 | AG35: 7.77175 | AH35: 8.30565 | AI35: 9.85735 | AJ35: 8.03339 | AL35: 475 | AM35: 7.69897 | AN35: 7.84639 | AO35: 7.66683 | AP35: 7.86878 | AQ35: 7.55393 | AR35: 7.79478 | AS35: 7.66466 | AT35: 7.76534 | AU35: 7.67706 | AV35: 7.82465
N36: 500 | O36: 111.79665 | P36: 111.74513 | Q36: 112.20198 | R36: 112.11618 | S36: 112.22539 | T36: 111.80206 | U36: 111.71178 | V36: 111.86932 | W36: 111.68227 | X36: 111.8264 | Z36: 500 | AA36: 8.17212 | AB36: 7.05899 | AC36: 11.1799 | AD36: 6.72267 | AE36: 6.73336 | AF36: 7.17686 | AG36: 7.38476 | AH36: 7.93456 | AI36: 9.12711 | AJ36: 7.68341 | AL36: 500 | AM36: 7.84844 | AN36: 7.99402 | AO36: 7.81554 | AP36: 8.01931 | AQ36: 7.69021 | AR36: 7.93906 | AS36: 7.80321 | AT36: 7.90447 | AU36: 7.82365 | AV36: 7.97672
N37: 530 | O37: 112.89561 | P37: 112.84942 | Q37: 113.32756 | R37: 113.23697 | S37: 113.35386 | T37: 112.82193 | U37: 112.94456 | V37: 112.99214 | W37: 112.85542 | X37: 112.86443 | Z37: 530 | AA37: 7.54882 | AB37: 6.59236 | AC37: 10.07002 | AD37: 6.31213 | AE37: 6.33188 | AF37: 6.70343 | AG37: 6.92983 | AH37: 7.46665 | AI37: 8.3346 | AJ37: 7.25048 | AL37: 530 | AM37: 8.03726 | AN37: 8.17306 | AO37: 7.99869 | AP37: 8.2045 | AQ37: 7.87277 | AR37: 8.11584 | AS37: 7.98021 | AT37: 8.07321 | AU37: 8.00795 | AV37: 8.16259
N38: 560 | O38: 113.91866 | P38: 113.84614 | Q38: 114.33935 | R38: 114.24935 | S38: 114.36927 | T38: 113.77464 | U38: 114.06636 | V38: 113.99843 | W38: 113.92926 | X38: 113.83624 | Z38: 560 | AA38: 7.03406 | AB38: 6.20755 | AC38: 9.15802 | AD38: 5.99147 | AE38: 5.97357 | AF38: 6.33268 | AG38: 6.55253 | AH38: 7.02115 | AI38: 7.69076 | AJ38: 6.87896 | AL38: 560 | AM38: 8.21715 | AN38: 8.33717 | AO38: 8.17296 | AP38: 8.37773 | AQ38: 8.05497 | AR38: 8.28681 | AS38: 8.1517 | AT38: 8.22883 | AU38: 8.18207 | AV38: 8.33087
N39: 600 | O39: 114.90209 | P39: 114.78277 | Q39: 115.26473 | R39: 115.19552 | S39: 115.29725 | T39: 114.70507 | U39: 115.11425 | V39: 114.92335 | W39: 114.93918 | X39: 114.78097 | Z39: 600 | AA39: 6.57625 | AB39: 5.82894 | AC39: 8.229 | AD39: 5.65328 | AE39: 5.60273 | AF39: 5.97237 | AG39: 6.16851 | AH39: 6.5129 | AI39: 7.05662 | AJ39: 6.49122 | AL39: 600 | AM39: 8.38562 | AN39: 8.49133 | AO39: 8.33602 | AP39: 8.54849 | AQ39: 8.27029 | AR39: 8.46949 | AS39: 8.34567 | AT39: 8.38834 | AU39: 8.34594 | AV39: 8.50454
N40: 630 | O40: 115.78892 | P40: 115.61368 | Q40: 116.05649 | R40: 116.02609 | S40: 116.08629 | T40: 115.57103 | U40: 116.02739 | V40: 115.71823 | W40: 115.82569 | X40: 115.64587 | Z40: 630 | AA40: 6.30836 | AB40: 5.58228 | AC40: 7.67244 | AD40: 5.44761 | AE40: 5.3762 | AF40: 5.75042 | AG40: 5.92854 | AH40: 6.14843 | AI40: 6.69408 | AJ40: 6.22678 | AL40: 630 | AM40: 8.44871 | AN40: 8.55382 | AO40: 8.40143 | AP40: 8.61818 | AQ40: 8.389 | AR40: 8.55474 | AS40: 8.44978 | AT40: 8.46832 | AU40: 8.41181 | AV40: 8.58629
N41: 670 | O41: 116.55036 | P41: 116.3583 | Q41: 116.70817 | R41: 116.7638 | S41: 116.74173 | T41: 116.36035 | U41: 116.79651 | V41: 116.40065 | W41: 116.58395 | X41: 116.41396 | Z41: 670 | AA41: 5.94163 | AB41: 5.27618 | AC41: 6.99064 | AD41: 5.17566 | AE41: 5.05129 | AF41: 5.44429 | AG41: 5.58909 | AH41: 5.61476 | AI41: 6.23454 | AJ41: 5.82944 | AL41: 670 | AM41: 8.42162 | AN41: 8.53857 | AO41: 8.38008 | AP41: 8.61074 | AQ41: 8.44097 | AR41: 8.56886 | AS41: 8.49369 | AT41: 8.49866 | AU41: 8.39117 | AV41: 8.60397
N42: 710 | O42: 117.12608 | P42: 116.95843 | Q42: 117.18606 | R42: 117.34427 | S42: 117.22684 | T42: 116.98389 | U42: 117.37336 | V42: 116.93506 | W42: 117.16582 | X42: 117.01275 | Z42: 710 | AA42: 5.53503 | AB42: 4.9402 | AC42: 6.34325 | AD42: 4.89913 | AE42: 4.69628 | AF42: 5.12053 | AG42: 5.221 | AH42: 5.07717 | AI42: 5.77503 | AJ42: 5.40587 | AL42: 710 | AM42: 8.3062 | AN42: 8.44341 | AO42: 8.26778 | AP42: 8.51479 | AQ42: 8.37718 | AR42: 8.4871 | AS42: 8.43176 | AT42: 8.44283 | AU42: 8.27785 | AV42: 8.52138
N43: 750 | O43: 117.51657 | P43: 117.3935 | Q43: 117.49957 | R43: 117.75039 | S43: 117.54523 | T43: 117.42445 | U43: 117.76404 | V43: 117.31528 | W43: 117.57087 | X43: 117.43062 | Z43: 750 | AA43: 5.12651 | AB43: 4.61894 | AC43: 5.74523 | AD43: 4.62441 | AE43: 4.34861 | AF43: 4.80423 | AG43: 4.85893 | AH43: 4.59057 | AI43: 5.34957 | AJ43: 5.00122 | AL43: 750 | AM43: 8.13428 | AN43: 8.28625 | AO43: 8.10253 | AP43: 8.35681 | AQ43: 8.22948 | AR43: 8.34183 | AS43: 8.2939 | AT43: 8.30963 | AU43: 8.11227 | AV43: 8.36215
N44: 800 | O44: 117.65913 | P44: 117.58236 | Q44: 117.59135 | R44: 117.90608 | S44: 117.63896 | T44: 117.60728 | U44: 117.90157 | V44: 117.46956 | W44: 117.73185 | X44: 117.59527 | Z44: 800 | AA44: 4.62848 | AB44: 4.21102 | AC44: 5.06182 | AD44: 4.25258 | AE44: 3.93414 | AF44: 4.41069 | AG44: 4.43014 | AH44: 4.06186 | AI44: 4.83539 | AJ44: 4.51492 | AL44: 800 | AM44: 7.90475 | AN44: 8.05091 | AO44: 7.87587 | AP44: 8.1226 | AQ44: 7.99134 | AR44: 8.10877 | AS44: 8.06933 | AT44: 8.08858 | AU44: 7.88307 | AV44: 8.10713
N45: 850 | O45: 117.58923 | P45: 117.54456 | Q45: 117.48877 | R45: 117.8367 | S45: 117.54113 | T45: 117.55876 | U45: 117.82074 | V45: 117.41855 | W45: 117.68222 | X45: 117.53463 | Z45: 850 | AA45: 4.20213 | AB45: 3.87135 | AC45: 4.51044 | AD45: 3.91104 | AE45: 3.58771 | AF45: 4.07091 | AG45: 4.05541 | AH45: 3.64462 | AI45: 4.39118 | AJ45: 4.11198 | AL45: 850 | AM45: 7.69584 | AN45: 7.83078 | AO45: 7.67066 | AP45: 7.89701 | AQ45: 7.76168 | AR45: 7.88171 | AS45: 7.8494 | AT45: 7.8674 | AU45: 7.67626 | AV45: 7.86305
N46: 900 | O46: 117.38609 | P46: 117.35621 | Q46: 117.26561 | R46: 117.61089 | S46: 117.31943 | T46: 117.35087 | U46: 117.59928 | V46: 117.22753 | W46: 117.49557 | X46: 117.31759 | Z46: 900 | AA46: 3.84501 | AB46: 3.59363 | AC46: 4.07876 | AD46: 3.62186 | AE46: 3.30936 | AF46: 3.78761 | AG46: 3.75554 | AH46: 3.31858 | AI46: 4.02939 | AJ46: 3.78877 | AL46: 900 | AM46: 7.52663 | AN46: 7.6494 | AO46: 7.50163 | AP46: 7.70912 | AQ46: 7.57019 | AR46: 7.68922 | AS46: 7.66066 | AT46: 7.67777 | AU46: 7.50522 | AV46: 7.66402
N47: 950 | O47: 117.11008 | P47: 117.08441 | Q47: 116.98518 | R47: 117.30256 | S47: 117.03909 | T47: 117.05558 | U47: 117.3029 | V47: 116.95013 | W47: 117.23388 | X47: 117.01226 | Z47: 950 | AA47: 3.52423 | AB47: 3.31482 | AC47: 3.69203 | AD47: 3.33624 | AE47: 3.05059 | AF47: 3.50162 | AG47: 3.46471 | AH47: 3.0325 | AI47: 3.69191 | AJ47: 3.48019 | AL47: 950 | AM47: 7.39547 | AN47: 7.50909 | AO47: 7.36959 | AP47: 7.56257 | AQ47: 7.42027 | AR47: 7.54057 | AS47: 7.51054 | AT47: 7.5299 | AU47: 7.37246 | AV47: 7.51168
... N94: 14000 | O94: 117.70427 | P94: 116.6307 | Q94: 117.53977 | R94: 116.35614 | S94: 116.98814 | T94: 116.30629 | U94: 116.52363 | V94: 116.37123 | W94: 116.8325 | X94: 115.94072 | Z94: 14000 | AA94: 0.15523 | AB94: 0.14552 | AC94: 0.15278 | AD94: 0.14306 | AE94: 0.15522 | AF94: 0.1403 | AG94: 0.15445 | AH94: 0.14856 | AI94: 0.15068 | AJ94: 0.14262 | AL94: 14000 | AM94: 11.14148 | AN94: 11.20611 | AO94: 11.10781 | AP94: 11.26544 | AQ94: 11.11883 | AR94: 11.21008 | AS94: 11.17809 | AT94: 11.19842 | AU94: 11.07932 | AV94: 11.1935
N95: 15000 | Z95: 15000 | AL95: 15000
N96: 16000 | Z96: 16000 | AL96: 16000
N97: 17000 | Z97: 17000 | AL97: 17000
N98: 18000 | Z98: 18000 | AL98: 18000
N99: 19000 | Z99: 19000 | AL99: 19000
N100: 20000 | Z100: 20000 | AL100: 20000
N102: SPL Average | O102: 116.31646 | P102: 116.36577 | Q102: 116.27041 | R102: 116.56352 | S102: 116.2998 | T102: 116.29691 | U102: 116.48109 | V102: 116.21256 | W102: 116.44965 | X102: 116.23404 | AL102: F0 | AM102: 659.72258 | AN102: 655.39545 | AO102: 646.17918 | AP102: 661.41954 | AQ102: 647.47008 | AR102: 650.73683 | AS102: 666.09754 | AT102: 658.09404 | AU102: 663.76691 | AV102: 654.85427

Sheet Shock temp
N1: SPL RAW DATA | Z1: THD RAW DATA | AL1: IMPEDANCE RAW DATA
N2: SPL specification / | S2: SPK :117.4 dB±2dB Average of frequency 0.8, 1.0, 1.2k, 1.5k, 3.58V | Z2: THD Limit / | AE2: 100-212Hz 50%300Hz 35%, 400Hz 25%, 500Hz 20%,600Hz 15%, 710Hz 12%, 800Hz 10%, 900Hz 9%,1KHz 8%, 2K~4.5KHz 5%, 5KHz 8%, 6KHz 8%,7.1-14KHz 5% with 3.58V | AL2: Imp / F0 Limit / | AQ2: IMP:8 Ω ±15% at 2kHz, 3.58V , F0: 615 ± 120Hz at 3.58V
N3: Evalution standard / | S3: Deviation before test and after test is under ± 2db, and SPL Average value in limit / | Z3: Evalution standard / | AE3: THD value in limit / | AL3: Evalution standard / | AQ3: Value in limit /
N4: Test condition / | S4: Low temperature(-40℃ ± 5℃) 30 minutes → Hight temperature (+85℃ ± 5℃) 30 minutes/1Cycle, 96 cycle | Z4: Test condition / | AE4: Low temperature(-40℃ ± 5℃) 30 minutes → Hight temperature (+85℃ ± 5℃) 30 minutes/1Cycle, 96 cycle | AL4: Test condition / | AQ4: Low temperature(-40℃ ± 5℃) 30 minutes → Hight temperature (+85℃ ± 5℃) 30 minutes/1Cycle, 96 cycle
N5: Sample No | O5: #1 | Q5: #2 | S5: #3 | U5: #4 | W5: #5 | Z5: Sample No | AA5: #1 | AC5: #2 | AE5: #3 | AG5: #4 | AI5: #5 | AL5: Sample No | AM5: #1 | AO5: #2 | AQ5: #3 | AS5: #4 | AU5: #5
N6: Result | O6: OK | P6: OK | Q6: OK | R6: OK | S6: OK | T6: OK | U6: OK | V6: OK | W6: OK | X6: OK | AM6: OK | AN6: OK | AO6: OK | AP6: OK | AQ6: OK | AR6: OK | AS6: OK | AT6: OK | AU6: OK | AV6: OK
O7: Before #1 | P7: After #1 | Q7: Before #2 | R7: After #2 | S7: Before #3 | T7: After #3 | U7: Before #4 | V7: After #4 | W7: Before #5 | X7: After #5 | AA7: Before #1 | AB7: After #1 | AC7: Before #2 | AD7: After #2 | AE7: Before #3 | AF7: After #3 | AG7: Before #4 | AH7: After #4 | AI7: Before #5 | AJ7: After #5 | AM7: Before #1 | AN7: After #1 | AO7: Before #2 | AP7: After #2 | AQ7: Before #3 | AR7: After #3 | AS7: Before #4 | AT7: After #4 | AU7: Before #5 | AV7: After #5
N8: 100 | O8: 79.38461 | P8: 78.90097 | Q8: 78.90195 | R8: 78.13649 | S8: 78.7663 | T8: 78.20513 | U8: 79.17445 | V8: 78.04309 | W8: 78.50036 | X8: 77.7564 | Z8: 100 | AA8: 22.62202 | AB8: 23.53933 | AC8: 21.95594 | AD8: 26.0735 | AE8: 20.53055 | AF8: 22.93365 | AG8: 20.68614 | AH8: 22.07168 | AI8: 23.15838 | AJ8: 23.10981 | AL8: 100 | AM8: 6.40026 | AN8: 6.62123 | AO8: 6.46605 | AP8: 6.64342 | AQ8: 6.43037 | AR8: 6.63289 | AS8: 6.45835 | AT8: 6.70758 | AU8: 6.44376 | AV8: 6.75115
N9: 106 | O9: 79.78727 | P9: 79.35557 | Q9: 79.29989 | R9: 78.59489 | S9: 79.17372 | T9: 78.63463 | U9: 79.57705 | V9: 78.50329 | W9: 78.93171 | X9: 78.25543 | Z9: 106 | AA9: 22.82765 | AB9: 23.72314 | AC9: 22.17945 | AD9: 25.89454 | AE9: 20.68592 | AF9: 23.09286 | AG9: 20.84892 | AH9: 22.14269 | AI9: 23.35498 | AJ9: 23.18399 | AL9: 106 | AM9: 6.4688 | AN9: 6.68508 | AO9: 6.53445 | AP9: 6.70827 | AQ9: 6.4978 | AR9: 6.69719 | AS9: 6.52438 | AT9: 6.77046 | AU9: 6.51041 | AV9: 6.80804
N10: 112 | O10: 80.30258 | P10: 79.87033 | Q10: 79.78952 | R10: 79.07295 | S10: 79.66976 | T10: 79.184 | U10: 80.07237 | V10: 79.04921 | W10: 79.43919 | X10: 78.79599 | Z10: 112 | AA10: 23.02163 | AB10: 23.89372 | AC10: 22.3992 | AD10: 25.82596 | AE10: 20.84151 | AF10: 23.30241 | AG10: 20.98758 | AH10: 22.2401 | AI10: 23.56881 | AJ10: 23.27424 | AL10: 112 | AM10: 6.52188 | AN10: 6.73347 | AO10: 6.58717 | AP10: 6.75724 | AQ10: 6.55352 | AR10: 6.74813 | AS10: 6.57535 | AT10: 6.81914 | AU10: 6.56432 | AV10: 6.85501
N11: 118 | O11: 81.21825 | P11: 80.80155 | Q11: 80.69715 | R11: 80.0382 | S11: 80.58394 | T11: 80.12738 | U11: 80.9892 | V11: 80.06658 | W11: 80.35493 | X11: 79.75144 | Z11: 118 | AA11: 23.25645 | AB11: 24.12066 | AC11: 22.67427 | AD11: 25.843 | AE11: 21.05224 | AF11: 23.5651 | AG11: 21.15466 | AH11: 22.39264 | AI11: 23.86298 | AJ11: 23.41992 | AL11: 118 | AM11: 6.56621 | AN11: 6.77493 | AO11: 6.63046 | AP11: 6.79712 | AQ11: 6.59845 | AR11: 6.79189 | AS11: 6.61809 | AT11: 6.86047 | AU11: 6.60922 | AV11: 6.89455
N12: 125 | O12: 82.19396 | P12: 81.86773 | Q12: 81.71871 | R12: 81.14505 | S12: 81.60903 | T12: 81.19481 | U12: 82.03476 | V12: 81.17454 | W12: 81.39677 | X12: 80.84196 | Z12: 125 | AA12: 23.55627 | AB12: 24.467 | AC12: 23.01979 | AD12: 25.95412 | AE12: 21.33051 | AF12: 23.89388 | AG12: 21.41062 | AH12: 22.60186 | AI12: 24.2643 | AJ12: 23.63765 | AL12: 125 | AM12: 6.60838 | AN12: 6.81598 | AO12: 6.67408 | AP12: 6.83776 | AQ12: 6.64032 | AR12: 6.8317 | AS12: 6.6603 | AT12: 6.90125 | AU12: 6.65172 | AV12: 6.93325
N13: 132 | O13: 83.33845 | P13: 83.0319 | Q13: 82.85295 | R13: 82.35869 | S13: 82.74257 | T13: 82.36019 | U13: 83.18476 | V13: 82.3806 | W13: 82.54186 | X13: 82.05321 | Z13: 132 | AA13: 24.18348 | AB13: 25.05336 | AC13: 23.72124 | AD13: 25.71026 | AE13: 21.89114 | AF13: 24.54489 | AG13: 21.93118 | AH13: 23.03954 | AI13: 25.02456 | AJ13: 24.10537 | AL13: 132 | AM13: 6.64386 | AN13: 6.85184 | AO13: 6.71074 | AP13: 6.8723 | AQ13: 6.67626 | AR13: 6.86444 | AS13: 6.69584 | AT13: 6.93492 | AU13: 6.68828 | AV13: 6.96703
N14: 140 | O14: 84.56778 | P14: 84.21244 | Q14: 84.07048 | R14: 83.63011 | S14: 83.94976 | T14: 83.61737 | U14: 84.39562 | V14: 83.67108 | W14: 83.72631 | X14: 83.29015 | Z14: 140 | AA14: 24.97481 | AB14: 25.60973 | AC14: 24.5984 | AD14: 26.10581 | AE14: 22.50126 | AF14: 25.26978 | AG14: 22.60064 | AH14: 23.54638 | AI14: 25.86477 | AJ14: 24.53548 | AL14: 140 | AM14: 6.67789 | AN14: 6.88746 | AO14: 6.7477 | AP14: 6.9064 | AQ14: 6.7113 | AR14: 6.89809 | AS14: 6.7312 | AT14: 6.96814 | AU14: 6.72508 | AV14: 7.00048
N15: 150 | O15: 85.79135 | P15: 85.48557 | Q15: 85.27734 | R15: 84.98225 | S15: 85.16563 | T15: 84.89735 | U15: 85.61386 | V15: 84.99411 | W15: 84.92471 | X15: 84.60254 | Z15: 150 | AA15: 25.73613 | AB15: 25.9626 | AC15: 25.45486 | AD15: 26.63939 | AE15: 23.24814 | AF15: 25.9782 | AG15: 23.25725 | AH15: 24.07194 | AI15: 26.53032 | AJ15: 24.84239 | AL15: 150 | AM15: 6.71645 | AN15: 6.92435 | AO15: 6.78576 | AP15: 6.94331 | AQ15: 6.74923 | AR15: 6.93496 | AS15: 6.77052 | AT15: 7.00456 | AU15: 6.76442 | AV15: 7.03496
N16: 160 | O16: 87.02117 | P16: 86.82956 | Q16: 86.4956 | R16: 86.33024 | S16: 86.38525 | T16: 86.21157 | U16: 86.8462 | V16: 86.3252 | W16: 86.14553 | X16: 85.99805 | Z16: 160 | AA16: 25.99258 | AB16: 26.06666 | AC16: 25.80625 | AD16: 26.88559 | AE16: 23.57635 | AF16: 26.32026 | AG16: 23.52018 | AH16: 24.37206 | AI16: 26.72268 | AJ16: 24.94636 | AL16: 160 | AM16: 6.74848 | AN16: 6.95617 | AO16: 6.8181 | AP16: 6.97366 | AQ16: 6.78215 | AR16: 6.96558 | AS16: 6.80343 | AT16: 7.03611 | AU16: 6.79743 | AV16: 7.06424
N17: 170 | O17: 88.37841 | P17: 88.31089 | Q17: 87.84144 | R17: 87.72526 | S17: 87.72667 | T17: 87.59331 | U17: 88.21016 | V17: 87.69446 | W17: 87.50257 | X17: 87.48753 | Z17: 170 | AA17: 26.28196 | AB17: 26.16184 | AC17: 26.14828 | AD17: 27.03102 | AE17: 23.96769 | AF17: 26.63495 | AG17: 23.8501 | AH17: 24.65333 | AI17: 26.9487 | AJ17: 25.07471 | AL17: 170 | AM17: 6.7765 | AN17: 6.98551 | AO17: 6.84597 | AP17: 7.00121 | AQ17: 6.81002 | AR17: 6.99272 | AS17: 6.83125 | AT17: 7.06302 | AU17: 6.8262 | AV17: 7.08943
N18: 180 | O18: 89.86556 | P18: 89.87634 | Q18: 89.371 | R18: 89.16746 | S18: 89.2485 | T18: 89.06325 | U18: 89.77055 | V18: 89.11468 | W18: 89.04776 | X18: 89.05409 | Z18: 180 | AA18: 26.47902 | AB18: 26.10959 | AC18: 26.34485 | AD18: 27.17497 | AE18: 24.24185 | AF18: 26.79278 | AG18: 24.09876 | AH18: 24.88442 | AI18: 27.04891 | AJ18: 25.16151 | AL18: 180 | AM18: 6.80136 | AN18: 7.01154 | AO18: 6.87086 | AP18: 7.02411 | AQ18: 6.83454 | AR18: 7.01653 | AS18: 6.85537 | AT18: 7.08747 | AU18: 6.85069 | AV18: 7.11161
L19: Limit | N19: 190 | O19: 91.23655 | P19: 91.30186 | Q19: 90.76958 | R19: 90.53808 | S19: 90.63243 | T19: 90.44212 | U19: 91.17047 | V19: 90.4615 | W19: 90.45495 | X19: 90.4616 | Z19: 190 | AA19: 26.46458 | AB19: 25.83304 | AC19: 26.33177 | AD19: 27.10449 | AE19: 24.34785 | AF19: 26.69983 | AG19: 24.18677 | AH19: 24.91742 | AI19: 26.91624 | AJ19: 25.06416 | AL19: 190 | AM19: 6.82341 | AN19: 7.03255 | AO19: 6.89387 | AP19: 7.04602 | AQ19: 6.85696 | AR19: 7.03861 | AS19: 6.878 | AT19: 7.1082 | AU19: 6.87356 | AV19: 7.13257
K20: 100 | L20: 50 | N20: 200 | O20: 92.53152 | P20: 92.60036 | Q20: 92.07295 | R20: 91.81382 | S20: 91.94124 | T20: 91.72909 | U20: 92.49055 | V20: 91.71502 | W20: 91.77237 | X20: 91.73308 | Z20: 200 | AA20: 26.16449 | AB20: 25.31539 | AC20: 26.04409 | AD20: 26.76535 | AE20: 24.20242 | AF20: 26.32716 | AG20: 24.03517 | AH20: 24.7041 | AI20: 26.50642 | AJ20: 24.71298 | AL20: 200 | AM20: 6.84462 | AN20: 7.05311 | AO20: 6.91477 | AP20: 7.06569 | AQ20: 6.87775 | AR20: 7.0595 | AS20: 6.89889 | AT20: 7.1283 | AU20: 6.8952 | AV20: 7.15191
K21: 212 | L21: 50 | N21: 212 | O21: 93.76254 | P21: 93.79708 | Q21: 93.3019 | R21: 93.00541 | S21: 93.17439 | T21: 92.94486 | U21: 93.72584 | V21: 92.90453 | W21: 93.00358 | X21: 92.90776 | Z21: 212 | AA21: 25.41651 | AB21: 24.40977 | AC21: 25.3262 | AD21: 25.94765 | AE21: 23.68901 | AF21: 25.49776 | AG21: 23.44486 | AH21: 24.11071 | AI21: 25.65113 | AJ21: 23.9166 | AL21: 212 | AM21: 6.86766 | AN21: 7.07649 | AO21: 6.93743 | AP21: 7.08795 | AQ21: 6.90076 | AR21: 7.08243 | AS21: 6.92192 | AT21: 7.1504 | AU21: 6.91873 | AV21: 7.17329
K22: 300 | L22: 35 | N22: 224 | O22: 94.94116 | P22: 94.90421 | Q22: 94.46236 | R22: 94.14796 | S22: 94.33302 | T22: 94.09404 | U22: 94.88117 | V22: 94.04746 | W22: 94.14875 | X22: 93.99688 | Z22: 224 | AA22: 24.30164 | AB22: 23.35352 | AC22: 24.25171 | AD22: 24.79968 | AE22: 22.90982 | AF22: 24.34653 | AG22: 22.52494 | AH22: 23.26771 | AI22: 24.56282 | AJ22: 22.79989 | AL22: 224 | AM22: 6.88979 | AN22: 7.09833 | AO22: 6.95983 | AP22: 7.10896 | AQ22: 6.92291 | AR22: 7.10407 | AS22: 6.9437 | AT22: 7.17138 | AU22: 6.9422 | AV22: 7.19333
K23: 400 | L23: 25 | N23: 236 | O23: 96.02288 | P23: 95.93423 | Q23: 95.51181 | R23: 95.23594 | S23: 95.39425 | T23: 95.17944 | U23: 95.9393 | V23: 95.14115 | W23: 95.19158 | X23: 95.02308 | Z23: 236 | AA23: 22.81554 | AB23: 22.17267 | AC23: 22.79882 | AD23: 23.34962 | AE23: 21.86876 | AF23: 22.86716 | AG23: 21.23787 | AH23: 22.17682 | AI23: 23.22174 | AJ23: 21.47104 | AL23: 236 | AM23: 6.91002 | AN23: 7.11987 | AO23: 6.98009 | AP23: 7.12847 | AQ23: 6.94316 | AR23: 7.12348 | AS23: 6.96568 | AT23: 7.19224 | AU23: 6.96424 | AV23: 7.21205
K24: 500 | L24: 20 | N24: 250 | O24: 97.12716 | P24: 96.99664 | Q24: 96.59236 | R24: 96.31674 | S24: 96.48903 | T24: 96.2674 | U24: 97.04152 | V24: 96.22691 | W24: 96.27285 | X24: 96.07597 | Z24: 250 | AA24: 21.00021 | AB24: 20.84146 | AC24: 21.04141 | AD24: 21.51424 | AE24: 20.58817 | AF24: 21.03568 | AG24: 19.63371 | AH24: 20.80545 | AI24: 21.71005 | AJ24: 19.85168 | AL24: 250 | AM24: 6.93257 | AN24: 7.14339 | AO24: 7.00311 | AP24: 7.15037 | AQ24: 6.96659 | AR24: 7.14669 | AS24: 6.99046 | AT24: 7.21476 | AU24: 6.98968 | AV24: 7.23471
K25: 600 | L25: 15 | N25: 265 | O25: 98.34032 | P25: 98.19446 | Q25: 97.79337 | R25: 97.51599 | S25: 97.69202 | T25: 97.47825 | U25: 98.25245 | V25: 97.43071 | W25: 97.4652 | X25: 97.27004 | Z25: 265 | AA25: 19.35737 | AB25: 19.59055 | AC25: 19.44625 | AD25: 19.65183 | AE25: 19.40918 | AF25: 19.26443 | AG25: 18.12401 | AH25: 19.44491 | AI25: 20.40543 | AJ25: 18.26265 | AL25: 265 | AM25: 6.95699 | AN25: 7.16888 | AO25: 7.02814 | AP25: 7.17583 | AQ25: 6.99097 | AR25: 7.17059 | AS25: 7.0163 | AT25: 7.23924 | AU25: 7.01622 | AV25: 7.25975
K26: 710 | L26: 12 | N26: 280 | O26: 99.55391 | P26: 99.40575 | Q26: 98.99571 | R26: 98.72662 | S26: 98.90047 | T26: 98.69742 | U26: 99.46708 | V26: 98.64011 | W26: 98.66633 | X26: 98.47349 | Z26: 280 | AA26: 17.69057 | AB26: 18.26343 | AC26: 17.84233 | AD26: 17.8043 | AE26: 18.17735 | AF26: 17.53207 | AG26: 16.53361 | AH26: 18.069 | AI26: 19.02414 | AJ26: 16.61051 | AL26: 280 | AM26: 6.98237 | AN26: 7.19566 | AO26: 7.05346 | AP26: 7.19973 | AQ26: 7.01596 | AR26: 7.19484 | AS26: 7.04413 | AT26: 7.26439 | AU26: 7.0441 | AV26: 7.28355
K27: 800 | L27: 10 | N27: 300 | O27: 100.82998 | P27: 100.68642 | Q27: 100.25959 | R27: 100.00435 | S27: 100.17495 | T27: 99.99056 | U27: 100.74773 | V27: 99.92028 | W27: 99.93211 | X27: 99.75078 | Z27: 300 | AA27: 15.56417 | AB27: 16.62207 | AC27: 15.85686 | AD27: 15.49955 | AE27: 16.57542 | AF27: 15.37757 | AG27: 14.50848 | AH27: 16.27009 | AI27: 17.32987 | AJ27: 14.4965 | AL27: 300 | AM27: 7.01824 | AN27: 7.23587 | AO27: 7.08925 | AP27: 7.23518 | AQ27: 7.04985 | AR27: 7.22943 | AS27: 7.08402 | AT27: 7.29849 | AU27: 7.083 | AV27: 7.3173
K28: 900 | L28: 9 | N28: 315 | O28: 102.12975 | P28: 101.99304 | Q28: 101.54575 | R28: 101.30404 | S28: 101.46596 | T28: 101.30284 | U28: 102.04153 | V28: 101.22165 | W28: 101.21348 | X28: 101.04783 | Z28: 315 | AA28: 14.14038 | AB28: 15.53911 | AC28: 14.50237 | AD28: 13.95028 | AE28: 15.43662 | AF28: 13.9344 | AG28: 13.11762 | AH28: 15.02323 | AI28: 16.195 | AJ28: 13.04462 | AL28: 315 | AM28: 7.04631 | AN28: 7.26654 | AO28: 7.11802 | AP28: 7.26358 | AQ28: 7.07773 | AR28: 7.25733 | AS28: 7.11571 | AT28: 7.32602 | AU28: 7.11575 | AV28: 7.34419
K29: 1000 | L29: 8 | N29: 335 | O29: 103.42672 | P29: 103.29762 | Q29: 102.83056 | R29: 102.60277 | S29: 102.76009 | T29: 102.61393 | U29: 103.3371 | V29: 102.5243 | W29: 102.50021 | X29: 102.34958 | Z29: 335 | AA29: 12.54209 | AB29: 14.2713 | AC29: 12.9284 | AD29: 12.21546 | AE29: 14.09479 | AF29: 12.27307 | AG29: 11.51693 | AH29: 13.56166 | AI29: 14.86584 | AJ29: 11.39119 | AL29: 335 | AM29: 7.08746 | AN29: 7.31313 | AO29: 7.15822 | AP29: 7.3034 | AQ29: 7.11747 | AR29: 7.29839 | AS29: 7.16305 | AT29: 7.3661 | AU29: 7.16265 | AV29: 7.38391
K30: 2000 | L30: 5 | N30: 355 | O30: 104.7433 | P30: 104.61331 | Q30: 104.13809 | R30: 103.9172 | S30: 104.0756 | T30: 103.94241 | U30: 104.64791 | V30: 103.84503 | W30: 103.81171 | X30: 103.66746 | Z30: 355 | AA30: 11.28662 | AB30: 13.1283 | AC30: 11.66403 | AD30: 10.86684 | AE30: 12.94341 | AF30: 10.96706 | AG30: 10.25595 | AH30: 12.35997 | AI30: 13.77339 | AJ30: 10.08335 | AL30: 355 | AM30: 7.13479 | AN30: 7.36603 | AO30: 7.2052 | AP30: 7.34954 | AQ30: 7.16186 | AR30: 7.34387 | AS30: 7.21614 | AT30: 7.41141 | AU30: 7.21712 | AV30: 7.42944
K31: 4500 | L31: 5 | N31: 375 | O31: 106.09931 | P31: 105.96362 | Q31: 105.49184 | R31: 105.27636 | S31: 105.4364 | T31: 105.31286 | U31: 105.99146 | V31: 105.21184 | W31: 105.17031 | X31: 105.02733 | Z31: 375 | AA31: 10.33393 | AB31: 12.13605 | AC31: 10.68682 | AD31: 9.85339 | AE31: 11.97643 | AF31: 9.96407 | AG31: 9.29012 | AH31: 11.36718 | AI31: 12.86696 | AJ31: 9.07981 | AL31: 375 | AM31: 7.18902 | AN31: 7.4263 | AO31: 7.25712 | AP31: 7.40164 | AQ31: 7.212 | AR31: 7.39735 | AS31: 7.27848 | AT31: 7.46379 | AU31: 7.27851 | AV31: 7.47887
... K35: 14000 | L35: 5 | N35: 475 | O35: 111.10004 | P35: 110.9969 | Q35: 110.53919 | R35: 110.4223 | S35: 110.48357 | T35: 110.42584 | U35: 110.82409 | V35: 110.40026 | W35: 110.32291 | X35: 110.22456 | Z35: 475 | AA35: 8.44682 | AB35: 8.91711 | AC35: 8.60901 | AD35: 7.95352 | AE35: 9.04288 | AF35: 7.97853 | AG35: 7.43444 | AH35: 8.50296 | AI35: 10.203 | AJ35: 7.13664 | AL35: 475 | AM35: 7.6006 | AN35: 7.88698 | AO35: 7.66327 | AP35: 7.8106 | AQ35: 7.59754 | AR35: 7.81248 | AS35: 7.72947 | AT35: 7.86851 | AU35: 7.74195 | AV35: 7.87031
N36: 500 | O36: 112.23365 | P36: 112.13172 | Q36: 111.6671 | R36: 111.57645 | S36: 111.5886 | T36: 111.54922 | U36: 111.90331 | V36: 111.57298 | W36: 111.49689 | X36: 111.40162 | Z36: 500 | AA36: 8.02309 | AB36: 8.2753 | AC36: 8.15032 | AD36: 7.56475 | AE36: 8.41216 | AF36: 7.57648 | AG36: 7.08699 | AH36: 7.9225 | AI36: 9.57711 | AJ36: 6.7871 | AL36: 500 | AM36: 7.73696 | AN36: 8.0341 | AO36: 7.80136 | AP36: 7.9521 | AQ36: 7.73299 | AR36: 7.95304 | AS36: 7.85875 | AT36: 8.01156 | AU36: 7.8725 | AV36: 8.00653
N37: 530 | O37: 113.34934 | P37: 113.24068 | Q37: 112.79327 | R37: 112.72496 | S37: 112.69116 | T37: 112.66971 | U37: 112.97565 | V37: 112.73776 | W37: 112.65743 | X37: 112.55972 | Z37: 530 | AA37: 7.51193 | AB37: 7.55889 | AC37: 7.60481 | AD37: 7.09162 | AE37: 7.71566 | AF37: 7.07322 | AG37: 6.66116 | AH37: 7.27423 | AI37: 8.86888 | AJ37: 6.38479 | AL37: 530 | AM37: 7.89983 | AN37: 8.21801 | AO37: 7.97397 | AP37: 8.12808 | AQ37: 7.90392 | AR37: 8.11981 | AS37: 8.01182 | AT37: 8.1917 | AU37: 8.00562 | AV37: 8.18129
N38: 560 | O38: 114.35454 | P38: 114.239 | Q38: 113.82806 | R38: 113.77806 | S38: 113.70786 | T38: 113.7051 | U38: 113.95431 | V38: 113.80351 | W38: 113.71864 | X38: 113.61429 | Z38: 560 | AA38: 7.07707 | AB38: 6.97969 | AC38: 7.15842 | AD38: 6.67822 | AE38: 7.14679 | AF38: 6.64657 | AG38: 6.31371 | AH38: 6.73881 | AI38: 8.27883 | AJ38: 6.04135 | AL38: 560 | AM38: 8.04084 | AN38: 8.39024 | AO38: 8.13834 | AP38: 8.28618 | AQ38: 8.06536 | AR38: 8.27153 | AS38: 8.15489 | AT38: 8.36169 | AU38: 8.1335 | AV38: 8.34306
N39: 600 | O39: 115.27774 | P39: 115.14698 | Q39: 114.80822 | R39: 114.77084 | S39: 114.69101 | T39: 114.70132 | U39: 114.86849 | V39: 114.80593 | W39: 114.72495 | X39: 114.60782 | Z39: 600 | AA39: 6.61406 | AB39: 6.41926 | AC39: 6.66677 | AD39: 6.23855 | AE39: 6.6018 | AF39: 6.18917 | AG39: 5.9602 | AH39: 6.2148 | AI39: 7.64403 | AJ39: 5.6958 | AL39: 600 | AM39: 8.19881 | AN39: 8.55106 | AO39: 8.32215 | AP39: 8.46644 | AQ39: 8.24143 | AR39: 8.43903 | AS39: 8.29498 | AT39: 8.55696 | AU39: 8.29285 | AV39: 8.52053
N40: 630 | O40: 116.06635 | P40: 115.91692 | Q40: 115.68084 | R40: 115.64834 | S40: 115.57847 | T40: 115.59472 | U40: 115.66745 | V40: 115.69 | W40: 115.61999 | X40: 115.48367 | Z40: 630 | AA40: 6.31607 | AB40: 6.10154 | AC40: 6.3487 | AD40: 5.94503 | AE40: 6.27928 | AF40: 5.88908 | AG40: 5.73553 | AH40: 5.9034 | AI40: 7.2272 | AJ40: 5.4818 | AL40: 630 | AM40: 8.28966 | AN40: 8.61415 | AO40: 8.42851 | AP40: 8.57025 | AQ40: 8.34267 | AR40: 8.53889 | AS40: 8.35276 | AT40: 8.67209 | AU40: 8.37792 | AV40: 8.62107
N41: 670 | O41: 116.7209 | P41: 116.56903 | Q41: 116.43847 | R41: 116.41498 | S41: 116.36501 | T41: 116.3774 | U41: 116.33808 | V41: 116.45519 | W41: 116.39823 | X41: 116.25082 | Z41: 670 | AA41: 5.859 | AB41: 5.70051 | AC41: 5.89271 | AD41: 5.51813 | AE41: 5.84108 | AF41: 5.46036 | AG41: 5.40193 | AH41: 5.48581 | AI41: 6.6459 | AJ41: 5.15706 | AL41: 670 | AM41: 8.34121 | AN41: 8.58562 | AO41: 8.47961 | AP41: 8.6177 | AQ41: 8.39934 | AR41: 8.58865 | AS41: 8.33409 | AT41: 8.72254 | AU41: 8.39534 | AV41: 8.67414
N42: 710 | O42: 117.20839 | P42: 117.05546 | Q42: 117.0315 | R42: 117.01146 | S42: 116.98678 | T42: 116.98377 | U42: 116.84648 | V42: 117.04751 | W42: 117.01126 | X42: 116.85409 | Z42: 710 | AA42: 5.37795 | AB42: 5.30106 | AC42: 5.40305 | AD42: 5.04738 | AE42: 5.37994 | AF42: 4.9836 | AG42: 5.02229 | AH42: 5.03005 | AI42: 6.09563 | AJ42: 4.77489 | AL42: 710 | AM42: 8.29524 | AN42: 8.46953 | AO42: 8.42954 | AP42: 8.5594 | AQ42: 8.3578 | AR42: 8.53423 | AS42: 8.23965 | AT42: 8.66593 | AU42: 8.3172 | AV42: 8.62491
N43: 750 | O43: 117.53289 | P43: 117.36963 | Q43: 117.45063 | R43: 117.42586 | S43: 117.43054 | T43: 117.39592 | U43: 117.19363 | V43: 117.45414 | W43: 117.44715 | X43: 117.27715 | Z43: 750 | AA43: 4.943 | AB43: 4.91281 | AC43: 4.91665 | AD43: 4.61169 | AE43: 4.94778 | AF43: 4.49695 | AG43: 4.65291 | AH43: 4.58979 | AI43: 5.61216 | AJ43: 4.38005 | AL43: 750 | AM43: 8.1743 | AN43: 8.29931 | AO43: 8.2998 | AP43: 8.42207 | AQ43: 8.23711 | AR43: 8.3947 | AS43: 8.09383 | AT43: 8.52314 | AU43: 8.17221 | AV43: 8.49601
N44: 800 | O44: 117.63176 | P44: 117.45987 | Q44: 117.62875 | R44: 117.59224 | S44: 117.61824 | T44: 117.5474 | U44: 117.31756 | V44: 117.61114 | W44: 117.6319 | X44: 117.45216 | Z44: 800 | AA44: 4.47486 | AB44: 4.43204 | AC44: 4.39294 | AD44: 4.12654 | AE44: 4.46155 | AF44: 3.96789 | AG44: 4.21572 | AH44: 4.08317 | AI44: 5.06423 | AJ44: 3.9022 | AL44: 800 | AM44: 7.9661 | AN44: 8.06434 | AO44: 8.08207 | AP44: 8.19704 | AQ44: 8.0244 | AR44: 8.16523 | AS44: 7.8873 | AT44: 8.28908 | AU44: 7.95775 | AV44: 8.27285
N45: 850 | O45: 117.53553 | P45: 117.34819 | Q45: 117.59495 | R45: 117.53916 | S45: 117.58856 | T45: 117.47358 | U45: 117.24517 | V45: 117.54998 | W45: 117.5983 | X45: 117.40281 | Z45: 850 | AA45: 4.10247 | AB45: 4.03909 | AC45: 3.98964 | AD45: 3.75862 | AE45: 4.06914 | AF45: 3.58206 | AG45: 3.86245 | AH45: 3.69512 | AI45: 4.60359 | AJ45: 3.54314 | AL45: 850 | AM45: 7.75444 | AN45: 7.8537 | AO45: 7.8622 | AP45: 7.97504 | AQ45: 7.80833 | AR45: 7.94342 | AS45: 7.6956 | AT45: 8.0609 | AU45: 7.75107 | AV45: 8.05179
N46: 900 | O46: 117.3183 | P46: 117.10655 | Q46: 117.42458 | R46: 117.34432 | S46: 117.41199 | T46: 117.25425 | U46: 117.04836 | V46: 117.34519 | W46: 117.41893 | X46: 117.20497 | Z46: 900 | AA46: 3.80363 | AB46: 3.72994 | AC46: 3.68527 | AD46: 3.48009 | AE46: 3.76313 | AF46: 3.30598 | AG46: 3.59706 | AH46: 3.40321 | AI46: 4.2326 | AJ46: 3.27145 | AL46: 900 | AM46: 7.57185 | AN46: 7.68367 | AO46: 7.67195 | AP46: 7.78598 | AQ46: 7.62326 | AR46: 7.75572 | AS46: 7.53321 | AT46: 7.86387 | AU46: 7.57725 | AV46: 7.86344
N47: 950 | O47: 117.04179 | P47: 116.79831 | Q47: 117.17905 | R47: 117.06641 | S47: 117.15151 | T47: 116.95434 | U47: 116.78766 | V47: 117.0581 | W47: 117.16166 | X47: 116.91811 | Z47: 950 | AA47: 3.52144 | AB47: 3.43258 | AC47: 3.40179 | AD47: 3.22028 | AE47: 3.47227 | AF47: 3.05958 | AG47: 3.33956 | AH47: 3.13797 | AI47: 3.88373 | AJ47: 3.0259 | AL47: 950 | AM47: 7.42602 | AN47: 7.55196 | AO47: 7.52154 | AP47: 7.63671 | AQ47: 7.47555 | AR47: 7.61076 | AS47: 7.40647 | AT47: 7.71153 | AU47: 7.44069 | AV47: 7.71382
... N94: 14000 | O94: 116.71907 | P94: 117.28635 | Q94: 117.50587 | R94: 118.04621 | S94: 117.55342 | T94: 117.99717 | U94: 115.64852 | V94: 115.6094 | W94: 117.14504 | X94: 117.73263 | Z94: 14000 | AA94: 0.16116 | AB94: 0.14478 | AC94: 0.15498 | AD94: 0.1531 | AE94: 0.14361 | AF94: 0.14662 | AG94: 0.15513 | AH94: 0.13938 | AI94: 0.14568 | AJ94: 0.14745 | AL94: 14000 | AM94: 11.08689 | AN94: 11.24967 | AO94: 11.15404 | AP94: 11.31541 | AQ94: 11.13318 | AR94: 11.27222 | AS94: 11.13606 | AT94: 11.33147 | AU94: 11.12854 | AV94: 11.3534
N95: 15000 | Z95: 15000 | AL95: 15000
N96: 16000 | Z96: 16000 | AL96: 16000
N97: 17000 | Z97: 17000 | AL97: 17000
N98: 18000 | Z98: 18000 | AL98: 18000
N99: 19000 | Z99: 19000 | AL99: 19000
N100: 20000 | Z100: 20000 | AL100: 20000
N102: SPL Average | O102: 116.30783 | P102: 116.07493 | Q102: 116.4088 | R102: 116.27566 | S102: 116.33742 | T102: 116.14514 | U102: 116.06239 | V102: 116.25929 | W102: 116.35563 | X102: 116.10428 | AL102: F0 | AM102: 647.71202 | AN102: 645.31755 | AO102: 667.1713 | AP102: 664.41967 | AQ102: 671.14309 | AR102: 664.32397 | AS102: 667.78342 | AT102: 666.35507 | AU102: 670.21519 | AV102: 667.14211

Sheet Load test 80%
N1: SPL RAW DATA | Z1: THD RAW DATA | AL1: IMPEDANCE RAW DATA
N2: SPL specification / | S2: SPK :117.4 dB±2dB Average of frequency 0.8, 1.0, 1.2k, 1.5k, 3.58V | Z2: THD Limit / | AE2: 100-212Hz 50%300Hz 35%, 400Hz 25%, 500Hz 20%,600Hz 15%, 710Hz 12%, 800Hz 10%, 900Hz 9%,1KHz 8%, 2K~4.5KHz 5%, 5KHz 8%, 6KHz 8%,7.1-14KHz 5% with 3.58V | AL2: Imp / F0 Limit / | AQ2: IMP:8 Ω ±15% at 2kHz, 3.58V , F0: 615 ± 120Hz at 3.58V
N3: Evalution standard / | S3: Deviation before test and after test is under ± 2db, and SPL Average value in limit / | Z3: Evalution standard / | AE3: THD value in limit / | AL3: Evalution standard / | AQ3: Value in limit /
N4: Test condition / | S4: White Noise (EIA Filter), at Max Power 80% (3.58Vrms) 96Hr | Z4: Test condition / | AE4: White Noise (EIA Filter), at Max Power 80% (3.58Vrms) 96Hr | AL4: Test condition / | AQ4: White Noise (EIA Filter), at Max Power 80% (3.58Vrms) 96Hr
N5: Sample No | O5: #1 | Q5: #2 | S5: #3 | U5: #4 | W5: #5 | Z5: Sample No | AA5: #1 | AC5: #2 | AE5: #3 | AG5: #4 | AI5: #5 | AL5: Sample No | AM5: #1 | AO5: #2 | AQ5: #3 | AS5: #4 | AU5: #5
N6: Result | O6: OK | P6: OK | Q6: OK | R6: OK | S6: OK | T6: OK | U6: OK | V6: OK | W6: OK | X6: OK | AM6: OK | AN6: OK | AO6: OK | AP6: OK | AQ6: OK | AR6: OK | AS6: OK | AT6: OK | AU6: OK | AV6: OK
O7: Before #1 | P7: After #1 | Q7: Before #2 | R7: After #2 | S7: Before #3 | T7: After #3 | U7: Before #4 | V7: After #4 | W7: Before #5 | X7: After #5 | AA7: Before #1 | AB7: After #1 | AC7: Before #2 | AD7: After #2 | AE7: Before #3 | AF7: After #3 | AG7: Before #4 | AH7: After #4 | AI7: Before #5 | AJ7: After #5 | AM7: Before #1 | AN7: After #1 | AO7: Before #2 | AP7: After #2 | AQ7: Before #3 | AR7: After #3 | AS7: Before #4 | AT7: After #4 | AU7: Before #5 | AV7: After #5
N8: 100 | O8: 78.46623 | P8: 77.38042 | Q8: 78.16549 | R8: 77.77207 | S8: 78.1062 | T8: 77.81087 | U8: 78.62975 | V8: 77.67956 | W8: 78.37847 | X8: 78.11465 | Z8: 100 | AA8: 17.98304 | AB8: 16.4634 | AC8: 16.60353 | AD8: 17.97438 | AE8: 19.17818 | AF8: 19.61539 | AG8: 18.08409 | AH8: 17.50698 | AI8: 21.2684 | AJ8: 19.67609 | AL8: 100 | AM8: 6.63769 | AN8: 6.68019 | AO8: 6.63996 | AP8: 6.59623 | AQ8: 6.71106 | AR8: 6.67386 | AS8: 6.65996 | AT8: 6.61178 | AU8: 6.64365 | AV8: 6.64079
N9: 106 | O9: 78.84681 | P9: 77.74055 | Q9: 78.58087 | R9: 78.12021 | S9: 78.52672 | T9: 78.14382 | U9: 79.0368 | V9: 78.034 | W9: 78.73572 | X9: 78.479 | Z9: 106 | AA9: 18.28811 | AB9: 16.75459 | AC9: 16.85742 | AD9: 18.33181 | AE9: 19.25508 | AF9: 19.89307 | AG9: 18.36897 | AH9: 17.82119 | AI9: 21.79099 | AJ9: 20.09022 | AL9: 106 | AM9: 6.70191 | AN9: 6.74733 | AO9: 6.70465 | AP9: 6.66069 | AQ9: 6.77405 | AR9: 6.74133 | AS9: 6.72185 | AT9: 6.67677 | AU9: 6.70887 | AV9: 6.70786
N10: 112 | O10: 79.29098 | P10: 78.1859 | Q10: 79.03689 | R10: 78.55087 | S10: 79.04815 | T10: 78.57686 | U10: 79.52592 | V10: 78.47805 | W10: 79.2085 | X10: 78.93147 | Z10: 112 | AA10: 18.59811 | AB10: 17.0045 | AC10: 17.09197 | AD10: 18.62035 | AE10: 19.39456 | AF10: 20.04553 | AG10: 18.64324 | AH10: 18.10492 | AI10: 22.19715 | AJ10: 20.42789 | AL10: 112 | AM10: 6.75073 | AN10: 6.79939 | AO10: 6.75556 | AP10: 6.71302 | AQ10: 6.82347 | AR10: 6.79336 | AS10: 6.77313 | AT10: 6.72828 | AU10: 6.75907 | AV10: 6.76
N11: 118 | O11: 80.11629 | P11: 79.02897 | Q11: 79.88509 | R11: 79.38135 | S11: 79.90374 | T11: 79.39117 | U11: 80.38216 | V11: 79.31666 | W11: 80.00467 | X11: 79.76822 | Z11: 118 | AA11: 18.84802 | AB11: 17.25926 | AC11: 17.31674 | AD11: 18.90609 | AE11: 19.62836 | AF11: 20.55987 | AG11: 18.87799 | AH11: 18.34102 | AI11: 22.47592 | AJ11: 20.74672 | AL11: 118 | AM11: 6.79101 | AN11: 6.84186 | AO11: 6.79699 | AP11: 6.75547 | AQ11: 6.86532 | AR11: 6.83553 | AS11: 6.81584 | AT11: 6.77125 | AU11: 6.79907 | AV11: 6.80283
N12: 125 | O12: 81.0694 | P12: 80.03896 | Q12: 80.84338 | R12: 80.34923 | S12: 80.86277 | T12: 80.3915 | U12: 81.33485 | V12: 80.30459 | W12: 80.92666 | X12: 80.76641 | Z12: 125 | AA12: 19.09156 | AB12: 17.57326 | AC12: 17.53188 | AD12: 19.26963 | AE12: 19.84439 | AF12: 20.85819 | AG12: 19.10425 | AH12: 18.67863 | AI12: 22.63099 | AJ12: 21.14809 | AL12: 125 | AM12: 6.83115 | AN12: 6.88417 | AO12: 6.83726 | AP12: 6.79624 | AQ12: 6.90489 | AR12: 6.87704 | AS12: 6.855 | AT12: 6.813 | AU12: 6.84031 | AV12: 6.84384
N13: 132 | O13: 82.16816 | P13: 81.17074 | Q13: 81.93895 | R13: 81.48412 | S13: 82.09099 | T13: 81.46521 | U13: 82.51023 | V13: 81.48059 | W13: 82.0573 | X13: 81.91404 | Z13: 132 | AA13: 19.4273 | AB13: 18.22777 | AC13: 17.94276 | AD13: 20.0477 | AE13: 20.4573 | AF13: 21.47858 | AG13: 19.58817 | AH13: 19.425 | AI13: 23.26731 | AJ13: 21.99108 | AL13: 132 | AM13: 6.86433 | AN13: 6.91922 | AO13: 6.8718 | AP13: 6.83084 | AQ13: 6.93839 | AR13: 6.91209 | AS13: 6.88871 | AT13: 6.84765 | AU13: 6.87426 | AV13: 6.87876
N14: 140 | O14: 83.46503 | P14: 82.40317 | Q14: 83.1691 | R14: 82.71075 | S14: 83.36358 | T14: 82.70919 | U14: 83.76875 | V14: 82.69662 | W14: 83.31562 | X14: 83.16327 | Z14: 140 | AA14: 19.58543 | AB14: 18.95084 | AC14: 18.52065 | AD14: 20.92608 | AE14: 21.24678 | AF14: 22.15926 | AG14: 20.20119 | AH14: 20.2221 | AI14: 23.873 | AJ14: 22.88799 | AL14: 140 | AM14: 6.89802 | AN14: 6.95341 | AO14: 6.90522 | AP14: 6.86517 | AQ14: 6.97278 | AR14: 6.94634 | AS14: 6.92197 | AT14: 6.8815 | AU14: 6.90762 | AV14: 6.91371
N15: 150 | O15: 85.00177 | P15: 83.70672 | Q15: 84.46675 | R15: 84.00496 | S15: 84.65764 | T15: 84.01452 | U15: 85.06151 | V15: 83.98744 | W15: 84.60541 | X15: 84.47154 | Z15: 150 | AA15: 20.3835 | AB15: 19.85482 | AC15: 19.306 | AD15: 22.01005 | AE15: 21.19129 | AF15: 23.03055 | AG15: 20.96185 | AH15: 21.25566 | AI15: 24.24526 | AJ15: 23.88014 | AL15: 150 | AM15: 6.93399 | AN15: 6.99111 | AO15: 6.94203 | AP15: 6.90291 | AQ15: 7.00888 | AR15: 6.98423 | AS15: 6.95641 | AT15: 6.91849 | AU15: 6.94369 | AV15: 6.95173
N16: 160 | O16: 86.53563 | P16: 85.02917 | Q16: 85.78163 | R16: 85.3241 | S16: 85.98087 | T16: 85.33362 | U16: 86.38015 | V16: 85.31747 | W16: 85.93883 | X16: 85.80818 | Z16: 160 | AA16: 21.31352 | AB16: 20.74698 | AC16: 20.1224 | AD16: 23.02213 | AE16: 22.09899 | AF16: 23.8442 | AG16: 21.70363 | AH16: 22.31034 | AI16: 24.78434 | AJ16: 24.77301 | AL16: 160 | AM16: 6.96556 | AN16: 7.02177 | AO16: 6.97301 | AP16: 6.93502 | AQ16: 7.03899 | AR16: 7.01648 | AS16: 6.98682 | AT16: 6.9495 | AU16: 6.97442 | AV16: 6.9834
N17: 170 | O17: 87.77702 | P17: 86.31215 | Q17: 87.10143 | R17: 86.59709 | S17: 87.28297 | T17: 86.60074 | U17: 87.67936 | V17: 86.5896 | W17: 87.24035 | X17: 87.10352 | Z17: 170 | AA17: 22.14267 | AB17: 21.40895 | AC17: 20.88536 | AD17: 23.71947 | AE17: 22.77511 | AF17: 24.4425 | AG17: 22.34217 | AH17: 23.16825 | AI17: 25.1679 | AJ17: 25.35305 | AL17: 170 | AM17: 6.99349 | AN17: 7.05003 | AO17: 7.0006 | AP17: 6.96291 | AQ17: 7.0665 | AR17: 7.04488 | AS17: 7.01336 | AT17: 6.97768 | AU17: 7.00169 | AV17: 7.01183
N18: 180 | O18: 88.95053 | P18: 87.54245 | Q18: 88.34534 | R18: 87.80676 | S18: 88.504 | T18: 87.82441 | U18: 88.89922 | V18: 87.77743 | W18: 88.46488 | X18: 88.33215 | Z18: 180 | AA18: 22.7917 | AB18: 21.82883 | AC18: 21.54026 | AD18: 24.10572 | AE18: 23.23828 | AF18: 24.76206 | AG18: 22.6788 | AH18: 23.68232 | AI18: 25.36041 | AJ18: 25.52843 | AL18: 180 | AM18: 7.01803 | AN18: 7.07455 | AO18: 7.02404 | AP18: 6.98678 | AQ18: 7.08997 | AR18: 7.06916 | AS18: 7.0377 | AT18: 7.00296 | AU18: 7.02645 | AV18: 7.03709
L19: Limit | N19: 190 | O19: 90.12213 | P19: 88.8537 | Q19: 89.57219 | R19: 89.10091 | S19: 89.74376 | T19: 89.10723 | U19: 90.14381 | V19: 89.05787 | W19: 89.70016 | X19: 89.62656 | Z19: 190 | AA19: 23.05404 | AB19: 22.1427 | AC19: 21.93613 | AD19: 24.34416 | AE19: 23.30892 | AF19: 24.95372 | AG19: 22.60086 | AH19: 24.03563 | AI19: 25.43923 | AJ19: 25.51608 | AL19: 190 | AM19: 7.03931 | AN19: 7.09597 | AO19: 7.04698 | AP19: 7.00976 | AQ19: 7.11201 | AR19: 7.09118 | AS19: 7.06046 | AT19: 7.02587 | AU19: 7.04894 | AV19: 7.05934
K20: 100 | L20: 50 | N20: 200 | O20: 91.19981 | P20: 90.16385 | Q20: 90.80143 | R20: 90.41624 | S20: 90.97379 | T20: 90.40768 | U20: 91.37765 | V20: 90.35626 | W20: 90.93211 | X20: 90.94005 | Z20: 200 | AA20: 23.05716 | AB20: 22.1697 | AC20: 21.99091 | AD20: 24.24865 | AE20: 23.09714 | AF20: 24.64655 | AG20: 22.30751 | AH20: 24.08818 | AI20: 25.52857 | AJ20: 25.20536 | AL20: 200 | AM20: 7.05954 | AN20: 7.11603 | AO20: 7.06712 | AP20: 7.03064 | AQ20: 7.13228 | AR20: 7.11114 | AS20: 7.08088 | AT20: 7.04608 | AU20: 7.06984 | AV20: 7.08016
K21: 212 | L21: 50 | N21: 212 | O21: 92.23544 | P21: 91.40254 | Q21: 91.98565 | R21: 91.65046 | S21: 92.15645 | T21: 91.63785 | U21: 92.55735 | V21: 91.56395 | W21: 92.11111 | X21: 92.17518 | Z21: 212 | AA21: 22.75905 | AB21: 21.83484 | AC21: 21.76873 | AD21: 23.74555 | AE21: 22.75413 | AF21: 24.30665 | AG21: 21.75451 | AH21: 23.74185 | AI21: 25.86016 | AJ21: 24.53038 | AL21: 212 | AM21: 7.08196 | AN21: 7.13867 | AO21: 7.08958 | AP21: 7.05537 | AQ21: 7.15491 | AR21: 7.13514 | AS21: 7.10336 | AT21: 7.07018 | AU21: 7.09197 | AV21: 7.1047
K22: 300 | L22: 35 | N22: 224 | O22: 93.42342 | P22: 92.64651 | Q22: 93.16724 | R22: 92.90444 | S22: 93.35225 | T22: 92.87994 | U22: 93.7527 | V22: 92.7969 | W22: 93.30392 | X22: 93.42023 | Z22: 224 | AA22: 22.33465 | AB22: 21.29382 | AC22: 21.22592 | AD22: 23.008 | AE22: 22.37374 | AF22: 23.95226 | AG22: 21.08086 | AH22: 23.16074 | AI22: 26.2416 | AJ22: 23.71913 | AL22: 224 | AM22: 7.10362 | AN22: 7.15848 | AO22: 7.11168 | AP22: 7.07558 | AQ22: 7.17526 | AR22: 7.15663 | AS22: 7.12572 | AT22: 7.09072 | AU22: 7.11331 | AV22: 7.12605
K23: 400 | L23: 25 | N23: 236 | O23: 94.63426 | P23: 93.86547 | Q23: 94.36762 | R23: 94.13757 | S23: 94.56799 | T23: 94.12067 | U23: 94.96512 | V23: 94.02657 | W23: 94.51051 | X23: 94.66392 | Z23: 236 | AA23: 21.95674 | AB23: 20.50637 | AC23: 20.36551 | AD23: 22.05429 | AE23: 22.00511 | AF23: 23.47523 | AG23: 20.32714 | AH23: 22.38998 | AI23: 26.73281 | AJ23: 22.7959 | AL23: 236 | AM23: 7.12456 | AN23: 7.17836 | AO23: 7.13214 | AP23: 7.09648 | AQ23: 7.19649 | AR23: 7.17693 | AS23: 7.14627 | AT23: 7.11127 | AU23: 7.13453 | AV23: 7.14654
K24: 500 | L24: 20 | N24: 250 | O24: 95.78405 | P24: 94.92869 | Q24: 95.53476 | R24: 95.22276 | S24: 95.73929 | T24: 95.20551 | U24: 96.12218 | V24: 95.13355 | W24: 95.66563 | X24: 95.77893 | Z24: 250 | AA24: 20.82764 | AB24: 19.27394 | AC24: 19.17267 | AD24: 20.61553 | AE24: 21.50425 | AF24: 22.62035 | AG24: 19.31289 | AH24: 21.0671 | AI24: 27.33231 | AJ24: 21.48873 | AL24: 250 | AM24: 7.14798 | AN24: 7.20052 | AO24: 7.15544 | AP24: 7.11948 | AQ24: 7.22086 | AR24: 7.20102 | AS24: 7.16998 | AT24: 7.13423 | AU24: 7.15824 | AV24: 7.17127
K25: 600 | L25: 15 | N25: 265 | O25: 96.93335 | P25: 96.01009 | Q25: 96.73299 | R25: 96.29466 | S25: 96.91693 | T25: 96.27215 | U25: 97.28362 | V25: 96.18427 | W25: 96.81564 | X25: 96.86229 | Z25: 265 | AA25: 19.38341 | AB25: 17.65629 | AC25: 17.74137 | AD25: 18.82892 | AE25: 20.82128 | AF25: 21.3653 | AG25: 18.09339 | AH25: 19.31427 | AI25: 27.76051 | AJ25: 19.86607 | AL25: 265 | AM25: 7.17313 | AN25: 7.22449 | AO25: 7.18007 | AP25: 7.14476 | AQ25: 7.24605 | AR25: 7.22479 | AS25: 7.19515 | AT25: 7.15937 | AU25: 7.18416 | AV25: 7.19664
K26: 710 | L26: 12 | N26: 280 | O26: 98.04394 | P26: 97.14441 | Q26: 97.87453 | R26: 97.43054 | S26: 98.02566 | T26: 97.40526 | U26: 98.40356 | V26: 97.29861 | W26: 97.92569 | X26: 98.00615 | Z26: 280 | AA26: 17.82422 | AB26: 16.10803 | AC26: 16.23015 | AD26: 17.20606 | AE26: 19.92549 | AF26: 20.19382 | AG26: 16.75681 | AH26: 17.56479 | AI26: 27.7431 | AJ26: 18.31267 | AL26: 280 | AM26: 7.19771 | AN26: 7.24733 | AO26: 7.20479 | AP26: 7.17025 | AQ26: 7.27241 | AR26: 7.25035 | AS26: 7.22194 | AT26: 7.18374 | AU26: 7.21005 | AV26: 7.22312
K27: 800 | L27: 10 | N27: 300 | O27: 99.25144 | P27: 98.36941 | Q27: 99.03718 | R27: 98.65747 | S27: 99.22353 | T27: 98.62811 | U27: 99.61514 | V27: 98.51102 | W27: 99.13509 | X27: 99.23881 | Z27: 300 | AA27: 15.78368 | AB27: 14.339 | AC27: 14.24617 | AD27: 15.3987 | AE27: 18.60894 | AF27: 18.83717 | AG27: 15.1333 | AH27: 15.65444 | AI27: 27.27572 | AJ27: 16.68333 | AL27: 300 | AM27: 7.23231 | AN27: 7.27882 | AO27: 7.23863 | AP27: 7.20452 | AQ27: 7.30835 | AR27: 7.28453 | AS27: 7.25897 | AT27: 7.21825 | AU27: 7.24608 | AV27: 7.25864
K28: 900 | L28: 9 | N28: 315 | O28: 100.5017 | P28: 99.65758 | Q28: 100.25293 | R28: 99.94554 | S28: 100.47066 | T28: 99.90777 | U28: 100.87026 | V28: 99.78016 | W28: 100.3862 | X28: 100.52443 | Z28: 315 | AA28: 14.50908 | AB28: 13.04036 | AC28: 12.91633 | AD28: 14.09005 | AE28: 17.74114 | AF28: 17.76734 | AG28: 14.19969 | AH28: 14.28892 | AI28: 26.65436 | AJ28: 15.56155 | AL28: 315 | AM28: 7.26082 | AN28: 7.304 | AO28: 7.2656 | AP28: 7.23289 | AQ28: 7.33807 | AR28: 7.31246 | AS28: 7.28954 | AT28: 7.24597 | AU28: 7.27424 | AV28: 7.28736
K29: 1000 | L29: 8 | N29: 335 | O29: 101.77541 | P29: 101.00251 | Q29: 101.49902 | R29: 101.28737 | S29: 101.73449 | T29: 101.2423 | U29: 102.14132 | V29: 101.09484 | W29: 101.65172 | X29: 101.85716 | Z29: 335 | AA29: 13.1037 | AB29: 11.60843 | AC29: 11.5549 | AD29: 12.7043 | AE29: 16.72336 | AF29: 16.5347 | AG29: 13.17025 | AH29: 12.8338 | AI29: 25.58676 | AJ29: 14.36668 | AL29: 335 | AM29: 7.3006 | AN29: 7.33907 | AO29: 7.30396 | AP29: 7.27318 | AQ29: 7.3809 | AR29: 7.35205 | AS29: 7.33323 | AT29: 7.28505 | AU29: 7.31455 | AV29: 7.33079
K30: 2000 | L30: 5 | N30: 355 | O30: 103.11042 | P30: 102.39982 | Q30: 102.80254 | R30: 102.69128 | S30: 103.06393 | T30: 102.64248 | U30: 103.47752 | V30: 102.49114 | W30: 102.98021 | X30: 103.26119 | Z30: 355 | AA30: 12.01602 | AB30: 10.47536 | AC30: 10.48676 | AD30: 11.6028 | AE30: 15.76945 | AF30: 15.40751 | AG30: 12.33079 | AH30: 11.64395 | AI30: 24.19919 | AJ30: 13.342 | AL30: 355 | AM30: 7.34591 | AN30: 7.3779 | AO30: 7.34628 | AP30: 7.31959 | AQ30: 7.43078 | AR30: 7.39675 | AS30: 7.38344 | AT30: 7.33012 | AU30: 7.36055 | AV30: 7.37835
K31: 4500 | L31: 5 | N31: 375 | O31: 104.50035 | P31: 103.83176 | Q31: 104.17792 | R31: 104.1249 | S31: 104.47514 | T31: 104.06769 | U31: 104.8855 | V31: 103.91477 | W31: 104.37828 | X31: 104.68683 | Z31: 375 | AA31: 11.16189 | AB31: 9.51313 | AC31: 9.7156 | AD31: 10.64081 | AE31: 14.76832 | AF31: 14.24256 | AG31: 11.54847 | AH31: 10.60964 | AI31: 22.5873 | AJ31: 12.37161 | AL31: 375 | AM31: 7.39652 | AN31: 7.42234 | AO31: 7.39423 | AP31: 7.36999 | AQ31: 7.48672 | AR31: 7.44652 | AS31: 7.4391 | AT31: 7.38053 | AU31: 7.41401 | AV31: 7.43437
... K35: 14000 | L35: 5 | N35: 475 | O35: 109.83575 | P35: 109.41599 | Q35: 109.53321 | R35: 109.60182 | S35: 109.88062 | T35: 109.54845 | U35: 110.24275 | V35: 109.35509 | W35: 109.68019 | X35: 109.94597 | Z35: 475 | AA35: 8.31404 | AB35: 7.07454 | AC35: 7.82582 | AD35: 7.83464 | AE35: 9.84437 | AF35: 9.65508 | AG35: 8.33389 | AH35: 7.65907 | AI35: 13.74058 | AJ35: 8.86405 | AL35: 475 | AM35: 7.7944 | AN35: 7.77437 | AO35: 7.76668 | AP35: 7.78996 | AQ35: 7.9555 | AR35: 7.84795 | AS35: 7.88862 | AT35: 7.78019 | AU35: 7.82936 | AV35: 7.87064
N36: 500 | O36: 111.1552 | P36: 110.78928 | Q36: 110.84366 | R36: 110.92622 | S36: 111.19673 | T36: 110.88063 | U36: 111.5343 | V36: 110.66964 | W36: 110.96661 | X36: 111.16102 | Z36: 500 | AA36: 7.73248 | AB36: 6.66676 | AC36: 7.42212 | AD36: 7.33222 | AE36: 8.94917 | AF36: 8.85863 | AG36: 7.73335 | AH36: 7.13321 | AI36: 12.17619 | AJ36: 8.20611 | AL36: 500 | AM36: 7.93784 | AN36: 7.90584 | AO36: 7.89929 | AP36: 7.94265 | AQ36: 8.12597 | AR36: 7.99467 | AS36: 8.05002 | AT36: 7.92527 | AU36: 7.97625 | AV36: 8.01263
N37: 530 | O37: 112.49643 | P37: 112.19125 | Q37: 112.1707 | R37: 112.27513 | S37: 112.55188 | T37: 112.25293 | U37: 112.84431 | V37: 112.03069 | W37: 112.27772 | X37: 112.44411 | Z37: 530 | AA37: 7.12153 | AB37: 6.23244 | AC37: 6.96747 | AD37: 6.84312 | AE37: 8.11891 | AF37: 8.0848 | AG37: 7.13977 | AH37: 6.62614 | AI37: 10.75805 | AJ37: 7.54057 | AL37: 530 | AM37: 8.13178 | AN37: 8.0905 | AO37: 8.07835 | AP37: 8.14367 | AQ37: 8.35152 | AR37: 8.19079 | AS37: 8.25588 | AT37: 8.12221 | AU37: 8.16518 | AV37: 8.17745
N38: 560 | O38: 113.75382 | P38: 113.41526 | Q38: 113.4113 | R38: 113.42984 | S38: 113.8445 | T38: 113.43717 | U38: 114.05387 | V38: 113.2197 | W38: 113.51084 | X38: 113.58682 | Z38: 560 | AA38: 6.6398 | AB38: 5.81777 | AC38: 6.60313 | AD38: 6.38497 | AE38: 7.4756 | AF38: 7.40945 | AG38: 6.69567 | AH38: 6.16951 | AI38: 9.65212 | AJ38: 6.94408 | AL38: 560 | AM38: 8.33238 | AN38: 8.2892 | AO38: 8.26539 | AP38: 8.34847 | AQ38: 8.59023 | AR38: 8.39266 | AS38: 8.4629 | AT38: 8.32553 | AU38: 8.35468 | AV38: 8.34356
N39: 600 | O39: 114.93046 | P39: 114.46704 | Q39: 114.58613 | R39: 114.36594 | S39: 115.06404 | T39: 114.40268 | U39: 115.13746 | V39: 114.16108 | W39: 114.65072 | X39: 114.54588 | Z39: 600 | AA39: 6.18166 | AB39: 5.434 | AC39: 6.28475 | AD39: 5.95426 | AE39: 6.81269 | AF39: 6.79235 | AG39: 6.2399 | AH39: 5.78682 | AI39: 8.57688 | AJ39: 6.40351 | AL39: 600 | AM39: 8.57529 | AN39: 8.53738 | AO39: 8.49009 | AP39: 8.59002 | AQ39: 8.86412 | AR39: 8.63693 | AS39: 8.68388 | AT39: 8.57359 | AU39: 8.57553 | AV39: 8.5551
N40: 630 | O40: 115.83953 | P40: 115.38954 | Q40: 115.50343 | R40: 115.16132 | S40: 115.96885 | T40: 115.22114 | U40: 115.90712 | V40: 114.97494 | W40: 115.4962 | X40: 115.36654 | Z40: 630 | AA40: 5.95904 | AB40: 5.24018 | AC40: 6.13422 | AD40: 5.74452 | AE40: 6.44216 | AF40: 6.45743 | AG40: 6.04153 | AH40: 5.60788 | AI40: 8.01103 | AJ40: 6.14457 | AL40: 630 | AM40: 8.72181 | AN40: 8.69436 | AO40: 8.62532 | AP40: 8.71997 | AQ40: 8.99733 | AR40: 8.77335 | AS40: 8.78412 | AT40: 8.71628 | AU40: 8.69456 | AV40: 8.66775
N41: 670 | O41: 116.49431 | P41: 116.02617 | Q41: 116.15129 | R41: 115.66732 | S41: 116.59593 | T41: 115.74946 | U41: 116.42076 | V41: 115.49966 | W41: 116.04702 | X41: 115.85014 | Z41: 670 | AA41: 5.7 | AB41: 4.98581 | AC41: 5.93352 | AD41: 5.47627 | AE41: 5.93593 | AF41: 6.05889 | AG41: 5.7581 | AH41: 5.38452 | AI41: 7.38159 | AJ41: 5.80721 | AL41: 670 | AM41: 8.80791 | AN41: 8.84428 | AO41: 8.71244 | AP41: 8.79712 | AQ41: 8.99561 | AR41: 8.86412 | AS41: 8.7832 | AT41: 8.81875 | AU41: 8.73121 | AV41: 8.71906
N42: 710 | O42: 116.75815 | P42: 116.38575 | Q42: 116.48648 | R42: 115.9066 | S42: 116.83586 | T42: 116.01558 | U42: 116.52722 | V42: 115.76616 | W42: 116.20674 | X42: 116.0339 | Z42: 710 | AA42: 5.41686 | AB42: 4.7313 | AC42: 5.70285 | AD42: 5.22691 | AE42: 5.45134 | AF42: 5.67824 | AG42: 5.45972 | AH42: 5.17419 | AI42: 6.80389 | AJ42: 5.51463 | AL42: 710 | AM42: 8.77694 | AN42: 8.87755 | AO42: 8.70471 | AP42: 8.74857 | AQ42: 8.86917 | AR42: 8.83085 | AS42: 8.68628 | AT42: 8.80751 | AU42: 8.66534 | AV42: 8.65935
N43: 750 | O43: 116.79749 | P43: 116.62433 | Q43: 116.61102 | R43: 116.05163 | S43: 116.90502 | T43: 116.17786 | U43: 116.47016 | V43: 115.93208 | W43: 116.19402 | X43: 116.11875 | Z43: 750 | AA43: 5.14967 | AB43: 4.50825 | AC43: 5.46515 | AD43: 5.01828 | AE43: 5.03216 | AF43: 5.35173 | AG43: 5.18114 | AH43: 5.00806 | AI43: 6.27987 | AJ43: 5.33213 | AL43: 750 | AM43: 8.67103 | AN43: 8.80161 | AO43: 8.63303 | AP43: 8.62121 | AQ43: 8.69321 | AR43: 8.71403 | AS43: 8.53789 | AT43: 8.69974 | AU43: 8.5501 | AV43: 8.54424
N44: 800 | O44: 116.66654 | P44: 116.71555 | Q44: 116.54554 | R44: 116.4967 | S44: 116.7667 | T44: 116.5327 | U44: 116.2555 | V44: 116.52316 | W44: 116.50291 | X44: 116.69793 | Z44: 800 | AA44: 4.84221 | AB44: 4.23631 | AC44: 5.16792 | AD44: 4.72521 | AE44: 4.56393 | AF44: 4.966 | AG44: 4.84541 | AH44: 4.78076 | AI44: 5.69443 | AJ44: 5.11443 | AL44: 800 | AM44: 8.48478 | AN44: 8.60552 | AO44: 8.47326 | AP44: 8.39254 | AQ44: 8.43756 | AR44: 8.48985 | AS44: 8.32879 | AT44: 8.48897 | AU44: 8.36886 | AV44: 8.3571
N45: 850 | O45: 116.42956 | P45: 116.58674 | Q45: 116.38065 | R45: 115.94137 | S45: 116.56261 | T45: 116.09052 | U45: 115.98177 | V45: 115.91117 | W45: 115.74804 | X45: 115.90294 | Z45: 850 | AA45: 4.57698 | AB45: 3.95984 | AC45: 4.90423 | AD45: 4.3891 | AE45: 4.18957 | AF45: 4.54451 | AG45: 4.51798 | AH45: 4.5142 | AI45: 5.18914 | AJ45: 4.86745 | AL45: 850 | AM45: 8.258 | AN45: 8.34795 | AO45: 8.26778 | AP45: 8.13774 | AQ45: 8.16431 | AR45: 8.23749 | AS45: 8.0878 | AT45: 8.23446 | AU45: 8.14869 | AV45: 8.13262
N46: 900 | O46: 116.16379 | P46: 116.42603 | Q46: 116.20603 | R46: 115.77354 | S46: 116.35808 | T46: 115.93594 | U46: 115.69678 | V46: 115.79314 | W46: 115.51327 | X46: 115.76824 | Z46: 900 | AA46: 4.34565 | AB46: 3.73523 | AC46: 4.68564 | AD46: 4.08633 | AE46: 3.8837 | AF46: 4.17668 | AG46: 4.2238 | AH46: 4.247 | AI46: 4.76822 | AJ46: 4.63038 | AL46: 900 | AM46: 8.0213 | AN46: 8.10278 | AO46: 8.04904 | AP46: 7.90936 | AQ46: 7.9314 | AR46: 8.00658 | AS46: 7.8733 | AT46: 7.99696 | AU46: 7.93713 | AV46: 7.9289
N47: 950 | O47: 116.05604 | P47: 116.2665 | Q47: 116.10612 | R47: 115.60844 | S47: 116.29135 | T47: 115.76893 | U47: 115.59228 | V47: 115.6556 | W47: 115.44162 | X47: 115.67318 | Z47: 950 | AA47: 4.07449 | AB47: 3.53689 | AC47: 4.42456 | AD47: 3.82276 | AE47: 3.55918 | AF47: 3.85566 | AG47: 3.89728 | AH47: 3.98815 | AI47: 4.35399 | AJ47: 4.38575 | AL47: 950 | AM47: 7.82757 | AN47: 7.89455 | AO47: 7.86138 | AP47: 7.72327 | AQ47: 7.75758 | AR47: 7.81664 | AS47: 7.70717 | AT47: 7.79957 | AU47: 7.76161 | AV47: 7.75737
... N94: 14000 | O94: 111.87527 | P94: 111.32972 | Q94: 111.51412 | R94: 112.24895 | S94: 111.55701 | T94: 112.45875 | U94: 111.15972 | V94: 112.38764 | W94: 110.94555 | X94: 111.01154 | Z94: 14000 | AA94: 0.06154 | AB94: 0.05873 | AC94: 0.06481 | AD94: 0.08063 | AE94: 0.06322 | AF94: 0.0741 | AG94: 0.06041 | AH94: 0.07743 | AI94: 0.06338 | AJ94: 0.07382 | AL94: 14000 | AM94: 11.24053 | AN94: 11.37399 | AO94: 11.20486 | AP94: 11.27809 | AQ94: 11.27773 | AR94: 11.32016 | AS94: 11.21682 | AT94: 11.28432 | AU94: 11.21203 | AV94: 11.26044
N95: 15000 | Z95: 15000 | AL95: 15000
N96: 16000 | Z96: 16000 | AL96: 16000
N97: 17000 | Z97: 17000 | AL97: 17000
N98: 18000 | Z98: 18000 | AL98: 18000
N99: 19000 | Z99: 19000 | AL99: 19000
N100: 20000 | Z100: 20000 | AL100: 20000
N102: SPL Average | O102: 115.59272 | P102: 115.59 | Q102: 115.60029 | R102: 115.41787 | S102: 115.7335 | T102: 115.45608 | U102: 115.42372 | V102: 115.42038 | W102: 115.4813 | X102: 115.51826 | AL102: F0 | AM102: 652.92393 | AN102: 696.11309 | AO102: 652.44517 | AP102: 675.85616 | AQ102: 667.90142 | AR102: 681.95097 | AS102: 687.68845 | AT102: 688.64791 | AU102: 687.22571 | AV102: 671.44435

Sheet Load test 100%
N1: SPL RAW DATA | Z1: THD RAW DATA | AL1: IMPEDANCE RAW DATA
N2: SPL specification / | S2: SPK :117.4 dB±2dB Average of frequency 0.8, 1.0, 1.2k, 1.5k, 3.58V | Z2: THD Limit / | AE2: 100-212Hz 50%300Hz 35%, 400Hz 25%, 500Hz 20%,600Hz 15%, 710Hz 12%, 800Hz 10%, 900Hz 9%,1KHz 8%, 2K~4.5KHz 5%, 5KHz 8%, 6KHz 8%,7.1-14KHz 5% with 3.58V | AL2: Imp / F0 Limit / | AQ2: IMP:8 Ω ±15% at 2kHz, 3.58V , F0: 615 ± 120Hz at 3.58V
N3: Evalution standard / | S3: Deviation before test and after test is under ± 2db, and SPL Average value in limit / | Z3: Evalution standard / | AE3: THD value in limit / | AL3: Evalution standard / | AQ3: Value in limit /
N4: Test condition / | S4: White Noise (EIA Filter), at Max Power 100% (4.0Vrms) 96Hr | Z4: Test condition / | AE4: White Noise (EIA Filter), at Max Power 100% (4.0Vrms) 96Hr | AL4: Test condition / | AQ4: White Noise (EIA Filter), at Max Power 100% (4.0Vrms) 96Hr
N5: Sample No | O5: #1 | Q5: #2 | S5: #3 | U5: #4 | W5: #5 | Z5: Sample No | AA5: #1 | AC5: #2 | AE5: #3 | AG5: #4 | AI5: #5 | AL5: Sample No | AM5: #1 | AO5: #2 | AQ5: #3 | AS5: #4 | AU5: #5
N6: Result | O6: OK | P6: OK | Q6: OK | R6: OK | S6: OK | T6: OK | U6: OK | V6: OK | W6: OK | X6: OK | AM6: OK | AN6: OK | AO6: OK | AP6: OK | AQ6: OK | AR6: OK | AS6: OK | AT6: OK | AU6: OK | AV6: OK
O7: Before #1 | P7: After #1 | Q7: Before #2 | R7: After #2 | S7: Before #3 | T7: After #3 | U7: Before #4 | V7: After #4 | W7: Before #5 | X7: After #5 | AA7: Before #1 | AB7: After #1 | AC7: Before #2 | AD7: After #2 | AE7: Before #3 | AF7: After #3 | AG7: Before #4 | AH7: After #4 | AI7: Before #5 | AJ7: After #5 | AM7: Before #1 | AN7: After #1 | AO7: Before #2 | AP7: After #2 | AQ7: Before #3 | AR7: After #3 | AS7: Before #4 | AT7: After #4 | AU7: Before #5 | AV7: After #5
N8: 100 | O8: 78.34314 | P8: 77.32777 | Q8: 78.43931 | R8: 77.49531 | S8: 78.67164 | T8: 77.1896 | U8: 78.29473 | V8: 77.88769 | W8: 78.85135 | X8: 77.86299 | Z8: 100 | AA8: 17.37394 | AB8: 16.31986 | AC8: 16.65384 | AD8: 18.17209 | AE8: 18.05562 | AF8: 16.76896 | AG8: 19.04838 | AH8: 17.69976 | AI8: 17.19026 | AJ8: 16.99832 | AL8: 100 | AM8: 6.69208 | AN8: 6.63017 | AO8: 6.80627 | AP8: 6.58553 | AQ8: 6.61438 | AR8: 6.67132 | AS8: 6.6597 | AT8: 6.59886 | AU8: 6.59004 | AV8: 6.6473
N9: 106 | O9: 78.73105 | P9: 77.70507 | Q9: 78.88824 | R9: 77.85223 | S9: 79.03381 | T9: 77.55469 | U9: 78.7598 | V9: 78.29488 | W9: 79.23605 | X9: 78.22182 | Z9: 106 | AA9: 17.58758 | AB9: 16.62105 | AC9: 16.94526 | AD9: 18.50677 | AE9: 18.3749 | AF9: 17.06637 | AG9: 19.37469 | AH9: 18.03126 | AI9: 17.5344 | AJ9: 17.32608 | AL9: 106 | AM9: 6.75785 | AN9: 6.69574 | AO9: 6.86917 | AP9: 6.65008 | AQ9: 6.67661 | AR9: 6.73752 | AS9: 6.72748 | AT9: 6.66333 | AU9: 6.65356 | AV9: 6.71381
N10: 112 | O10: 79.18234 | P10: 78.16155 | Q10: 79.37013 | R10: 78.30487 | S10: 79.47329 | T10: 77.98856 | U10: 79.25918 | V10: 78.72164 | W10: 79.69787 | X10: 78.67194 | Z10: 112 | AA10: 17.77901 | AB10: 16.87695 | AC10: 17.21789 | AD10: 18.78498 | AE10: 18.62428 | AF10: 17.33764 | AG10: 19.60814 | AH10: 18.25809 | AI10: 17.78632 | AJ10: 17.57675 | AL10: 112 | AM10: 6.80753 | AN10: 6.74798 | AO10: 6.91838 | AP10: 6.70252 | AQ10: 6.72599 | AR10: 6.78987 | AS10: 6.77765 | AT10: 6.71489 | AU10: 6.70332 | AV10: 6.76539
N11: 118 | O11: 80.01422 | P11: 79.01453 | Q11: 80.22526 | R11: 79.13725 | S11: 80.25999 | T11: 78.81817 | U11: 80.08137 | V11: 79.55431 | W11: 80.54281 | X11: 79.49961 | Z11: 118 | AA11: 17.94334 | AB11: 17.13954 | AC11: 17.49346 | AD11: 19.04861 | AE11: 18.86862 | AF11: 17.57114 | AG11: 19.81192 | AH11: 18.49267 | AI11: 18.01186 | AJ11: 17.80451 | AL11: 118 | AM11: 6.84804 | AN11: 6.79013 | AO11: 6.95807 | AP11: 6.74527 | AQ11: 6.76693 | AR11: 6.83218 | AS11: 6.81838 | AT11: 6.75697 | AU11: 6.74512 | AV11: 6.80804
N12: 125 | O12: 80.96532 | P12: 79.99962 | Q12: 81.19378 | R12: 80.1286 | S12: 81.20875 | T12: 79.79746 | U12: 81.02093 | V12: 80.59192 | W12: 81.47999 | X12: 80.49728 | Z12: 125 | AA12: 18.14585 | AB12: 17.47513 | AC12: 17.77655 | AD12: 19.3852 | AE12: 19.13513 | AF12: 17.86109 | AG12: 19.9729 | AH12: 18.80973 | AI12: 18.24945 | AJ12: 18.1161 | AL12: 125 | AM12: 6.88884 | AN12: 6.83162 | AO12: 6.99709 | AP12: 6.78695 | AQ12: 6.80807 | AR12: 6.87412 | AS12: 6.86062 | AT12: 6.79894 | AU12: 6.78637 | AV12: 6.84895
N13: 132 | O13: 82.07119 | P13: 81.15578 | Q13: 82.34721 | R13: 81.27561 | S13: 82.29435 | T13: 80.94026 | U13: 82.25352 | V13: 81.77613 | W13: 82.57725 | X13: 81.66172 | Z13: 132 | AA13: 18.64891 | AB13: 18.09479 | AC13: 18.35683 | AD13: 20.08825 | AE13: 19.68886 | AF13: 18.52957 | AG13: 20.65057 | AH13: 19.5763 | AI13: 18.87926 | AJ13: 18.82042 | AL13: 132 | AM13: 6.92303 | AN13: 6.86719 | AO13: 7.02985 | AP13: 6.82179 | AQ13: 6.84179 | AR13: 6.90886 | AS13: 6.89541 | AT13: 6.83352 | AU13: 6.82184 | AV13: 6.88355
N14: 140 | O14: 83.31588 | P14: 82.39107 | Q14: 83.57989 | R14: 82.51164 | S14: 83.51348 | T14: 82.18062 | U14: 83.49723 | V14: 83.0228 | W14: 83.8192 | X14: 82.90916 | Z14: 140 | AA14: 19.28727 | AB14: 18.82339 | AC14: 19.08974 | AD14: 20.83194 | AE14: 20.48032 | AF14: 19.26828 | AG14: 21.41647 | AH14: 20.38758 | AI14: 19.63437 | AJ14: 19.59872 | AL14: 140 | AM14: 6.95623 | AN14: 6.90131 | AO14: 7.06231 | AP14: 6.85722 | AQ14: 6.8756 | AR14: 6.94242 | AS14: 6.92982 | AT14: 6.86849 | AU14: 6.85594 | AV14: 6.91746
N15: 150 | O15: 84.62268 | P15: 83.69017 | Q15: 84.87711 | R15: 83.80149 | S15: 84.8045 | T15: 83.48209 | U15: 84.79248 | V15: 84.35253 | W15: 85.11377 | X15: 84.20802 | Z15: 150 | AA15: 19.86749 | AB15: 19.74 | AC15: 20.00278 | AD15: 21.77257 | AE15: 21.2591 | AF15: 20.24484 | AG15: 22.16555 | AH15: 21.36271 | AI15: 20.39581 | AJ15: 20.58768 | AL15: 150 | AM15: 6.99218 | AN15: 6.93876 | AO15: 7.09761 | AP15: 6.89407 | AQ15: 6.91273 | AR15: 6.97961 | AS15: 6.96598 | AT15: 6.90483 | AU15: 6.89226 | AV15: 6.95335
N16: 160 | O16: 85.94959 | P16: 85.01081 | Q16: 86.19034 | R16: 85.13138 | S16: 86.09488 | T16: 84.80536 | U16: 86.12384 | V16: 85.69887 | W16: 86.43841 | X16: 85.54328 | Z16: 160 | AA16: 20.70896 | AB16: 20.69508 | AC16: 20.91088 | AD16: 22.70838 | AE16: 22.26147 | AF16: 21.3097 | AG16: 22.90342 | AH16: 22.30509 | AI16: 21.40374 | AJ16: 21.6314 | AL16: 160 | AM16: 7.02259 | AN16: 6.97161 | AO16: 7.12761 | AP16: 6.92585 | AQ16: 6.94444 | AR16: 7.01063 | AS16: 6.9983 | AT16: 6.93643 | AU16: 6.92432 | AV16: 6.98486
N17: 170 | O17: 87.24216 | P17: 86.29633 | Q17: 87.47243 | R17: 86.41633 | S17: 87.39297 | T17: 86.08901 | U17: 87.41585 | V17: 86.98237 | W17: 87.74051 | X17: 86.8337 | Z17: 170 | AA17: 21.50034 | AB17: 21.40293 | AC17: 21.73378 | AD17: 23.48249 | AE17: 23.18086 | AF17: 22.17275 | AG17: 23.60153 | AH17: 22.84891 | AI17: 22.35142 | AJ17: 22.44851 | AL17: 170 | AM17: 7.05001 | AN17: 6.99992 | AO17: 7.15357 | AP17: 6.95374 | AQ17: 6.97162 | AR17: 7.03853 | AS17: 7.02636 | AT17: 6.96247 | AU17: 6.95152 | AV17: 7.01285
N18: 180 | O18: 88.47501 | P18: 87.50853 | Q18: 88.69034 | R18: 87.63005 | S18: 88.62496 | T18: 87.30584 | U18: 88.63112 | V18: 88.20723 | W18: 88.98069 | X18: 88.05786 | Z18: 180 | AA18: 22.07846 | AB18: 21.8277 | AC18: 22.27071 | AD18: 24.03165 | AE18: 23.80366 | AF18: 22.72244 | AG18: 24.07116 | AH18: 23.20308 | AI18: 23.03086 | AJ18: 22.83051 | AL18: 180 | AM18: 7.07322 | AN18: 7.02414 | AO18: 7.17598 | AP18: 6.97736 | AQ18: 6.99558 | AR18: 7.06273 | AS18: 7.05077 | AT18: 6.98696 | AU18: 6.9746 | AV18: 7.03695
L19: Limit | N19: 190 | O19: 89.72023 | P19: 88.80044 | Q19: 89.91579 | R19: 88.92305 | S19: 89.87765 | T19: 88.58942 | U19: 89.85763 | V19: 89.51939 | W19: 90.23336 | X19: 89.34957 | Z19: 190 | AA19: 22.25971 | AB19: 22.12426 | AC19: 22.33827 | AD19: 24.4749 | AE19: 23.95232 | AF19: 23.12489 | AG19: 24.16287 | AH19: 23.39434 | AI19: 23.2886 | AJ19: 22.97084 | AL19: 190 | AM19: 7.09446 | AN19: 7.04537 | AO19: 7.19792 | AP19: 6.99857 | AQ19: 7.01741 | AR19: 7.08452 | AS19: 7.07306 | AT19: 7.00983 | AU19: 6.99638 | AV19: 7.05885
K20: 100 | L20: 50 | N20: 200 | O20: 90.95466 | P20: 90.10861 | Q20: 91.13524 | R20: 90.2346 | S20: 91.11491 | T20: 89.89688 | U20: 91.08356 | V20: 90.84222 | W20: 91.4792 | X20: 90.66624 | Z20: 200 | AA20: 22.17948 | AB20: 22.09107 | AC20: 22.23669 | AD20: 24.6346 | AE20: 23.88068 | AF20: 23.15963 | AG20: 24.11405 | AH20: 23.30113 | AI20: 23.37329 | AJ20: 22.71894 | AL20: 200 | AM20: 7.11485 | AN20: 7.06502 | AO20: 7.21815 | AP20: 7.01873 | AQ20: 7.03854 | AR20: 7.10444 | AS20: 7.09437 | AT20: 7.03009 | AU20: 7.01797 | AV20: 7.0782
K21: 212 | L21: 50 | N21: 212 | O21: 92.14644 | P21: 91.33739 | Q21: 92.31217 | R21: 91.46616 | S21: 92.31237 | T21: 91.12698 | U21: 92.25844 | V21: 92.07773 | W21: 92.68166 | X21: 91.8999 | Z21: 212 | AA21: 21.78611 | AB21: 21.67677 | AC21: 21.82261 | AD21: 24.50443 | AE21: 23.44635 | AF21: 22.84479 | AG21: 23.90323 | AH21: 22.98985 | AI21: 23.12586 | AJ21: 22.02995 | AL21: 212 | AM21: 7.13689 | AN21: 7.08707 | AO21: 7.2399 | AP21: 7.04091 | AQ21: 7.06147 | AR21: 7.12707 | AS21: 7.11726 | AT21: 7.053 | AU21: 7.04012 | AV21: 7.1005
K22: 300 | L22: 35 | N22: 224 | O22: 93.35376 | P22: 92.5737 | Q22: 93.50215 | R22: 92.70971 | S22: 93.50872 | T22: 92.36746 | U22: 93.45134 | V22: 93.33291 | W22: 93.89243 | X22: 93.14779 | Z22: 224 | AA22: 21.04228 | AB22: 21.08167 | AC22: 21.03713 | AD22: 24.28795 | AE22: 22.73033 | AF22: 22.30254 | AG22: 23.30679 | AH22: 22.66725 | AI22: 22.51404 | AJ22: 21.1562 | AL22: 224 | AM22: 7.15868 | AN22: 7.10622 | AO22: 7.26036 | AP22: 7.0616 | AQ22: 7.08222 | AR22: 7.14794 | AS22: 7.13846 | AT22: 7.0737 | AU22: 7.06077 | AV22: 7.12151
K23: 400 | L23: 25 | N23: 236 | O23: 94.58063 | P23: 93.80484 | Q23: 94.71844 | R23: 93.93807 | S23: 94.72808 | T23: 93.60411 | U23: 94.66519 | V23: 94.5717 | W23: 95.1198 | X23: 94.39274 | Z23: 236 | AA23: 20.05346 | AB23: 20.27374 | AC23: 20.04378 | AD23: 23.99076 | AE23: 21.7969 | AF23: 21.52906 | AG23: 22.69387 | AH23: 22.34162 | AI23: 21.69353 | AJ23: 20.14826 | AL23: 236 | AM23: 7.17889 | AN23: 7.12557 | AO23: 7.27947 | AP23: 7.08103 | AQ23: 7.10287 | AR23: 7.16818 | AS23: 7.1594 | AT23: 7.09343 | AU23: 7.08221 | AV23: 7.14205
K24: 500 | L24: 20 | N24: 250 | O24: 95.74774 | P24: 94.90043 | Q24: 95.87839 | R24: 95.01877 | S24: 95.88013 | T24: 94.70002 | U24: 95.81629 | V24: 95.67138 | W24: 96.27969 | X24: 95.51867 | Z24: 250 | AA24: 18.69145 | AB24: 18.99217 | AC24: 18.68044 | AD24: 23.3197 | AE24: 20.56432 | AF24: 20.21295 | AG24: 22.01099 | AH24: 21.71721 | AI24: 20.48576 | AJ24: 18.70022 | AL24: 250 | AM24: 7.20155 | AN24: 7.14722 | AO24: 7.30194 | AP24: 7.10296 | AQ24: 7.12592 | AR24: 7.19098 | AS24: 7.18405 | AT24: 7.11667 | AU24: 7.10593 | AV24: 7.1655
K25: 600 | L25: 15 | N25: 265 | O25: 96.88856 | P25: 95.96975 | Q25: 97.03069 | R25: 96.09371 | S25: 97.00517 | T25: 95.75036 | U25: 96.94746 | V25: 96.76276 | W25: 97.41174 | X25: 96.59246 | Z25: 265 | AA25: 17.07963 | AB25: 17.32569 | AC25: 17.01799 | AD25: 22.22772 | AE25: 19.0382 | AF25: 18.45282 | AG25: 21.10241 | AH25: 20.72672 | AI25: 18.95699 | AJ25: 16.88569 | AL25: 265 | AM25: 7.22638 | AN25: 7.16984 | AO25: 7.32633 | AP25: 7.12612 | AQ25: 7.15005 | AR25: 7.21531 | AS25: 7.20982 | AT25: 7.14001 | AU25: 7.13095 | AV25: 7.18967
K26: 710 | L26: 12 | N26: 280 | O26: 97.99518 | P26: 97.0984 | Q26: 98.14928 | R26: 97.22699 | S26: 98.12519 | T26: 96.87617 | U26: 98.07386 | V26: 97.91428 | W26: 98.53334 | X26: 97.72429 | Z26: 280 | AA26: 15.43748 | AB26: 15.71634 | AC26: 15.28669 | AD26: 21.12891 | AE26: 17.36542 | AF26: 16.69142 | AG26: 19.90417 | AH26: 19.74345 | AI26: 17.2839 | AJ26: 15.12234 | AL26: 280 | AM26: 7.2512 | AN26: 7.19291 | AO26: 7.35076 | AP26: 7.1491 | AQ26: 7.17642 | AR26: 7.24027 | AS26: 7.23628 | AT26: 7.16409 | AU26: 7.15639 | AV26: 7.21471
K27: 800 | L27: 10 | N27: 300 | O27: 99.21354 | P27: 98.3204 | Q27: 99.36518 | R27: 98.45066 | S27: 99.34666 | T27: 98.09687 | U27: 99.2995 | V27: 99.16206 | W27: 99.76885 | X27: 98.9568 | Z27: 300 | AA27: 13.33507 | AB27: 13.91595 | AC27: 13.23227 | AD27: 19.73482 | AE27: 15.28192 | AF27: 14.75088 | AG27: 18.31358 | AH27: 18.52735 | AI27: 15.18177 | AJ27: 13.2913 | AL27: 300 | AM27: 7.28495 | AN27: 7.22302 | AO27: 7.38471 | AP27: 7.18066 | AQ27: 7.21309 | AR27: 7.27354 | AS27: 7.27283 | AT27: 7.19695 | AU27: 7.19149 | AV27: 7.24828
K28: 900 | L28: 9 | N28: 315 | O28: 100.47184 | P28: 99.59809 | Q28: 100.61861 | R28: 99.73561 | S28: 100.6031 | T28: 99.37267 | U28: 100.55859 | V28: 100.47302 | W28: 101.04053 | X28: 100.24722 | Z28: 315 | AA28: 12.0936 | AB28: 12.6136 | AC28: 12.1235 | AD28: 18.59227 | AE28: 14.13974 | AF28: 13.34948 | AG28: 17.36861 | AH28: 17.59875 | AI28: 13.98524 | AJ28: 12.09159 | AL28: 315 | AM28: 7.31282 | AN28: 7.24676 | AO28: 7.41157 | AP28: 7.2049 | AQ28: 7.24269 | AR28: 7.30085 | AS28: 7.30214 | AT28: 7.22339 | AU28: 7.21999 | AV28: 7.27457
K29: 1000 | L29: 8 | N29: 335 | O29: 101.74897 | P29: 100.92706 | Q29: 101.88879 | R29: 101.07572 | S29: 101.8747 | T29: 100.70194 | U29: 101.82975 | V29: 101.83474 | W29: 102.33239 | X29: 101.584 | Z29: 335 | AA29: 10.78937 | AB29: 11.24271 | AC29: 10.79539 | AD29: 17.26626 | AE29: 12.79397 | AF29: 11.9346 | AG29: 16.16869 | AH29: 16.55962 | AI29: 12.53658 | AJ29: 10.97779 | AL29: 335 | AM29: 7.35171 | AN29: 7.28063 | AO29: 7.45001 | AP29: 7.2393 | AQ29: 7.28508 | AR29: 7.34069 | AS29: 7.34452 | AT29: 7.26187 | AU29: 7.26148 | AV29: 7.31256
K30: 2000 | L30: 5 | N30: 355 | O30: 103.10018 | P30: 102.32819 | Q30: 103.22677 | R30: 102.47791 | S30: 103.21562 | T30: 102.10882 | U30: 103.15965 | V30: 103.26625 | W30: 103.68051 | X30: 103.00713 | Z30: 355 | AA30: 9.7491 | AB30: 10.18215 | AC30: 9.75324 | AD30: 16.05745 | AE30: 11.75727 | AF30: 10.81097 | AG30: 15.07443 | AH30: 15.52914 | AI30: 11.40351 | AJ30: 10.14841 | AL30: 355 | AM30: 7.39528 | AN30: 7.31865 | AO30: 7.49397 | AP30: 7.27983 | AQ30: 7.33379 | AR30: 7.38559 | AS30: 7.39275 | AT30: 7.30623 | AU30: 7.30797 | AV30: 7.35567
K31: 4500 | L31: 5 | N31: 375 | O31: 104.52149 | P31: 103.7626 | Q31: 104.63371 | R31: 103.91372 | S31: 104.6141 | T31: 103.53832 | U31: 104.54516 | V31: 104.73349 | W31: 105.06469 | X31: 104.46346 | Z31: 375 | AA31: 9.0311 | AB31: 9.28011 | AC31: 9.04034 | AD31: 14.83625 | AE31: 10.95988 | AF31: 9.84847 | AG31: 14.07533 | AH31: 14.36622 | AI31: 10.52961 | AJ31: 9.43295 | AL31: 375 | AM31: 7.44563 | AN31: 7.36008 | AO31: 7.54382 | AP31: 7.32321 | AQ31: 7.39078 | AR31: 7.43592 | AS31: 7.44738 | AT31: 7.35443 | AU31: 7.36025 | AV31: 7.4046
... K35: 14000 | L35: 5 | N35: 475 | O35: 109.94649 | P35: 109.34172 | Q35: 109.95505 | R35: 109.50668 | S35: 109.92524 | T35: 109.08654 | U35: 109.84576 | V35: 110.40617 | W35: 110.1243 | X35: 110.06106 | Z35: 475 | AA35: 7.17532 | AB35: 7.01169 | AC35: 7.15709 | AD35: 9.85595 | AE35: 8.13957 | AF35: 7.51095 | AG35: 9.67776 | AH35: 9.32292 | AI35: 7.81975 | AJ35: 7.15408 | AL35: 475 | AM35: 7.84338 | AN35: 7.68884 | AO35: 7.95202 | AP35: 7.67344 | AQ35: 7.83726 | AR35: 7.86347 | AS35: 7.87993 | AT35: 7.7552 | AU35: 7.77537 | AV35: 7.79618
N36: 500 | O36: 111.26092 | P36: 110.71114 | Q36: 111.24128 | R36: 110.87994 | S36: 111.21534 | T36: 110.46398 | U36: 111.13511 | V36: 111.80546 | W36: 111.34515 | X36: 111.41817 | Z36: 500 | AA36: 6.78158 | AB36: 6.62514 | AC36: 6.75591 | AD36: 8.90021 | AE36: 7.58842 | AF36: 7.13622 | AG36: 8.86039 | AH36: 8.48626 | AI36: 7.26911 | AJ36: 6.73515 | AL36: 500 | AM36: 7.98817 | AN36: 7.81084 | AO36: 8.10162 | AP36: 7.80542 | AQ36: 7.99556 | AR36: 8.02443 | AS36: 8.03317 | AT36: 7.90355 | AU36: 7.92141 | AV36: 7.93976
N37: 530 | O37: 112.63096 | P37: 112.11957 | Q37: 112.57075 | R37: 112.2906 | S37: 112.55278 | T37: 111.89772 | U37: 112.46911 | V37: 113.22789 | W37: 112.61015 | X37: 112.8165 | Z37: 530 | AA37: 6.33441 | AB37: 6.18863 | AC37: 6.30426 | AD37: 7.9786 | AE37: 6.99714 | AF37: 6.71944 | AG37: 8.06713 | AH37: 7.68242 | AI37: 6.68463 | AJ37: 6.30828 | AL37: 530 | AM37: 8.18116 | AN37: 7.98062 | AO37: 8.29851 | AP37: 7.9886 | AQ37: 8.19718 | AR37: 8.24546 | AS37: 8.22833 | AT37: 8.10208 | AU37: 8.11331 | AV37: 8.12982
N38: 560 | O38: 113.93731 | P38: 113.3626 | Q38: 113.82563 | R38: 113.53402 | S38: 113.81147 | T38: 113.149 | U38: 113.73604 | V38: 114.4535 | W38: 113.81721 | X38: 114.03945 | Z38: 560 | AA38: 5.97449 | AB38: 5.76537 | AC38: 5.99488 | AD38: 7.19227 | AE38: 6.59693 | AF38: 6.33107 | AG38: 7.4714 | AH38: 6.99007 | AI38: 6.29906 | AJ38: 5.92278 | AL38: 560 | AM38: 8.37797 | AN38: 8.16652 | AO38: 8.4994 | AP38: 8.18663 | AQ38: 8.4014 | AR38: 8.48779 | AS38: 8.42535 | AT38: 8.30896 | AU38: 8.31072 | AV38: 8.32464
N39: 600 | O39: 115.11298 | P39: 114.44914 | Q39: 114.96653 | R39: 114.60799 | S39: 114.96364 | T39: 114.21747 | U39: 114.90477 | V39: 115.49573 | W39: 114.92732 | X39: 115.04803 | Z39: 600 | AA39: 5.64312 | AB39: 5.36987 | AC39: 5.63827 | AD39: 6.4652 | AE39: 6.18155 | AF39: 6.02874 | AG39: 6.90046 | AH39: 6.35404 | AI39: 5.92083 | AJ39: 5.57123 | AL39: 600 | AM39: 8.62499 | AN39: 8.39362 | AO39: 8.75371 | AP39: 8.43275 | AQ39: 8.63811 | AR39: 8.77033 | AS39: 8.66243 | AT39: 8.54063 | AU39: 8.54773 | AV39: 8.55792
N40: 630 | O40: 115.93908 | P40: 115.38025 | Q40: 115.76055 | R40: 115.53395 | S40: 115.79315 | T40: 115.11437 | U40: 115.74454 | V40: 116.30756 | W40: 115.68736 | X40: 115.86389 | Z40: 630 | AA40: 5.4917 | AB40: 5.20286 | AC40: 5.4827 | AD40: 6.08265 | AE40: 6.00996 | AF40: 5.88649 | AG40: 6.64504 | AH40: 6.01654 | AI40: 5.78889 | AJ40: 5.41512 | AL40: 630 | AM40: 8.78794 | AN40: 8.52289 | AO40: 8.91612 | AP40: 8.58079 | AQ40: 8.76241 | AR40: 8.90699 | AS40: 8.78884 | AT40: 8.64837 | AU40: 8.68927 | AV40: 8.68664
N41: 670 | O41: 116.54402 | P41: 115.95466 | Q41: 116.28594 | R41: 116.15344 | S41: 116.34545 | T41: 115.6069 | U41: 116.30908 | V41: 116.73986 | W41: 116.17363 | X41: 116.29879 | Z41: 670 | AA41: 5.26108 | AB41: 4.97808 | AC41: 5.23375 | AD41: 5.64593 | AE41: 5.74433 | AF41: 5.66658 | AG41: 6.27885 | AH41: 5.57213 | AI41: 5.59322 | AJ41: 5.16819 | AL41: 670 | AM41: 8.88973 | AN41: 8.62755 | AO41: 9.00521 | AP41: 8.69434 | AQ41: 8.79425 | AR41: 8.93664 | AS41: 8.83078 | AT41: 8.67306 | AU41: 8.76028 | AV41: 8.75079
N42: 710 | O42: 116.78322 | P42: 116.22511 | Q42: 116.43441 | R42: 116.43247 | S42: 116.47145 | T42: 115.86087 | U42: 116.44525 | V42: 116.85552 | W42: 116.28482 | X42: 116.39749 | Z42: 710 | AA42: 5.00081 | AB42: 4.74373 | AC42: 4.96504 | AD42: 5.25126 | AE42: 5.50071 | AF42: 5.42805 | AG42: 5.89098 | AH42: 5.151 | AI42: 5.37901 | AJ42: 4.91156 | AL42: 710 | AM42: 8.87664 | AN42: 8.63571 | AO42: 8.98759 | AP42: 8.68431 | AQ42: 8.7231 | AR42: 8.81255 | AS42: 8.77039 | AT42: 8.57654 | AU42: 8.72739 | AV42: 8.69485
N43: 750 | O43: 116.82279 | P43: 116.40387 | Q43: 116.40362 | R43: 116.58755 | S43: 116.45548 | T43: 116.05222 | U43: 116.45203 | V43: 116.86056 | W43: 116.25386 | X43: 116.39295 | Z43: 750 | AA43: 4.74534 | AB43: 4.5305 | AC43: 4.72192 | AD43: 4.91758 | AE43: 5.25878 | AF43: 5.21278 | AG43: 5.55005 | AH43: 4.77806 | AI43: 5.18149 | AJ43: 4.67515 | AL43: 750 | AM43: 8.7825 | AN43: 8.58327 | AO43: 8.87303 | AP43: 8.57825 | AQ43: 8.59735 | AR43: 8.63487 | AS43: 8.64586 | AT43: 8.43097 | AU43: 8.62535 | AV43: 8.58098
N44: 800 | O44: 116.68383 | P44: 116.62504 | Q44: 116.61113 | R44: 116.58679 | S44: 116.56863 | T44: 116.61282 | U44: 116.58344 | V44: 116.70089 | W44: 116.46837 | X44: 116.46447 | Z44: 800 | AA44: 4.45014 | AB44: 4.23474 | AC44: 4.4301 | AD44: 4.55875 | AE44: 4.95317 | AF44: 4.92952 | AG44: 5.1487 | AH44: 4.37195 | AI44: 4.9575 | AJ44: 4.40364 | AL44: 800 | AM44: 8.59223 | AN44: 8.43576 | AO44: 8.65889 | AP44: 8.38169 | AQ44: 8.38803 | AR44: 8.371 | AS44: 8.4535 | AT44: 8.21701 | AU44: 8.44917 | AV44: 8.37987
N45: 850 | O45: 116.51712 | P45: 116.24284 | Q45: 115.99144 | R45: 116.37497 | S45: 116.03781 | T45: 115.99105 | U45: 116.08262 | V45: 116.38274 | W45: 115.88213 | X45: 115.96079 | Z45: 850 | AA45: 4.2145 | AB45: 3.94937 | AC45: 4.18418 | AD45: 4.26907 | AE45: 4.65737 | AF45: 4.65379 | AG45: 4.78939 | AH45: 3.99754 | AI45: 4.73601 | AJ45: 4.13731 | AL45: 850 | AM45: 8.3454 | AN45: 8.216 | AO45: 8.40116 | AP45: 8.139 | AQ45: 8.14164 | AR45: 8.09475 | AS45: 8.21051 | AT45: 7.97667 | AU45: 8.20759 | AV45: 8.14509
N46: 900 | O46: 116.2989 | P46: 116.10193 | Q46: 115.76936 | R46: 116.15187 | S46: 115.81531 | T46: 115.96046 | U46: 115.89283 | V46: 116.13296 | W46: 115.71599 | X46: 115.73878 | Z46: 900 | AA46: 4.025 | AB46: 3.73322 | AC46: 3.9637 | AD46: 4.02248 | AE46: 4.38515 | AF46: 4.42808 | AG46: 4.46674 | AH46: 3.69219 | AI46: 4.52936 | AJ46: 3.87549 | AL46: 900 | AM46: 8.0984 | AN46: 8.00141 | AO46: 8.15338 | AP46: 7.91458 | AQ46: 7.91152 | AR46: 7.8681 | AS46: 7.98096 | AT46: 7.77295 | AU46: 7.97328 | AV46: 7.93228
N47: 950 | O47: 116.17803 | P47: 115.99019 | Q47: 115.67728 | R47: 115.99333 | S47: 115.77885 | T47: 115.89483 | U47: 115.89477 | V47: 115.93141 | W47: 115.69597 | X47: 115.58557 | Z47: 950 | AA47: 3.78506 | AB47: 3.54371 | AC47: 3.67938 | AD47: 3.78138 | AE47: 4.04986 | AF47: 4.20195 | AG47: 4.11112 | AH47: 3.42179 | AI47: 4.23111 | AJ47: 3.59792 | AL47: 950 | AM47: 7.89648 | AN47: 7.81492 | AO47: 7.95423 | AP47: 7.72705 | AQ47: 7.73021 | AR47: 7.69428 | AS47: 7.79563 | AT47: 7.61139 | AU47: 7.77951 | AV47: 7.75403
... N94: 14000 | O94: 111.24426 | P94: 111.19655 | Q94: 112.53541 | R94: 111.55849 | S94: 112.36647 | T94: 111.08973 | U94: 112.25532 | V94: 112.24717 | W94: 111.12606 | X94: 110.85538 | Z94: 14000 | AA94: 0.04776 | AB94: 0.05131 | AC94: 0.04919 | AD94: 0.06259 | AE94: 0.06695 | AF94: 0.06966 | AG94: 0.06954 | AH94: 0.06704 | AI94: 0.07254 | AJ94: 0.0689 | AL94: 14000 | AM94: 11.30706 | AN94: 11.28933 | AO94: 11.38726 | AP94: 11.29285 | AQ94: 11.21011 | AR94: 11.31769 | AS94: 11.25183 | AT94: 11.2619 | AU94: 11.19491 | AV94: 11.31424
N95: 15000 | Z95: 15000 | AL95: 15000
N96: 16000 | Z96: 16000 | AL96: 16000
N97: 17000 | Z97: 17000 | AL97: 17000
N98: 18000 | Z98: 18000 | AL98: 18000
N99: 19000 | Z99: 19000 | AL99: 19000
N100: 20000 | Z100: 20000 | AL100: 20000
N102: SPL Average | O102: 115.58438 | P102: 115.42087 | Q102: 115.45048 | R102: 115.4065 | S102: 115.41985 | T102: 115.46447 | U102: 115.44007 | V102: 115.42173 | W102: 115.42366 | X102: 115.41047 | AL102: F0 | AM102: 666.12859 | AN102: 692.12833 | AO102: 670.15226 | AP102: 686.66441 | AQ102: 678.57879 | AR102: 693.11287 | AS102: 669.61397 | AT102: 657.42466 | AU102: 652.73775 | AV102: 657.71492

Sheet Load test T-Max
N1: SPL RAW DATA | Z1: THD RAW DATA | AL1: IMPEDANCE RAW DATA
N2: SPL specification / | S2: SPK :117.4 dB±2dB Average of frequency 0.8, 1.0, 1.2k, 1.5k, 3.58V | Z2: THD Limit / | AE2: 100-212Hz 50%300Hz 35%, 400Hz 25%, 500Hz 20%,600Hz 15%, 710Hz 12%, 800Hz 10%, 900Hz 9%,1KHz 8%, 2K~4.5KHz 5%, 5KHz 8%, 6KHz 8%,7.1-14KHz 5% with 3.58V | AL2: Imp / F0 Limit / | AQ2: IMP:8 Ω ±15% at 2kHz, 3.58V , F0: 615 ± 120Hz at 3.58V
N3: Evalution standard / | S3: Deviation before test and after test is under ± 2db, and SPL Average value in limit / | Z3: Evalution standard / | AE3: THD value in limit / | AL3: Evalution standard / | AQ3: Value in limit /
N4: Test condition / | S4: White Noise (EIA Filter 1kHz High Pass), at 4.15Vrms during 240Hr | Z4: Test condition / | AE4: White Noise (EIA Filter 1kHz High Pass), at 4.15Vrms during 240Hr | AL4: Test condition / | AQ4: White Noise (EIA Filter 1kHz High Pass), at 4.15Vrms during 240Hr
N5: Sample No | O5: #1 | Q5: #2 | S5: #3 | U5: #4 | W5: #5 | Z5: Sample No | AA5: #1 | AC5: #2 | AE5: #3 | AG5: #4 | AI5: #5 | AL5: Sample No | AM5: #1 | AO5: #2 | AQ5: #3 | AS5: #4 | AU5: #5
N6: Result | O6: OK | P6: OK | Q6: OK | R6: OK | S6: OK | T6: OK | U6: OK | V6: OK | W6: OK | X6: OK | AM6: OK | AN6: OK | AO6: OK | AP6: OK | AQ6: OK | AR6: OK | AS6: OK | AT6: OK | AU6: OK | AV6: OK
O7: Before #1 | P7: After #1 | Q7: Before #2 | R7: After #2 | S7: Before #3 | T7: After #3 | U7: Before #4 | V7: After #4 | W7: Before #5 | X7: After #5 | AA7: Before #1 | AB7: After #1 | AC7: Before #2 | AD7: After #2 | AE7: Before #3 | AF7: After #3 | AG7: Before #4 | AH7: After #4 | AI7: Before #5 | AJ7: After #5 | AM7: Before #1 | AN7: After #1 | AO7: Before #2 | AP7: After #2 | AQ7: Before #3 | AR7: After #3 | AS7: Before #4 | AT7: After #4 | AU7: Before #5 | AV7: After #5
N8: 100 | O8: 79.07605 | P8: 77.81721 | Q8: 77.84693 | R8: 77.77911 | S8: 78.65644 | T8: 77.21048 | U8: 78.38048 | V8: 77.38795 | W8: 78.25188 | X8: 77.5606 | Z8: 100 | AA8: 19.9779 | AB8: 19.3392 | AC8: 18.56304 | AD8: 19.00121 | AE8: 21.57386 | AF8: 18.16608 | AG8: 17.69271 | AH8: 19.58325 | AI8: 18.40503 | AJ8: 17.71044 | AL8: 100 | AM8: 6.60588 | AN8: 6.71945 | AO8: 6.60516 | AP8: 6.73243 | AQ8: 6.68352 | AR8: 6.7292 | AS8: 6.60087 | AT8: 6.79883 | AU8: 6.62888 | AV8: 6.72617
N9: 106 | O9: 79.48987 | P9: 78.20164 | Q9: 78.3306 | R9: 78.13203 | S9: 79.09163 | T9: 77.60566 | U9: 78.75362 | V9: 77.78109 | W9: 78.41106 | X9: 77.95712 | Z9: 106 | AA9: 20.34841 | AB9: 19.56335 | AC9: 18.9432 | AD9: 19.26349 | AE9: 21.60867 | AF9: 18.43358 | AG9: 17.96188 | AH9: 19.55556 | AI9: 18.7227 | AJ9: 17.95844 | AL9: 106 | AM9: 6.67226 | AN9: 6.7851 | AO9: 6.66972 | AP9: 6.7947 | AQ9: 6.74873 | AR9: 6.79096 | AS9: 6.66632 | AT9: 6.86184 | AU9: 6.69137 | AV9: 6.78977
N10: 112 | O10: 79.9244 | P10: 78.73566 | Q10: 78.89399 | R10: 78.57115 | S10: 79.50572 | T10: 78.07934 | U10: 79.21332 | V10: 78.25368 | W10: 78.97264 | X10: 78.44571 | Z10: 112 | AA10: 20.67981 | AB10: 19.80302 | AC10: 19.33723 | AD10: 19.57241 | AE10: 21.59399 | AF10: 18.67806 | AG10: 18.17464 | AH10: 19.78044 | AI10: 19.04586 | AJ10: 18.18499 | AL10: 112 | AM10: 6.72252 | AN10: 6.83553 | AO10: 6.72167 | AP10: 6.8436 | AQ10: 6.79783 | AR10: 6.83967 | AS10: 6.71634 | AT10: 6.91079 | AU10: 6.7404 | AV10: 6.84106
N11: 118 | O11: 80.77285 | P11: 79.66221 | Q11: 79.8617 | R11: 79.43168 | S11: 80.35099 | T11: 78.96225 | U11: 80.05209 | V11: 79.12785 | W11: 79.885 | X11: 79.33995 | Z11: 118 | AA11: 20.96719 | AB11: 20.06026 | AC11: 19.69167 | AD11: 19.78435 | AE11: 21.56095 | AF11: 18.92089 | AG11: 18.37108 | AH11: 19.78927 | AI11: 19.40911 | AJ11: 18.39336 | AL11: 118 | AM11: 6.76442 | AN11: 6.87668 | AO11: 6.7636 | AP11: 6.88643 | AQ11: 6.83836 | AR11: 6.88046 | AS11: 6.75822 | AT11: 6.95202 | AU11: 6.78082 | AV11: 6.88398
N12: 125 | O12: 81.69301 | P12: 80.71034 | Q12: 81.00398 | R12: 80.35394 | S12: 81.37068 | T12: 79.99398 | U12: 81.00927 | V12: 80.14774 | W12: 80.94196 | X12: 80.38138 | Z12: 125 | AA12: 21.25961 | AB12: 20.32903 | AC12: 20.04928 | AD12: 20.01522 | AE12: 21.49508 | AF12: 19.21595 | AG12: 18.58318 | AH12: 19.81338 | AI12: 19.78256 | AJ12: 18.62412 | AL12: 125 | AM12: 6.80575 | AN12: 6.91651 | AO12: 6.80486 | AP12: 6.92727 | AQ12: 6.87862 | AR12: 6.92113 | AS12: 6.79825 | AT12: 6.99314 | AU12: 6.82091 | AV12: 6.92522
N13: 132 | O13: 82.74882 | P13: 81.9003 | Q13: 82.18467 | R13: 81.49777 | S13: 82.48272 | T13: 81.14635 | U13: 82.09652 | V13: 81.29833 | W13: 82.07127 | X13: 81.56692 | Z13: 132 | AA13: 21.88241 | AB13: 20.82726 | AC13: 20.74172 | AD13: 20.48282 | AE13: 21.5429 | AF13: 19.81289 | AG13: 18.94527 | AH13: 19.95346 | AI13: 20.4421 | AJ13: 19.07474 | AL13: 132 | AM13: 6.84041 | AN13: 6.95026 | AO13: 6.83938 | AP13: 6.96152 | AQ13: 6.91132 | AR13: 6.95489 | AS13: 6.83143 | AT13: 7.02853 | AU13: 6.85439 | AV13: 6.95955
N14: 140 | O14: 83.96639 | P14: 83.20577 | Q14: 83.49089 | R14: 82.77109 | S14: 83.7198 | T14: 82.38963 | U14: 83.33682 | V14: 82.54555 | W14: 83.48298 | X14: 82.81847 | Z14: 140 | AA14: 22.6107 | AB14: 21.48837 | AC14: 21.66855 | AD14: 21.15784 | AE14: 21.58108 | AF14: 20.53214 | AG14: 19.4863 | AH14: 20.06566 | AI14: 21.26236 | AJ14: 19.635 | AL14: 140 | AM14: 6.87496 | AN14: 6.98422 | AO14: 6.87365 | AP14: 6.99556 | AQ14: 6.94567 | AR14: 6.98914 | AS14: 6.86597 | AT14: 7.06293 | AU14: 6.88723 | AV14: 6.99462
N15: 150 | O15: 85.2486 | P15: 84.54376 | Q15: 84.80212 | R15: 84.11194 | S15: 85.05343 | T15: 83.71408 | U15: 84.64473 | V15: 83.86684 | W15: 84.79214 | X15: 84.14101 | Z15: 150 | AA15: 23.45012 | AB15: 22.28099 | AC15: 22.77742 | AD15: 21.93386 | AE15: 21.90142 | AF15: 21.44602 | AG15: 20.123 | AH15: 20.33758 | AI15: 22.2917 | AJ15: 20.37884 | AL15: 150 | AM15: 6.91243 | AN15: 7.0207 | AO15: 6.91028 | AP15: 7.03267 | AQ15: 6.98127 | AR15: 7.02406 | AS15: 6.90176 | AT15: 7.10009 | AU15: 6.92391 | AV15: 7.03153
N16: 160 | O16: 86.53657 | P16: 85.88662 | Q16: 86.12175 | R16: 85.46393 | S16: 86.37875 | T16: 85.04661 | U16: 85.97005 | V16: 85.21558 | W16: 86.10716 | X16: 85.51829 | Z16: 160 | AA16: 24.16691 | AB16: 23.12326 | AC16: 23.89529 | AD16: 22.64564 | AE16: 22.3759 | AF16: 22.45967 | AG16: 20.79814 | AH16: 20.76412 | AI16: 23.18316 | AJ16: 21.18328 | AL16: 160 | AM16: 6.94549 | AN16: 7.05192 | AO16: 6.94244 | AP16: 7.0645 | AQ16: 7.01354 | AR16: 7.0543 | AS16: 6.93338 | AT16: 7.13064 | AU16: 6.95608 | AV16: 7.06127
N17: 170 | O17: 87.84741 | P17: 87.21631 | Q17: 87.41688 | R17: 86.80325 | S17: 87.6858 | T17: 86.35091 | U17: 87.27436 | V17: 86.53939 | W17: 87.39919 | X17: 86.83608 | Z17: 170 | AA17: 24.79362 | AB17: 23.98672 | AC17: 24.87334 | AD17: 23.31405 | AE17: 22.87627 | AF17: 23.4991 | AG17: 21.44599 | AH17: 21.2028 | AI17: 23.91386 | AJ17: 21.98772 | AL17: 170 | AM17: 6.97311 | AN17: 7.07925 | AO17: 6.97023 | AP17: 7.0918 | AQ17: 7.04073 | AR17: 7.08003 | AS17: 6.96105 | AT17: 7.15772 | AU17: 6.98274 | AV17: 7.08828
N18: 180 | O18: 89.07217 | P18: 88.4843 | Q18: 88.63929 | R18: 88.06978 | S18: 88.92104 | T18: 87.59854 | U18: 88.53041 | V18: 87.79134 | W18: 88.63262 | X18: 88.11294 | Z18: 180 | AA18: 25.21025 | AB18: 24.73431 | AC18: 25.42422 | AD18: 23.8594 | AE18: 23.35324 | AF18: 24.40143 | AG18: 21.96763 | AH18: 21.56964 | AI18: 24.48559 | AJ18: 22.74568 | AL18: 180 | AM18: 6.99734 | AN18: 7.103 | AO18: 6.99454 | AP18: 7.11539 | AQ18: 7.06418 | AR18: 7.1031 | AS18: 6.98439 | AT18: 7.18114 | AU18: 7.00582 | AV18: 7.11211
L19: Limit | N19: 190 | O19: 90.31082 | P19: 89.73727 | Q19: 89.88208 | R19: 89.34805 | S19: 90.18809 | T19: 88.85323 | U19: 89.8003 | V19: 89.05766 | W19: 89.89023 | X19: 89.37071 | Z19: 190 | AA19: 25.20632 | AB19: 25.16565 | AC19: 25.3408 | AD19: 24.11796 | AE19: 23.61909 | AF19: 24.8892 | AG19: 22.2185 | AH19: 21.6507 | AI19: 24.83483 | AJ19: 23.26571 | AL19: 190 | AM19: 7.0196 | AN19: 7.12577 | AO19: 7.01665 | AP19: 7.1374 | AQ19: 7.08479 | AR19: 7.12526 | AS19: 7.00556 | AT19: 7.20307 | AU19: 7.02784 | AV19: 7.13405
K20: 100 | L20: 50 | N20: 200 | O20: 91.55788 | P20: 90.95105 | Q20: 91.10809 | R20: 90.59562 | S20: 91.44184 | T20: 90.06659 | U20: 91.03437 | V20: 90.2874 | W20: 91.14251 | X20: 90.60455 | Z20: 200 | AA20: 25.06613 | AB20: 25.25549 | AC20: 25.04204 | AD20: 24.16167 | AE20: 23.7875 | AF20: 25.06729 | AG20: 22.16944 | AH20: 21.57862 | AI20: 24.80592 | AJ20: 23.50197 | AL20: 200 | AM20: 7.04096 | AN20: 7.1459 | AO20: 7.03701 | AP20: 7.15805 | AQ20: 7.10423 | AR20: 7.1458 | AS20: 7.02485 | AT20: 7.22243 | AU20: 7.04828 | AV20: 7.15441
K21: 212 | L21: 50 | N21: 212 | O21: 92.76405 | P21: 92.13976 | Q21: 92.28252 | R21: 91.79399 | S21: 92.63976 | T21: 91.24135 | U21: 92.22057 | V21: 91.48141 | W21: 92.34127 | X21: 91.77334 | Z21: 212 | AA21: 24.71634 | AB21: 24.82696 | AC21: 24.33026 | AD21: 23.66993 | AE21: 23.88197 | AF21: 24.44767 | AG21: 21.6374 | AH21: 21.1562 | AI21: 24.20562 | AJ21: 23.20536 | AL21: 212 | AM21: 7.06356 | AN21: 7.16906 | AO21: 7.06038 | AP21: 7.18083 | AQ21: 7.12722 | AR21: 7.16694 | AS21: 7.04664 | AT21: 7.24428 | AU21: 7.07056 | AV21: 7.17712
K22: 300 | L22: 35 | N22: 224 | O22: 93.97327 | P22: 93.34831 | Q22: 93.46568 | R22: 93.00132 | S22: 93.84919 | T22: 92.428 | U22: 93.41554 | V22: 92.69097 | W22: 93.55332 | X22: 92.97347 | Z22: 224 | AA22: 24.22448 | AB22: 24.06321 | AC22: 23.26496 | AD22: 22.88722 | AE22: 23.86122 | AF22: 23.6636 | AG22: 20.87491 | AH22: 20.47179 | AI22: 23.50457 | AJ22: 22.49772 | AL22: 224 | AM22: 7.08592 | AN22: 7.19016 | AO22: 7.08214 | AP22: 7.20136 | AQ22: 7.14954 | AR22: 7.188 | AS22: 7.06724 | AT22: 7.2644 | AU22: 7.0908 | AV22: 7.19945
K23: 400 | L23: 25 | N23: 236 | O23: 95.21275 | P23: 94.56628 | Q23: 94.6631 | R23: 94.21229 | S23: 95.07571 | T23: 93.62386 | U23: 94.61653 | V23: 93.90398 | W23: 94.77417 | X23: 94.17368 | Z23: 236 | AA23: 23.67612 | AB23: 23.09617 | AC23: 21.98822 | AD23: 21.86244 | AE23: 23.81289 | AF23: 22.63992 | AG23: 19.96917 | AH23: 19.60916 | AI23: 22.5388 | AJ23: 21.56937 | AL23: 236 | AM23: 7.1073 | AN23: 7.20969 | AO23: 7.10372 | AP23: 7.22113 | AQ23: 7.17099 | AR23: 7.20749 | AS23: 7.08694 | AT23: 7.28377 | AU23: 7.11193 | AV23: 7.21955
K24: 500 | L24: 20 | N24: 250 | O24: 96.38626 | P24: 95.75741 | Q24: 95.79928 | R24: 95.37834 | S24: 96.21079 | T24: 94.7899 | U24: 95.73734 | V24: 95.08257 | W24: 95.89983 | X24: 95.36076 | Z24: 250 | AA24: 22.92051 | AB24: 21.80987 | AC24: 20.32404 | AD24: 20.43433 | AE24: 23.66393 | AF24: 21.13426 | AG24: 18.79984 | AH24: 18.51339 | AI24: 21.11194 | AJ24: 20.28235 | AL24: 250 | AM24: 7.13249 | AN24: 7.2335 | AO24: 7.12831 | AP24: 7.24367 | AQ24: 7.19503 | AR24: 7.22914 | AS24: 7.10801 | AT24: 7.30574 | AU24: 7.13497 | AV24: 7.24312
K25: 600 | L25: 15 | N25: 265 | O25: 97.52681 | P25: 96.98645 | Q25: 96.92833 | R25: 96.57384 | S25: 97.33199 | T25: 96.03269 | U25: 96.85458 | V25: 96.29247 | W25: 97.00742 | X25: 96.60187 | Z25: 265 | AA25: 21.96268 | AB25: 20.29849 | AC25: 18.32665 | AD25: 18.77193 | AE25: 23.30861 | AF25: 19.23409 | AG25: 17.39361 | AH25: 17.40757 | AI25: 19.44981 | AJ25: 18.713 | AL25: 265 | AM25: 7.15843 | AN25: 7.25774 | AO25: 7.15421 | AP25: 7.26829 | AQ25: 7.22095 | AR25: 7.25223 | AS25: 7.13016 | AT25: 7.32843 | AU25: 7.15935 | AV25: 7.2688
K26: 710 | L26: 12 | N26: 280 | O26: 98.66898 | P26: 98.12554 | Q26: 98.01916 | R26: 97.71658 | S26: 98.48877 | T26: 97.22485 | U26: 97.99031 | V26: 97.41219 | W26: 98.14504 | X26: 97.79153 | Z26: 280 | AA26: 20.76612 | AB26: 18.67615 | AC26: 16.25315 | AD26: 17.08259 | AE26: 22.64256 | AF26: 17.21378 | AG26: 15.89646 | AH26: 16.32938 | AI26: 17.85135 | AJ26: 17.04398 | AL26: 280 | AM26: 7.18532 | AN26: 7.28261 | AO26: 7.18091 | AP26: 7.29212 | AQ26: 7.24743 | AR26: 7.27447 | AS26: 7.15331 | AT26: 7.35106 | AU26: 7.18549 | AV26: 7.29391
K27: 800 | L27: 10 | N27: 300 | O27: 99.9142 | P27: 99.30359 | Q27: 99.21519 | R27: 98.93261 | S27: 99.74386 | T27: 98.39643 | U27: 99.22823 | V27: 98.57942 | W27: 99.38469 | X27: 98.96693 | Z27: 300 | AA27: 19.13438 | AB27: 16.52106 | AC27: 13.87157 | AD27: 14.89604 | AE27: 21.48136 | AF27: 14.58369 | AG27: 13.94899 | AH27: 14.8677 | AI27: 15.84801 | AJ27: 14.81958 | AL27: 300 | AM27: 7.22298 | AN27: 7.31888 | AO27: 7.21849 | AP27: 7.32715 | AQ27: 7.28406 | AR27: 7.30596 | AS27: 7.18447 | AT27: 7.38253 | AU27: 7.22067 | AV27: 7.33027
K28: 900 | L28: 9 | N28: 315 | O28: 101.19014 | P28: 100.5515 | Q28: 100.45146 | R28: 100.2016 | S28: 101.02778 | T28: 99.60039 | U28: 100.49898 | V28: 99.82081 | W28: 100.65696 | X28: 100.17652 | Z28: 315 | AA28: 18.16999 | AB28: 15.04413 | AC28: 12.65765 | AD28: 13.40277 | AE28: 20.64446 | AF28: 12.9403 | AG28: 12.64696 | AH28: 13.80313 | AI28: 14.42476 | AJ28: 13.29566 | AL28: 315 | AM28: 7.25289 | AN28: 7.34726 | AO28: 7.24837 | AP28: 7.35397 | AQ28: 7.31268 | AR28: 7.33064 | AS28: 7.20886 | AT28: 7.40714 | AU28: 7.24811 | AV28: 7.35788
K29: 1000 | L29: 8 | N29: 335 | O29: 102.48071 | P29: 101.81927 | Q29: 101.70531 | R29: 101.48387 | S29: 102.32282 | T29: 100.82962 | U29: 101.78229 | V29: 101.07539 | W29: 101.94493 | X29: 101.41952 | Z29: 335 | AA29: 16.9253 | AB29: 13.36952 | AC29: 11.28718 | AD29: 11.68214 | AE29: 19.56824 | AF29: 11.06846 | AG29: 11.21474 | AH29: 12.6093 | AI29: 12.88266 | AJ29: 11.56739 | AL29: 335 | AM29: 7.29823 | AN29: 7.38675 | AO29: 7.29196 | AP29: 7.39173 | AQ29: 7.35444 | AR29: 7.36844 | AS29: 7.24231 | AT29: 7.44236 | AU29: 7.2892 | AV29: 7.4
K30: 2000 | L30: 5 | N30: 355 | O30: 103.84555 | P30: 103.14904 | Q30: 103.0244 | R30: 102.81805 | S30: 103.68945 | T30: 102.10286 | U30: 103.12258 | V30: 102.38193 | W30: 103.30202 | X30: 102.71454 | Z30: 355 | AA30: 15.7702 | AB30: 12.18407 | AC30: 10.25953 | AD30: 10.48843 | AE30: 18.54427 | AF30: 10.00907 | AG30: 10.23745 | AH30: 11.64325 | AI30: 11.91399 | AJ30: 10.40153 | AL30: 355 | AM30: 7.34912 | AN30: 7.43144 | AO30: 7.34154 | AP30: 7.43557 | AQ30: 7.40065 | AR30: 7.40769 | AS30: 7.27863 | AT30: 7.48041 | AU30: 7.33466 | AV30: 7.44721
K31: 4500 | L31: 5 | N31: 375 | O31: 105.26719 | P31: 104.57132 | Q31: 104.41383 | R31: 104.23137 | S31: 105.10717 | T31: 103.46512 | U31: 104.51588 | V31: 103.77885 | W31: 104.71126 | X31: 104.09235 | Z31: 375 | AA31: 14.66892 | AB31: 11.30078 | AC31: 9.54196 | AD31: 9.61583 | AE31: 17.49626 | AF31: 9.10459 | AG31: 9.47923 | AH31: 10.92641 | AI31: 11.08753 | AJ31: 9.65938 | AL31: 375 | AM31: 7.40805 | AN31: 7.48288 | AO31: 7.39985 | AP31: 7.48518 | AQ31: 7.45276 | AR31: 7.4522 | AS31: 7.32134 | AT31: 7.52412 | AU31: 7.38727 | AV31: 7.50225
... K35: 14000 | L35: 5 | N35: 475 | O35: 110.66467 | P35: 109.96951 | Q35: 109.65645 | R35: 109.6434 | S35: 110.50923 | T35: 108.9692 | U35: 109.78019 | V35: 109.17526 | W35: 110.11971 | X35: 109.46079 | Z35: 475 | AA35: 9.8757 | AB35: 7.98306 | AC35: 7.2421 | AD35: 7.38999 | AE35: 12.26652 | AF35: 6.73211 | AG35: 6.6073 | AH35: 8.37079 | AI35: 8.74816 | AJ35: 7.65128 | AL35: 475 | AM35: 7.85605 | AN35: 7.90094 | AO35: 7.87161 | AP35: 7.87991 | AQ35: 7.84748 | AR35: 7.81086 | AS35: 7.64494 | AT35: 7.86411 | AU35: 7.79983 | AV35: 7.95126
N36: 500 | O36: 111.97259 | P36: 111.25535 | Q36: 110.93013 | R36: 110.94184 | S36: 111.82446 | T36: 110.34756 | U36: 111.0015 | V36: 110.51343 | W36: 111.4476 | X36: 110.71945 | Z36: 500 | AA36: 9.02392 | AB36: 7.2862 | AC36: 6.7757 | AD36: 6.95514 | AE36: 11.24276 | AF36: 6.30463 | AG36: 6.03575 | AH36: 7.84712 | AI36: 8.21975 | AJ36: 7.2335 | AL36: 500 | AM36: 7.99476 | AN36: 8.05319 | AO36: 8.03818 | AP36: 8.02524 | AQ36: 7.97971 | AR36: 7.94511 | AS36: 7.76741 | AT36: 7.99431 | AU36: 7.94394 | AV36: 8.11734
N37: 530 | O37: 113.32555 | P37: 112.57565 | Q37: 112.24888 | R37: 112.23362 | S37: 113.16694 | T37: 111.73249 | U37: 112.22208 | V37: 111.88674 | W37: 112.82434 | X37: 111.96585 | Z37: 530 | AA37: 8.16677 | AB37: 6.59762 | AC37: 6.25492 | AD37: 6.49099 | AE37: 10.24998 | AF37: 5.83215 | AG37: 5.48895 | AH37: 7.31804 | AI37: 7.61079 | AJ37: 6.77785 | AL37: 530 | AM37: 8.15812 | AN37: 8.25015 | AO37: 8.24866 | AP37: 8.22294 | AQ37: 8.14518 | AR37: 8.13226 | AS37: 7.94062 | AT37: 8.17768 | AU37: 8.12084 | AV37: 8.33292
N38: 560 | O38: 114.59649 | P38: 113.81418 | Q38: 113.50174 | R38: 113.43352 | S38: 114.40592 | T38: 112.99767 | U38: 113.3588 | V38: 113.17337 | W38: 114.1144 | X38: 113.12504 | Z38: 560 | AA38: 7.54676 | AB38: 6.09642 | AC38: 5.88726 | AD38: 6.12142 | AE38: 9.45997 | AF38: 5.45726 | AG38: 5.10781 | AH38: 6.89762 | AI38: 7.12114 | AJ38: 6.4312 | AL38: 560 | AM38: 8.33214 | AN38: 8.45063 | AO38: 8.46222 | AP38: 8.41676 | AQ38: 8.30921 | AR38: 8.33167 | AS38: 8.13769 | AT38: 8.38072 | AU38: 8.27785 | AV38: 8.55054
N39: 600 | O39: 115.72859 | P39: 114.99304 | Q39: 114.66957 | R39: 114.60255 | S39: 115.54778 | T39: 114.2118 | U39: 114.4494 | V39: 114.40424 | W39: 115.33595 | X39: 114.27534 | Z39: 600 | AA39: 6.98539 | AB39: 5.63128 | AC39: 5.47868 | AD39: 5.7708 | AE39: 8.68805 | AF39: 5.1115 | AG39: 4.75092 | AH39: 6.51543 | AI39: 6.63374 | AJ39: 6.09188 | AL39: 600 | AM39: 8.5319 | AN39: 8.70343 | AO39: 8.7049 | AP39: 8.62927 | AQ39: 8.50139 | AR39: 8.57782 | AS39: 8.40042 | AT39: 8.63165 | AU39: 8.44884 | AV39: 8.80835
N40: 630 | O40: 116.49309 | P40: 115.98755 | Q40: 115.51814 | R40: 115.60899 | S40: 116.40357 | T40: 115.26533 | U40: 115.34531 | V40: 115.45875 | W40: 116.29785 | X40: 115.27953 | Z40: 630 | AA40: 6.74372 | AB40: 5.38787 | AC40: 5.31215 | AD40: 5.58877 | AE40: 8.36742 | AF40: 5.03226 | AG40: 4.57765 | AH40: 6.28884 | AI40: 6.4277 | AJ40: 5.90391 | AL40: 630 | AM40: 8.62994 | AN40: 8.85929 | AO40: 8.81793 | AP40: 8.75813 | AQ40: 8.60426 | AR40: 8.72349 | AS40: 8.57472 | AT40: 8.77757 | AU40: 8.5552 | AV40: 8.94482
N41: 670 | O41: 116.97041 | P41: 116.74584 | Q41: 116.04913 | R41: 116.38513 | S41: 116.85878 | T41: 116.09422 | U41: 116.01372 | V41: 116.26693 | W41: 116.90158 | X41: 116.0576 | Z41: 670 | AA41: 6.41662 | AB41: 5.18645 | AC41: 5.04257 | AD41: 5.39275 | AE41: 7.88508 | AF41: 4.87829 | AG41: 4.46897 | AH41: 6.00726 | AI41: 6.10811 | AJ41: 5.75014 | AL41: 670 | AM41: 8.64692 | AN41: 8.93842 | AO41: 8.81309 | AP41: 8.87329 | AQ41: 8.63207 | AR41: 8.82256 | AS41: 8.7056 | AT41: 8.90467 | AU41: 8.6372 | AV41: 8.97166
N42: 710 | O42: 117.00484 | P42: 117.07807 | Q42: 116.14006 | R42: 116.75495 | S42: 116.73268 | T42: 116.6858 | U42: 116.22249 | V42: 116.64393 | W42: 116.86753 | X42: 116.53987 | Z42: 710 | AA42: 6.11677 | AB42: 4.97088 | AC42: 4.8113 | AD42: 5.14135 | AE42: 7.40491 | AF42: 4.68907 | AG42: 4.36736 | AH42: 5.69819 | AI42: 5.75561 | AJ42: 5.54984 | AL42: 710 | AM42: 8.5797 | AN42: 8.88281 | AO42: 8.70442 | AP42: 8.88637 | AQ42: 8.57603 | AR42: 8.8035 | AS42: 8.72053 | AT42: 8.94518 | AU42: 8.62685 | AV42: 8.86172
N43: 750 | O43: 116.90495 | P43: 117.10939 | Q43: 116.13727 | R43: 116.88773 | S43: 116.6339 | T43: 117.02195 | U43: 116.34372 | V43: 116.72009 | W43: 116.86725 | X43: 116.67927 | Z43: 750 | AA43: 5.8693 | AB43: 4.80411 | AC43: 4.61604 | AD43: 4.87223 | AE43: 6.96181 | AF43: 4.51914 | AG43: 4.29875 | AH43: 5.35731 | AI43: 5.43014 | AJ43: 5.35543 | AL43: 750 | AM43: 8.47362 | AN43: 8.7372 | AO43: 8.54468 | AP43: 8.80142 | AQ43: 8.4786 | AR43: 8.70859 | AS43: 8.6473 | AT43: 8.88765 | AU43: 8.54558 | AV43: 8.69046
N44: 800 | O44: 116.62496 | P44: 116.95683 | Q44: 116.54992 | R44: 116.80847 | S44: 116.61195 | T44: 117.06251 | U44: 116.28288 | V44: 116.60898 | W44: 116.62613 | X44: 116.59416 | Z44: 800 | AA44: 5.5335 | AB44: 4.59489 | AC44: 4.35857 | AD44: 4.53828 | AE44: 6.44268 | AF44: 4.28184 | AG44: 4.16201 | AH44: 4.84057 | AI44: 5.08524 | AJ44: 5.07725 | AL44: 800 | AM44: 8.29954 | AN44: 8.52132 | AO44: 8.32645 | AP44: 8.6192 | AQ44: 8.32699 | AR44: 8.56507 | AS44: 8.50123 | AT44: 8.70253 | AU44: 8.41409 | AV44: 8.47721
N45: 850 | O45: 116.33025 | P45: 116.61849 | Q45: 115.7231 | R45: 116.55098 | S45: 115.91191 | T45: 116.90015 | U45: 116.08982 | V45: 116.32703 | W45: 116.27216 | X45: 116.33367 | Z45: 850 | AA45: 5.22219 | AB45: 4.39034 | AC45: 4.12625 | AD45: 4.289 | AE45: 5.9895 | AF45: 4.07122 | AG45: 4.00757 | AH45: 4.30722 | AI45: 4.84155 | AJ45: 4.83388 | AL45: 850 | AM45: 8.08517 | AN45: 8.29678 | AO45: 8.0616 | AP45: 8.39907 | AQ45: 8.1208 | AR45: 8.31684 | AS45: 8.24904 | AT45: 8.46418 | AU45: 8.20288 | AV45: 8.2306
N46: 900 | O46: 116.04671 | P46: 116.2085 | Q46: 115.55682 | R46: 116.22687 | S46: 115.62824 | T46: 116.63057 | U46: 115.87848 | V46: 115.98193 | W46: 115.99408 | X46: 116.00492 | Z46: 900 | AA46: 4.96161 | AB46: 4.22613 | AC46: 3.91088 | AD46: 4.09682 | AE46: 5.60414 | AF46: 3.9114 | AG46: 3.87529 | AH46: 3.8696 | AI46: 4.66504 | AJ46: 4.64952 | AL46: 900 | AM46: 7.88072 | AN46: 8.05926 | AO46: 7.83904 | AP46: 8.15552 | AQ46: 7.92236 | AR46: 8.08075 | AS46: 8.00603 | AT46: 8.22501 | AU46: 7.98781 | AV46: 7.99395
N47: 950 | O47: 115.96711 | P47: 115.97328 | Q47: 115.6079 | R47: 116.07753 | S47: 115.72436 | T47: 116.31232 | U47: 115.91567 | V47: 115.81075 | W47: 116.13718 | X47: 115.74029 | Z47: 950 | AA47: 4.63115 | AB47: 4.03189 | AC47: 3.61772 | AD47: 3.88094 | AE47: 5.19374 | AF47: 3.72749 | AG47: 3.6999 | AH47: 3.51018 | AI47: 4.42738 | AJ47: 4.4496 | AL47: 950 | AM47: 7.7168 | AN47: 7.87119 | AO47: 7.66779 | AP47: 7.94646 | AQ47: 7.75355 | AR47: 7.88887 | AS47: 7.80135 | AT47: 8.01498 | AU47: 7.8074 | AV47: 7.81158
... N94: 14000 | O94: 112.02428 | P94: 112.3198 | Q94: 111.94975 | R94: 112.85165 | S94: 112.04866 | T94: 112.67432 | U94: 111.77978 | V94: 112.29964 | W94: 111.56325 | X94: 112.29079 | Z94: 14000 | AA94: 0.06237 | AB94: 0.08588 | AC94: 0.07294 | AD94: 0.09157 | AE94: 0.06376 | AF94: 0.10063 | AG94: 0.07867 | AH94: 0.08358 | AI94: 0.07597 | AJ94: 0.08242 | AL94: 14000 | AM94: 11.16896 | AN94: 11.30294 | AO94: 11.1695 | AP94: 11.30159 | AQ94: 11.19639 | AR94: 11.26728 | AS94: 11.1863 | AT94: 11.39125 | AU94: 11.19787 | AV94: 11.28449
N95: 15000 | Z95: 15000 | AL95: 15000
N96: 16000 | Z96: 16000 | AL96: 16000
N97: 17000 | Z97: 17000 | AL97: 17000
N98: 18000 | Z98: 18000 | AL98: 18000
N99: 19000 | Z99: 19000 | AL99: 19000
N100: 20000 | Z100: 20000 | AL100: 20000
N102: SPL Average | O102: 115.41916 | P102: 115.58725 | Q102: 115.41709 | R102: 115.64153 | S102: 115.46643 | T102: 115.6212 | U102: 115.44901 | V102: 115.44172 | W102: 115.59925 | X102: 115.43194 | AL102: F0 | AM102: 668.47159 | AN102: 676.20217 | AO102: 652.77984 | AP102: 691.43148 | AQ102: 685.02372 | AR102: 684.10281 | AS102: 697.12095 | AT102: 697.46339 | AU102: 678.07428 | AV102: 686.96175

Sheet Load test X-Max
N1: SPL RAW DATA | Z1: THD RAW DATA | AL1: IMPEDANCE RAW DATA
N2: SPL specification / | S2: SPK :117.4 dB±2dB Average of frequency 0.8, 1.0, 1.2k, 1.5k, 3.58V | Z2: THD Limit / | AE2: 100-212Hz 50%300Hz 35%, 400Hz 25%, 500Hz 20%,600Hz 15%, 710Hz 12%, 800Hz 10%, 900Hz 9%,1KHz 8%, 2K~4.5KHz 5%, 5KHz 8%, 6KHz 8%,7.1-14KHz 5% with 3.58V | AL2: Imp / F0 Limit / | AQ2: IMP:8 Ω ±15% at 2kHz, 3.58V , F0: 615 ± 120Hz at 3.58V
N3: Evalution standard / | S3: Deviation before test and after test is under ± 2db, and SPL Average value in limit / | Z3: Evalution standard / | AE3: THD value in limit / | AL3: Evalution standard / | AQ3: Value in limit /
N4: Test condition / | S4: F0:615±50Hz, at 4.3V, 5sec on 2sec off, during 240Hr | Z4: Test condition / | AE4: F0:615±50Hz, at 4.3V, 5sec on 2sec off, during 240Hr | AL4: Test condition / | AQ4: F0:615±50Hz, at 4.3V, 5sec on 2sec off, during 240Hr
N5: Sample No | O5: #1 | Q5: #2 | S5: #3 | U5: #4 | W5: #5 | Z5: Sample No | AA5: #1 | AC5: #2 | AE5: #3 | AG5: #4 | AI5: #5 | AL5: Sample No | AM5: #1 | AO5: #2 | AQ5: #3 | AS5: #4 | AU5: #5
N6: Result | O6: OK | P6: OK | Q6: OK | R6: OK | S6: OK | T6: OK | U6: OK | V6: OK | W6: OK | X6: OK | AM6: OK | AN6: OK | AO6: OK | AP6: OK | AQ6: OK | AR6: OK | AS6: OK | AT6: OK | AU6: OK | AV6: OK
O7: Before #1 | P7: After #1 | Q7: Before #2 | R7: After #2 | S7: Before #3 | T7: After #3 | U7: Before #4 | V7: After #4 | W7: Before #5 | X7: After #5 | AA7: Before #1 | AB7: After #1 | AC7: Before #2 | AD7: After #2 | AE7: Before #3 | AF7: After #3 | AG7: Before #4 | AH7: After #4 | AI7: Before #5 | AJ7: After #5 | AM7: Before #1 | AN7: After #1 | AO7: Before #2 | AP7: After #2 | AQ7: Before #3 | AR7: After #3 | AS7: Before #4 | AT7: After #4 | AU7: Before #5 | AV7: After #5
N8: 100 | O8: 77.77019 | P8: 77.12452 | Q8: 78.73402 | R8: 77.76547 | S8: 78.39767 | T8: 77.36437 | U8: 78.31105 | V8: 77.34913 | W8: 77.95595 | X8: 77.77798 | Z8: 100 | AA8: 16.52307 | AB8: 19.4375 | AC8: 16.41168 | AD8: 16.78768 | AE8: 15.67417 | AF8: 17.57657 | AG8: 18.25128 | AH8: 17.80282 | AI8: 17.92344 | AJ8: 19.5095 | AL8: 100 | AM8: 6.62607 | AN8: 6.71598 | AO8: 6.65672 | AP8: 6.74261 | AQ8: 6.73293 | AR8: 6.74477 | AS8: 6.70559 | AT8: 6.82508 | AU8: 6.62601 | AV8: 6.82663
N9: 106 | O9: 78.25219 | P9: 77.50138 | Q9: 79.16309 | R9: 78.14397 | S9: 78.94918 | T9: 77.74537 | U9: 78.70088 | V9: 77.70874 | W9: 78.37975 | X9: 78.16871 | Z9: 106 | AA9: 16.60339 | AB9: 19.82358 | AC9: 16.59358 | AD9: 17.02124 | AE9: 15.93312 | AF9: 17.82299 | AG9: 18.57402 | AH9: 18.01072 | AI9: 18.17413 | AJ9: 19.53989 | AL9: 106 | AM9: 6.69219 | AN9: 6.77772 | AO9: 6.71929 | AP9: 6.80577 | AQ9: 6.79488 | AR9: 6.80905 | AS9: 6.76755 | AT9: 6.88854 | AU9: 6.68901 | AV9: 6.88932
N10: 112 | O10: 78.73295 | P10: 77.95667 | Q10: 79.63849 | R10: 78.61536 | S10: 79.43402 | T10: 78.22214 | U10: 79.1729 | V10: 78.16497 | W10: 78.83942 | X10: 78.64832 | Z10: 112 | AA10: 16.73704 | AB10: 20.02137 | AC10: 16.81632 | AD10: 17.22357 | AE10: 16.15732 | AF10: 18.03835 | AG10: 18.92497 | AH10: 18.19105 | AI10: 18.45121 | AJ10: 19.64636 | AL10: 112 | AM10: 6.742 | AN10: 6.82774 | AO10: 6.76797 | AP10: 6.85515 | AQ10: 6.84245 | AR10: 6.86087 | AS10: 6.81691 | AT10: 6.9389 | AU10: 6.73835 | AV10: 6.93932
N11: 118 | O11: 79.57119 | P11: 78.81879 | Q11: 80.48249 | R11: 79.48675 | S11: 80.30357 | T11: 79.10008 | U11: 80.0256 | V11: 79.06366 | W11: 79.67951 | X11: 79.52336 | Z11: 118 | AA11: 16.8618 | AB11: 20.24837 | AC11: 16.99106 | AD11: 17.42233 | AE11: 16.37893 | AF11: 18.2701 | AG11: 19.18745 | AH11: 18.39352 | AI11: 18.71522 | AJ11: 19.7224 | AL11: 118 | AM11: 6.78345 | AN11: 6.86898 | AO11: 6.80898 | AP11: 6.89571 | AQ11: 6.88107 | AR11: 6.90118 | AS11: 6.85769 | AT11: 6.97958 | AU11: 6.77914 | AV11: 6.98037
N12: 125 | O12: 80.58201 | P12: 79.81773 | Q12: 81.42557 | R12: 80.4987 | S12: 81.28474 | T12: 80.13433 | U12: 80.9708 | V12: 80.05084 | W12: 80.6173 | X12: 80.52057 | Z12: 125 | AA12: 16.99488 | AB12: 20.57819 | AC12: 17.13845 | AD12: 17.64831 | AE12: 16.61509 | AF12: 18.49929 | AG12: 19.48337 | AH12: 18.66113 | AI12: 18.96229 | AJ12: 19.8097 | AL12: 125 | AM12: 6.8249 | AN12: 6.90916 | AO12: 6.84898 | AP12: 6.93508 | AQ12: 6.92088 | AR12: 6.94033 | AS12: 6.89811 | AT12: 7.02067 | AU12: 6.81972 | AV12: 7.02162
N13: 132 | O13: 81.68372 | P13: 80.93848 | Q13: 82.53106 | R13: 81.65397 | S13: 82.39744 | T13: 81.29923 | U13: 82.07834 | V13: 81.19026 | W13: 81.64247 | X13: 81.66831 | Z13: 132 | AA13: 17.46994 | AB13: 21.13177 | AC13: 17.55137 | AD13: 18.066 | AE13: 17.12969 | AF13: 18.9785 | AG13: 20.14439 | AH13: 19.10619 | AI13: 19.48162 | AJ13: 20.02949 | AL13: 132 | AM13: 6.86002 | AN13: 6.94207 | AO13: 6.88227 | AP13: 6.96901 | AQ13: 6.95454 | AR13: 6.97365 | AS13: 6.93223 | AT13: 7.05433 | AU13: 6.85355 | AV13: 7.05605
N14: 140 | O14: 82.88477 | P14: 82.19525 | Q14: 83.74377 | R14: 82.91135 | S14: 83.58689 | T14: 82.55062 | U14: 83.32077 | V14: 82.42463 | W14: 82.85395 | X14: 82.92487 | Z14: 140 | AA14: 18.04442 | AB14: 21.82168 | AC14: 17.98348 | AD14: 18.61196 | AE14: 17.66765 | AF14: 19.50711 | AG14: 20.90325 | AH14: 19.6941 | AI14: 20.14279 | AJ14: 20.35161 | AL14: 140 | AM14: 6.89374 | AN14: 6.97502 | AO14: 6.91434 | AP14: 7.00178 | AQ14: 6.98719 | AR14: 7.00758 | AS14: 6.96458 | AT14: 7.08935 | AU14: 6.88813 | AV14: 7.08955
N15: 150 | O15: 84.17448 | P15: 83.51899 | Q15: 85.01883 | R15: 84.22961 | S15: 84.85122 | T15: 83.87826 | U15: 84.60857 | V15: 83.73247 | W15: 84.12268 | X15: 84.24009 | Z15: 150 | AA15: 18.63414 | AB15: 22.69072 | AC15: 18.57779 | AD15: 19.35178 | AE15: 18.39655 | AF15: 20.122 | AG15: 21.84007 | AH15: 20.48801 | AI15: 20.9744 | AJ15: 20.77863 | AL15: 150 | AM15: 6.9315 | AN15: 7.01181 | AO15: 6.95148 | AP15: 7.0375 | AQ15: 7.02117 | AR15: 7.04458 | AS15: 7.00017 | AT15: 7.12503 | AU15: 6.92458 | AV15: 7.12565
N16: 160 | O16: 85.49479 | P16: 84.86184 | Q16: 86.3322 | R16: 85.55503 | S16: 86.18333 | T16: 85.22351 | U16: 85.92061 | V16: 85.0337 | W16: 85.42131 | X16: 85.59025 | Z16: 160 | AA16: 18.95937 | AB16: 23.56519 | AC16: 18.98176 | AD16: 20.11278 | AE16: 19.24953 | AF16: 20.77784 | AG16: 22.80098 | AH16: 21.31737 | AI16: 22.00254 | AJ16: 21.27456 | AL16: 160 | AM16: 6.96303 | AN16: 7.04292 | AO16: 6.98294 | AP16: 7.06718 | AQ16: 7.05086 | AR16: 7.07533 | AS16: 7.03199 | AT16: 7.15568 | AU16: 6.95523 | AV16: 7.15639
N17: 170 | O17: 86.78736 | P17: 86.16939 | Q17: 87.62687 | R17: 86.86113 | S17: 87.47432 | T17: 86.53686 | U17: 87.21255 | V17: 86.34474 | W17: 86.70098 | X17: 86.9093 | Z17: 170 | AA17: 19.6708 | AB17: 24.37298 | AC17: 19.53978 | AD17: 20.95431 | AE17: 20.0751 | AF17: 21.40668 | AG17: 23.66972 | AH17: 22.19436 | AI17: 22.75313 | AJ17: 21.79952 | AL17: 170 | AM17: 6.99036 | AN17: 7.0712 | AO17: 7.00877 | AP17: 7.09308 | AQ17: 7.07596 | AR17: 7.10275 | AS17: 7.05855 | AT17: 7.1822 | AU17: 6.98175 | AV17: 7.18212
N18: 180 | O18: 88.01252 | P18: 87.42146 | Q18: 88.84437 | R18: 88.11281 | S18: 88.69334 | T18: 87.79099 | U18: 88.43789 | V18: 87.59322 | W18: 87.94536 | X18: 88.17073 | Z18: 180 | AA18: 20.29892 | AB18: 24.97296 | AC18: 19.92458 | AD18: 21.74763 | AE18: 20.75427 | AF18: 21.93925 | AG18: 24.24737 | AH18: 23.02784 | AI18: 23.30559 | AJ18: 22.22708 | AL18: 180 | AM18: 7.01416 | AN18: 7.0945 | AO18: 7.03159 | AP18: 7.1166 | AQ18: 7.09854 | AR18: 7.12594 | AS18: 7.08225 | AT18: 7.20521 | AU18: 7.00537 | AV18: 7.20584
L19: Limit | N19: 190 | O19: 89.26858 | P19: 88.67905 | Q19: 90.08645 | R19: 89.38547 | S19: 89.92732 | T19: 89.05856 | U19: 89.67647 | V19: 88.83778 | W19: 89.18468 | X19: 89.43409 | Z19: 190 | AA19: 20.69989 | AB19: 25.44594 | AC19: 20.03434 | AD19: 22.25337 | AE19: 21.04539 | AF19: 22.19342 | AG19: 24.35625 | AH19: 23.59222 | AI19: 23.51708 | AJ19: 22.36981 | AL19: 190 | AM19: 7.03571 | AN19: 7.11661 | AO19: 7.05235 | AP19: 7.13795 | AQ19: 7.12022 | AR19: 7.14794 | AS19: 7.10415 | AT19: 7.22626 | AU19: 7.02624 | AV19: 7.22669
K20: 100 | L20: 50 | N20: 200 | O20: 90.50598 | P20: 89.91941 | Q20: 91.33515 | R20: 90.64873 | S20: 91.17432 | T20: 90.3067 | U20: 90.91784 | V20: 90.09173 | W20: 90.42619 | X20: 90.68676 | Z20: 200 | AA20: 20.76934 | AB20: 25.55773 | AC20: 19.78686 | AD20: 22.4762 | AE20: 21.16809 | AF20: 22.15287 | AG20: 24.09304 | AH20: 23.7989 | AI20: 23.40062 | AJ20: 22.26181 | AL20: 200 | AM20: 7.0559 | AN20: 7.13686 | AO20: 7.07184 | AP20: 7.15783 | AQ20: 7.1402 | AR20: 7.16788 | AS20: 7.12461 | AT20: 7.24649 | AU20: 7.04711 | AV20: 7.24653
K21: 212 | L21: 50 | N21: 212 | O21: 91.69185 | P21: 91.11376 | Q21: 92.52126 | R21: 91.87056 | S21: 92.34238 | T21: 91.50915 | U21: 92.10059 | V21: 91.29928 | W21: 91.60213 | X21: 91.88941 | Z21: 212 | AA21: 20.52576 | AB21: 25.19143 | AC21: 19.01969 | AD21: 22.11269 | AE21: 20.88266 | AF21: 21.57767 | AG21: 23.30583 | AH21: 23.34869 | AI21: 22.82811 | AJ21: 21.63802 | AL21: 212 | AM21: 7.07765 | AN21: 7.15946 | AO21: 7.09323 | AP21: 7.1784 | AQ21: 7.16314 | AR21: 7.18951 | AS21: 7.14732 | AT21: 7.26924 | AU21: 7.07086 | AV21: 7.26883
K22: 300 | L22: 35 | N22: 224 | O22: 92.90932 | P22: 92.31857 | Q22: 93.72799 | R22: 93.09649 | S22: 93.54194 | T22: 92.71676 | U22: 93.29711 | V22: 92.50824 | W22: 92.79782 | X22: 93.10378 | Z22: 224 | AA22: 20.18753 | AB22: 24.38712 | AC22: 18.19728 | AD22: 21.54342 | AE22: 20.42016 | AF22: 20.85222 | AG22: 22.39449 | AH22: 22.60098 | AI22: 22.06361 | AJ22: 20.8046 | AL22: 224 | AM22: 7.10034 | AN22: 7.1794 | AO22: 7.11386 | AP22: 7.19807 | AQ22: 7.18367 | AR22: 7.20921 | AS22: 7.16861 | AT22: 7.28978 | AU22: 7.09208 | AV22: 7.28955
K23: 400 | L23: 25 | N23: 236 | O23: 94.10323 | P23: 93.53688 | Q23: 94.95419 | R23: 94.35303 | S23: 94.76335 | T23: 93.93506 | U23: 94.51119 | V23: 93.73435 | W23: 94.00765 | X23: 94.32978 | Z23: 236 | AA23: 19.76419 | AB23: 23.28848 | AC23: 17.27999 | AD23: 20.81125 | AE23: 19.88078 | AF23: 20.02587 | AG23: 21.3244 | AH23: 21.65818 | AI23: 21.13892 | AJ23: 19.86718 | AL23: 236 | AM23: 7.12092 | AN23: 7.19928 | AO23: 7.13295 | AP23: 7.21742 | AQ23: 7.20402 | AR23: 7.22928 | AS23: 7.18937 | AT23: 7.30931 | AU23: 7.11194 | AV23: 7.30939
K24: 500 | L24: 20 | N24: 250 | O24: 95.22486 | P24: 94.71263 | Q24: 96.09529 | R24: 95.52068 | S24: 95.90156 | T24: 95.12151 | U24: 95.64887 | V24: 94.93218 | W24: 95.13521 | X24: 95.52104 | Z24: 250 | AA24: 19.13775 | AB24: 21.71989 | AC24: 16.05194 | AD24: 19.79364 | AE24: 19.07872 | AF24: 18.8964 | AG24: 19.84289 | AH24: 20.35589 | AI24: 19.82585 | AJ24: 18.79719 | AL24: 250 | AM24: 7.14357 | AN24: 7.22218 | AO24: 7.15371 | AP24: 7.23882 | AQ24: 7.22669 | AR24: 7.25249 | AS24: 7.21301 | AT24: 7.33147 | AU24: 7.13373 | AV24: 7.33029
K25: 600 | L25: 15 | N25: 265 | O25: 96.32679 | P25: 95.88614 | Q25: 97.2043 | R25: 96.65225 | S25: 97.03032 | T25: 96.31181 | U25: 96.76531 | V25: 96.10804 | W25: 96.24621 | X25: 96.7283 | Z25: 265 | AA25: 18.3038 | AB25: 19.93824 | AC25: 14.61974 | AD25: 18.57585 | AE25: 18.07462 | AF25: 17.51292 | AG25: 18.08883 | AH25: 18.77877 | AI25: 18.23398 | AJ25: 17.6611 | AL25: 265 | AM25: 7.16889 | AN25: 7.24611 | AO25: 7.17672 | AP25: 7.26049 | AQ25: 7.25261 | AR25: 7.27676 | AS25: 7.23866 | AT25: 7.35418 | AU25: 7.15659 | AV25: 7.35314
K26: 710 | L26: 12 | N26: 280 | O26: 97.45836 | P26: 97.00138 | Q26: 98.35308 | R26: 97.76378 | S26: 98.18068 | T26: 97.41162 | U26: 97.90371 | V26: 97.18977 | W26: 97.37747 | X26: 97.85935 | Z26: 280 | AA26: 17.36664 | AB26: 18.0858 | AC26: 13.22549 | AD26: 17.20392 | AE26: 16.94027 | AF26: 16.03852 | AG26: 16.29482 | AH26: 17.06861 | AI26: 16.63075 | AJ26: 16.48681 | AL26: 280 | AM26: 7.19334 | AN26: 7.2705 | AO26: 7.19986 | AP26: 7.28294 | AQ26: 7.27896 | AR26: 7.30026 | AS26: 7.26374 | AT26: 7.37796 | AU26: 7.18162 | AV26: 7.37689
K27: 800 | L27: 10 | N27: 300 | O27: 98.6806 | P27: 98.20993 | Q27: 99.60121 | R27: 98.98779 | S27: 99.421 | T27: 98.59417 | U27: 99.14016 | V27: 98.37952 | W27: 98.61071 | X27: 99.05186 | Z27: 300 | AA27: 15.98361 | AB27: 15.76554 | AC27: 11.47583 | AD27: 15.30198 | AE27: 15.36443 | AF27: 14.07476 | AG27: 14.15073 | AH27: 14.78965 | AI27: 14.62986 | AJ27: 14.96645 | AL27: 300 | AM27: 7.22846 | AN27: 7.30427 | AO27: 7.2323 | AP27: 7.31435 | AQ27: 7.31578 | AR27: 7.33366 | AS27: 7.30041 | AT27: 7.41151 | AU27: 7.21472 | AV27: 7.40931
K28: 900 | L28: 9 | N28: 315 | O28: 99.95368 | P28: 99.46509 | Q28: 100.87575 | R28: 100.24178 | S28: 100.69202 | T28: 99.84198 | U28: 100.39995 | V28: 99.62798 | W28: 99.86989 | X28: 100.30679 | Z28: 315 | AA28: 14.93428 | AB28: 14.14959 | AC28: 10.31198 | AD28: 13.98371 | AE28: 14.38767 | AF28: 12.74154 | AG28: 12.85601 | AH28: 13.24718 | AI28: 13.30946 | AJ28: 13.85279 | AL28: 315 | AM28: 7.2552 | AN28: 7.33162 | AO28: 7.25655 | AP28: 7.3378 | AQ28: 7.34406 | AR28: 7.36003 | AS28: 7.32832 | AT28: 7.43803 | AU28: 7.24064 | AV28: 7.43395
K29: 1000 | L29: 8 | N29: 335 | O29: 101.23145 | P29: 100.72431 | Q29: 102.15725 | R29: 101.52439 | S29: 101.96986 | T29: 101.1005 | U29: 101.66387 | V29: 100.88687 | W29: 101.14292 | X29: 101.57866 | Z29: 335 | AA29: 13.90674 | AB29: 12.37814 | AC29: 9.23251 | AD29: 12.48569 | AE29: 13.19373 | AF29: 11.24956 | AG29: 11.61949 | AH29: 11.5754 | AI29: 11.91938 | AJ29: 12.5896 | AL29: 335 | AM29: 7.29498 | AN29: 7.37078 | AO29: 7.29099 | AP29: 7.37018 | AQ29: 7.38827 | AR29: 7.39685 | AS29: 7.37112 | AT29: 7.4743 | AU29: 7.27968 | AV29: 7.4684
K30: 2000 | L30: 5 | N30: 355 | O30: 102.58396 | P30: 102.04156 | Q30: 103.51976 | R30: 102.88199 | S30: 103.32289 | T30: 102.41648 | U30: 103.00313 | V30: 102.21177 | W30: 102.48845 | X30: 102.9112 | Z30: 355 | AA30: 13.13764 | AB30: 11.01168 | AC30: 8.6879 | AD30: 11.56726 | AE30: 12.36197 | AF30: 10.29483 | AG30: 10.82305 | AH30: 10.55216 | AI30: 11.00796 | AJ30: 11.76653 | AL30: 355 | AM30: 7.33974 | AN30: 7.41354 | AO30: 7.32942 | AP30: 7.4064 | AQ30: 7.43791 | AR30: 7.43936 | AS30: 7.42021 | AT30: 7.5152 | AU30: 7.32423 | AV30: 7.50739
K31: 4500 | L31: 5 | N31: 375 | O31: 103.99355 | P31: 103.45565 | Q31: 104.92286 | R31: 104.31097 | S31: 104.7277 | T31: 103.83205 | U31: 104.39298 | V31: 103.64545 | W31: 103.8924 | X31: 104.33988 | Z31: 375 | AA31: 12.35681 | AB31: 10.1086 | AC31: 8.18441 | AD31: 10.82092 | AE31: 11.64318 | AF31: 9.49324 | AG31: 10.09706 | AH31: 9.83741 | AI31: 10.19242 | AJ31: 11.14746 | AL31: 375 | AM31: 7.38971 | AN31: 7.46289 | AO31: 7.37115 | AP31: 7.447 | AQ31: 7.4944 | AR31: 7.48735 | AS31: 7.47519 | AT31: 7.56248 | AU31: 7.37375 | AV31: 7.5508
... K35: 14000 | L35: 5 | N35: 475 | O35: 109.54033 | P35: 109.00114 | Q35: 110.20683 | R35: 109.77109 | S35: 110.04707 | T35: 109.25855 | U35: 109.7342 | V35: 109.18369 | W35: 109.32785 | X35: 109.8265 | Z35: 475 | AA35: 8.64443 | AB35: 8.15256 | AC35: 6.26123 | AD35: 7.89507 | AE35: 8.2922 | AF35: 6.45096 | AG35: 7.5207 | AH35: 7.75276 | AI35: 7.85075 | AJ35: 8.40095 | AL35: 475 | AM35: 7.79283 | AN35: 7.85567 | AO35: 7.7107 | AP35: 7.76345 | AQ35: 7.95046 | AR35: 7.87815 | AS35: 7.91571 | AT35: 7.92327 | AU35: 7.77174 | AV35: 7.89758
N36: 500 | O36: 110.93986 | P36: 110.42036 | Q36: 111.47494 | R36: 111.11294 | S36: 111.28259 | T36: 110.60286 | U36: 111.03898 | V36: 110.57101 | W36: 110.64486 | X36: 111.16332 | Z36: 500 | AA36: 7.8841 | AB36: 7.71506 | AC36: 5.84596 | AD36: 7.2355 | AE36: 7.56167 | AF36: 5.88897 | AG36: 6.99447 | AH36: 7.31118 | AI36: 7.3604 | AJ36: 7.83343 | AL36: 500 | AM36: 7.93878 | AN36: 7.99778 | AO36: 7.83968 | AP36: 7.88285 | AQ36: 8.10547 | AR36: 8.02161 | AS36: 8.07148 | AT36: 8.05672 | AU36: 7.9168 | AV36: 8.03071
N37: 530 | O37: 112.40751 | P37: 111.90699 | Q37: 112.79154 | R37: 112.49977 | S37: 112.54884 | T37: 111.98248 | U37: 112.38164 | V37: 111.97451 | W37: 111.97214 | X37: 112.54074 | Z37: 530 | AA37: 7.14404 | AB37: 7.16992 | AC37: 5.42172 | AD37: 6.6084 | AE37: 6.87416 | AF37: 5.38094 | AG37: 6.45987 | AH37: 6.83079 | AI37: 6.87693 | AJ37: 7.34156 | AL37: 530 | AM37: 8.13212 | AN37: 8.17953 | AO37: 8.02233 | AP37: 8.05428 | AQ37: 8.30409 | AR37: 8.21402 | AS37: 8.26505 | AT37: 8.23916 | AU37: 8.10657 | AV37: 8.21871
N38: 560 | O38: 113.7808 | P38: 113.31317 | Q38: 114.02055 | R38: 113.81428 | S38: 113.74827 | T38: 113.28211 | U38: 113.64231 | V38: 113.27395 | W38: 113.20871 | X38: 113.8314 | Z38: 560 | AA38: 6.51593 | AB38: 6.74136 | AC38: 5.10236 | AD38: 6.0846 | AE38: 6.30355 | AF38: 5.01001 | AG38: 6.06695 | AH38: 6.45466 | AI38: 6.49161 | AJ38: 6.9582 | AL38: 560 | AM38: 8.33605 | AN38: 8.35337 | AO38: 8.22563 | AP38: 8.25062 | AQ38: 8.50694 | AR38: 8.41957 | AS38: 8.4392 | AT38: 8.43576 | AU38: 8.29903 | AV38: 8.42473
N39: 600 | O39: 115.05585 | P39: 114.66605 | Q39: 115.13827 | R39: 115.07604 | S39: 114.85937 | T39: 114.52876 | U39: 114.78218 | V39: 114.52769 | W39: 114.3777 | X39: 115.0609 | Z39: 600 | AA39: 5.90466 | AB39: 6.31276 | AC39: 4.83472 | AD39: 5.56044 | AE39: 5.74917 | AF39: 4.6687 | AG39: 5.70063 | AH39: 6.0908 | AI39: 6.11138 | AJ39: 6.54293 | AL39: 600 | AM39: 8.59648 | AN39: 8.53923 | AO39: 8.49852 | AP39: 8.52657 | AQ39: 8.74654 | AR39: 8.68852 | AS39: 8.64669 | AT39: 8.68631 | AU39: 8.52052 | AV39: 8.67493
N40: 630 | O40: 116.00408 | P40: 115.7655 | Q40: 115.92622 | R40: 116.12323 | S40: 115.69624 | T40: 115.5686 | U40: 115.61068 | V40: 115.59458 | W40: 115.26918 | X40: 116.09408 | Z40: 630 | AA40: 5.63321 | AB40: 6.05201 | AC40: 4.84928 | AD40: 5.30508 | AE40: 5.50013 | AF40: 4.5439 | AG40: 5.58387 | AH40: 5.92333 | AI40: 5.96508 | AJ40: 6.32294 | AL40: 630 | AM40: 8.74972 | AN40: 8.65393 | AO40: 8.67499 | AP40: 8.71516 | AQ40: 8.86752 | AR40: 8.85838 | AS40: 8.78089 | AT40: 8.84679 | AU40: 8.64562 | AV40: 8.81994
N41: 670 | O41: 116.64775 | P41: 116.59216 | Q41: 116.41928 | R41: 116.89134 | S41: 116.26454 | T41: 116.34709 | U41: 116.16124 | V41: 116.4202 | W41: 115.88955 | X41: 116.87561 | Z41: 670 | AA41: 5.28145 | AB41: 5.79267 | AC41: 4.75059 | AD41: 5.04169 | AE41: 5.17456 | AF41: 4.46128 | AG41: 5.38367 | AH41: 5.75241 | AI41: 5.70111 | AJ41: 6.06113 | AL41: 670 | AM41: 8.81943 | AN41: 8.7521 | AO41: 8.79596 | AP41: 8.87149 | AQ41: 8.88493 | AR41: 8.95647 | AS41: 8.85481 | AT41: 8.95219 | AU41: 8.69809 | AV41: 8.94023
N42: 710 | O42: 116.79746 | P42: 116.89798 | Q42: 116.42814 | R42: 117.11068 | S42: 116.39674 | T42: 116.64232 | U42: 116.28453 | V42: 116.77467 | W42: 116.08844 | X42: 117.21742 | Z42: 710 | AA42: 4.96018 | AB42: 5.50928 | AC42: 4.66948 | AD42: 4.77857 | AE42: 4.86654 | AF42: 4.37888 | AG42: 5.21301 | AH42: 5.52689 | AI42: 5.39523 | AJ42: 5.73342 | AL42: 710 | AM42: 8.75286 | AN42: 8.75315 | AO42: 8.78919 | AP42: 8.89185 | AQ42: 8.79989 | AR42: 8.90332 | AS42: 8.82262 | AT42: 8.93576 | AU42: 8.65044 | AV42: 8.96407
N43: 750 | O43: 116.86814 | P43: 116.99309 | Q43: 116.38803 | R43: 117.10017 | S43: 116.45336 | T43: 116.70948 | U43: 116.31583 | V43: 116.91317 | W43: 116.21915 | X43: 117.23442 | Z43: 750 | AA43: 4.68225 | AB43: 5.22066 | AC43: 4.58655 | AD43: 4.52506 | AE43: 4.60529 | AF43: 4.3189 | AG43: 5.07948 | AH43: 5.31571 | AI43: 5.11052 | AJ43: 5.38747 | AL43: 750 | AM43: 8.62097 | AN43: 8.66866 | AO43: 8.69317 | AP43: 8.80879 | AQ43: 8.65793 | AR43: 8.76461 | AS43: 8.71091 | AT43: 8.83707 | AU43: 8.54525 | AV43: 8.89348
N44: 800 | O44: 116.7182 | P44: 116.85011 | Q44: 116.55811 | R44: 116.87286 | S44: 116.32598 | T44: 116.58235 | U44: 116.66939 | V44: 116.84933 | W44: 116.64197 | X44: 117.03401 | Z44: 800 | AA44: 4.35598 | AB44: 4.88559 | AC44: 4.4217 | AD44: 4.22028 | AE44: 4.29825 | AF44: 4.18788 | AG44: 4.84874 | AH44: 5.04091 | AI44: 4.80107 | AJ44: 4.85721 | AL44: 800 | AM44: 8.46705 | AN44: 8.49496 | AO44: 8.52788 | AP44: 8.63884 | AQ44: 8.47748 | AR44: 8.56907 | AS44: 8.54563 | AT44: 8.66438 | AU44: 8.39506 | AV44: 8.72874
N45: 850 | O45: 116.48485 | P45: 116.56288 | Q45: 115.90741 | R45: 116.48364 | S45: 116.12946 | T45: 116.28423 | U45: 115.98302 | V45: 116.58932 | W45: 115.96177 | X45: 116.65332 | Z45: 850 | AA45: 4.08406 | AB45: 4.6514 | AC45: 4.26596 | AD45: 3.9692 | AE45: 4.04546 | AF45: 4.05547 | AG45: 4.59196 | AH45: 4.80463 | AI45: 4.53162 | AJ45: 4.35752 | AL45: 850 | AM45: 8.19321 | AN45: 8.30552 | AO45: 8.2635 | AP45: 8.40953 | AQ45: 8.21265 | AR45: 8.33566 | AS45: 8.28646 | AT45: 8.45665 | AU45: 8.14357 | AV45: 8.50606
N46: 900 | O46: 116.25508 | P46: 116.20994 | Q46: 115.68724 | R46: 116.0554 | S46: 115.94788 | T46: 115.93159 | U46: 115.81507 | V46: 116.24846 | W46: 115.78425 | X46: 116.19453 | Z46: 900 | AA46: 3.8531 | AB46: 4.50812 | AC46: 4.12636 | AD46: 3.78985 | AE46: 3.83543 | AF46: 3.93853 | AG46: 4.35285 | AH46: 4.6334 | AI46: 4.29082 | AJ46: 3.94715 | AL46: 900 | AM46: 7.95914 | AN46: 8.09533 | AO46: 8.0163 | AP46: 8.15746 | AQ46: 7.99104 | AR46: 8.09014 | AS46: 8.05181 | AT46: 8.22315 | AU46: 7.92248 | AV46: 8.24739
N47: 950 | O47: 116.24272 | P47: 116.09325 | Q47: 115.72371 | R47: 115.92712 | S47: 115.97115 | T47: 115.81629 | U47: 115.84243 | V47: 116.11219 | W47: 115.78682 | X47: 115.91478 | Z47: 950 | AA47: 3.61093 | AB47: 4.33384 | AC47: 3.9094 | AD47: 3.5999 | AE47: 3.59753 | AF47: 3.78946 | AG47: 4.06524 | AH47: 4.43361 | AI47: 4.0288 | AJ47: 3.59134 | AL47: 950 | AM47: 7.76919 | AN47: 7.90876 | AO47: 7.81764 | AP47: 7.94549 | AQ47: 7.81022 | AR47: 7.8933 | AS47: 7.85911 | AT47: 8.03057 | AU47: 7.74238 | AV47: 8.03348
... N94: 14000 | O94: 112.10687 | P94: 112.64327 | Q94: 112.00119 | R94: 111.72552 | S94: 112.30708 | T94: 112.1783 | U94: 111.7717 | V94: 112.68379 | W94: 112.0875 | X94: 111.68037 | Z94: 14000 | AA94: 0.07131 | AB94: 0.08546 | AC94: 0.07112 | AD94: 0.08527 | AE94: 0.06499 | AF94: 0.08077 | AG94: 0.07309 | AH94: 0.08295 | AI94: 0.07072 | AJ94: 0.08299 | AL94: 14000 | AM94: 11.20541 | AN94: 11.28685 | AO94: 11.23084 | AP94: 11.31426 | AQ94: 11.27485 | AR94: 11.30084 | AS94: 11.27161 | AT94: 11.41179 | AU94: 11.16724 | AV94: 11.40315
N95: 15000 | Z95: 15000 | AL95: 15000
N96: 16000 | Z96: 16000 | AL96: 16000
N97: 17000 | Z97: 17000 | AL97: 17000
N98: 18000 | Z98: 18000 | AL98: 18000
N99: 19000 | Z99: 19000 | AL99: 19000
N100: 20000 | Z100: 20000 | AL100: 20000
N102: SPL Average | O102: 115.60715 | P102: 115.54717 | Q102: 115.46189 | R102: 115.52683 | S102: 115.41768 | T102: 115.42114 | U102: 115.51561 | V102: 115.57228 | W102: 115.50744 | X102: 115.51652 | AL102: F0 | AM102: 688.58193 | AN102: 658.08617 | AO102: 661.86388 | AP102: 665.41546 | AQ102: 682.13716 | AR102: 686.0926 | AS102: 676.86762 | AT102: 698.59753 | AU102: 689.04882 | AV102: 675.69376

Sheet Water
N1: SPL RAW DATA | Z1: THD RAW DATA | AL1: IMPEDANCE RAW DATA
N2: SPL specification / | S2: SPK :117.4 dB±2dB Average of frequency 0.8, 1.0, 1.2k, 1.5k, 3.58V | Z2: THD Limit / | AE2: 100-212Hz 50%300Hz 35%, 400Hz 25%, 500Hz 20%,600Hz 15%, 710Hz 12%, 800Hz 10%, 900Hz 9%,1KHz 8%, 2K~4.5KHz 5%, 5KHz 8%, 6KHz 8%,7.1-14KHz 5% with 3.58V | AL2: Imp / F0 Limit / | AQ2: IMP:8 Ω ±15% at 2kHz, 3.58V , F0: 615 ± 120Hz at 3.58V
N3: Evalution standard / | S3: Deviation before test and after test is under ± 2db, and SPL Average value in limit / | Z3: Evalution standard / | AE3: THD value in limit / | AL3: Evalution standard / | AQ3: Value in limit /
N4: Test condition / | S4: High : 1.5m , Time : 30 Min Wait for the goods to dry | Z4: Test condition / | AE4: High : 1.5m , Time : 30 Min Wait for the goods to dry | AL4: Test condition / | AQ4: High : 1.5m , Time : 30 Min Wait for the goods to dry
N5: Sample No | O5: #1 | Q5: #2 | S5: #3 | U5: #4 | W5: #5 | Z5: Sample No | AA5: #1 | AC5: #2 | AE5: #3 | AG5: #4 | AI5: #5 | AL5: Sample No | AM5: #1 | AO5: #2 | AQ5: #3 | AS5: #4 | AU5: #5
N6: Result | O6: OK | P6: OK | Q6: OK | R6: OK | S6: OK | T6: OK | U6: OK | V6: OK | W6: OK | X6: OK | AM6: OK | AN6: OK | AO6: OK | AP6: OK | AQ6: OK | AR6: OK | AS6: OK | AT6: OK | AU6: OK | AV6: OK
O7: Before #1 | P7: After #1 | Q7: Before #2 | R7: After #2 | S7: Before #3 | T7: After #3 | U7: Before #4 | V7: After #4 | W7: Before #5 | X7: After #5 | AA7: Before #1 | AB7: After #1 | AC7: Before #2 | AD7: After #2 | AE7: Before #3 | AF7: After #3 | AG7: Before #4 | AH7: After #4 | AI7: Before #5 | AJ7: After #5 | AM7: Before #1 | AN7: After #1 | AO7: Before #2 | AP7: After #2 | AQ7: Before #3 | AR7: After #3 | AS7: Before #4 | AT7: After #4 | AU7: Before #5 | AV7: After #5
N8: 100 | O8: 79.17445 | P8: 78.89717 | Q8: 79.19575 | R8: 78.51443 | S8: 79.0066 | T8: 78.83613 | U8: 78.67231 | V8: 78.74875 | W8: 79.31287 | X8: 79.06914 | Z8: 100 | AA8: 23.4163 | AB8: 26.64878 | AC8: 20.38877 | AD8: 26.06033 | AE8: 21.5283 | AF8: 27.39692 | AG8: 22.43395 | AH8: 27.12585 | AI8: 21.84552 | AJ8: 28.9694 | AL8: 100 | AM8: 6.4308 | AN8: 6.41974 | AO8: 6.4247 | AP8: 6.38721 | AQ8: 6.39508 | AR8: 6.42403 | AS8: 6.40479 | AT8: 6.41835 | AU8: 6.41938 | AV8: 6.426
N9: 106 | O9: 79.57705 | P9: 79.28641 | Q9: 79.6048 | R9: 78.94251 | S9: 79.41113 | T9: 79.23087 | U9: 79.08159 | V9: 79.14309 | W9: 79.72649 | X9: 79.44827 | Z9: 106 | AA9: 23.641 | AB9: 26.79589 | AC9: 20.53 | AD9: 26.03064 | AE9: 21.69092 | AF9: 27.46983 | AG9: 22.67716 | AH9: 27.16939 | AI9: 21.99779 | AJ9: 28.89975 | AL9: 106 | AM9: 6.49855 | AN9: 6.4879 | AO9: 6.49174 | AP9: 6.45343 | AQ9: 6.46326 | AR9: 6.49108 | AS9: 6.47071 | AT9: 6.48724 | AU9: 6.48615 | AV9: 6.49215
N10: 112 | O10: 80.07237 | P10: 79.75355 | Q10: 80.09801 | R10: 79.46428 | S10: 79.86118 | T10: 79.71752 | U10: 79.56249 | V10: 79.6396 | W10: 80.21594 | X10: 79.94598 | Z10: 112 | AA10: 23.8729 | AB10: 26.88958 | AC10: 20.74348 | AD10: 25.96363 | AE10: 21.86045 | AF10: 27.4723 | AG10: 22.9031 | AH10: 27.15852 | AI10: 22.1506 | AJ10: 28.84494 | AL10: 112 | AM10: 6.55146 | AN10: 6.54407 | AO10: 6.54621 | AP10: 6.50662 | AQ10: 6.51578 | AR10: 6.54575 | AS10: 6.5225 | AT10: 6.54079 | AU10: 6.53966 | AV10: 6.54614
N11: 118 | O11: 80.9892 | P11: 80.64061 | Q11: 81.00707 | R11: 80.44007 | S11: 80.76207 | T11: 80.63145 | U11: 80.46386 | V11: 80.56561 | W11: 81.11874 | X11: 80.88076 | Z11: 118 | AA11: 24.16026 | AB11: 27.01976 | AC11: 20.92376 | AD11: 25.93484 | AE11: 22.06063 | AF11: 27.51329 | AG11: 23.15038 | AH11: 27.22538 | AI11: 22.29942 | AJ11: 28.81645 | AL11: 118 | AM11: 6.59442 | AN11: 6.58844 | AO11: 6.59115 | AP11: 6.55181 | AQ11: 6.55898 | AR11: 6.58848 | AS11: 6.56625 | AT11: 6.58407 | AU11: 6.58357 | AV11: 6.59005
N12: 125 | O12: 82.03476 | P12: 81.68981 | Q12: 82.0257 | R12: 81.56592 | S12: 81.75486 | T12: 81.72187 | U12: 81.4869 | V12: 81.66361 | W12: 82.14244 | X12: 81.96946 | Z12: 125 | AA12: 24.52603 | AB12: 27.20905 | AC12: 21.18747 | AD12: 25.95211 | AE12: 22.32603 | AF12: 27.59223 | AG12: 23.45391 | AH12: 27.37672 | AI12: 22.47843 | AJ12: 28.83431 | AL12: 125 | AM12: 6.63714 | AN12: 6.63194 | AO12: 6.63323 | AP12: 6.59438 | AQ12: 6.60167 | AR12: 6.62929 | AS12: 6.60866 | AT12: 6.62697 | AU12: 6.62729 | AV12: 6.63316
N13: 132 | O13: 83.18476 | P13: 82.86166 | Q13: 83.15829 | R13: 82.81023 | S13: 82.88622 | T13: 82.93837 | U13: 82.62886 | V13: 82.88999 | W13: 83.28244 | X13: 83.18745 | Z13: 132 | AA13: 25.22487 | AB13: 27.66324 | AC13: 21.79774 | AD13: 26.1065 | AE13: 22.90741 | AF13: 27.81304 | AG13: 24.09569 | AH13: 27.74461 | AI13: 22.84096 | AJ13: 29.00978 | AL13: 132 | AM13: 6.67306 | AN13: 6.66749 | AO13: 6.66885 | AP13: 6.63011 | AQ13: 6.63707 | AR13: 6.66381 | AS13: 6.64548 | AT13: 6.66343 | AU13: 6.66336 | AV13: 6.66944
N14: 140 | O14: 84.39562 | P14: 84.10022 | Q14: 84.35456 | R14: 84.12716 | S14: 84.07558 | T14: 84.1886 | U14: 83.83044 | V14: 84.20269 | W14: 84.48632 | X14: 84.47849 | Z14: 140 | AA14: 26.02202 | AB14: 27.84121 | AC14: 22.49958 | AD14: 26.00972 | AE14: 23.63803 | AF14: 27.76608 | AG14: 24.88652 | AH14: 27.94708 | AI14: 23.33759 | AJ14: 29.05943 | AL14: 140 | AM14: 6.70935 | AN14: 6.70211 | AO14: 6.70308 | AP14: 6.66638 | AQ14: 6.67183 | AR14: 6.69933 | AS14: 6.68199 | AT14: 6.69991 | AU14: 6.70006 | AV14: 6.70571
N15: 150 | O15: 85.61386 | P15: 85.45291 | Q15: 85.55366 | R15: 85.54614 | S15: 85.28455 | T15: 85.56607 | U15: 85.03753 | V15: 85.63539 | W15: 85.69247 | X15: 85.83558 | Z15: 150 | AA15: 26.63215 | AB15: 27.37584 | AC15: 23.06028 | AD15: 25.45298 | AE15: 24.2931 | AF15: 27.18898 | AG15: 25.61267 | AH15: 27.65869 | AI15: 23.79149 | AJ15: 28.56925 | AL15: 150 | AM15: 6.74691 | AN15: 6.74039 | AO15: 6.74052 | AP15: 6.70538 | AQ15: 6.70936 | AR15: 6.73879 | AS15: 6.71995 | AT15: 6.73945 | AU15: 6.73886 | AV15: 6.74575
N16: 160 | O16: 86.8462 | P16: 87.04923 | Q16: 86.77024 | R16: 87.1492 | S16: 86.48593 | T16: 87.18736 | U16: 86.26227 | V16: 87.28497 | W16: 86.91107 | X16: 87.38169 | Z16: 160 | AA16: 26.63787 | AB16: 26.69424 | AC16: 23.09255 | AD16: 24.73742 | AE16: 24.3957 | AF16: 26.48999 | AG16: 25.85187 | AH16: 27.22249 | AI16: 23.79698 | AJ16: 27.95701 | AL16: 160 | AM16: 6.78085 | AN16: 6.77351 | AO16: 6.77284 | AP16: 6.73936 | AQ16: 6.74221 | AR16: 6.77245 | AS16: 6.75289 | AT16: 6.77251 | AU16: 6.77272 | AV16: 6.77938
N17: 170 | O17: 88.21016 | P17: 88.86358 | Q17: 88.14448 | R17: 88.86234 | S17: 87.88215 | T17: 89.00727 | U17: 87.62983 | V17: 89.05764 | W17: 88.26869 | X17: 89.0748 | Z17: 170 | AA17: 26.6268 | AB17: 26.21042 | AC17: 23.14395 | AD17: 24.1492 | AE17: 24.4101 | AF17: 25.9588 | AG17: 26.10892 | AH17: 26.938 | AI17: 23.90644 | AJ17: 27.53506 | AL17: 170 | AM17: 6.80936 | AN17: 6.80241 | AO17: 6.80095 | AP17: 6.76836 | AQ17: 6.76968 | AR17: 6.80215 | AS17: 6.78047 | AT17: 6.80274 | AU17: 6.80108 | AV17: 6.80955
N18: 180 | O18: 89.77055 | P18: 90.57721 | Q18: 89.72074 | R18: 90.436 | S18: 89.48772 | T18: 90.70857 | U18: 89.20439 | V18: 90.67445 | W18: 89.82766 | X18: 90.64953 | Z18: 180 | AA18: 26.49999 | AB18: 25.75254 | AC18: 23.14845 | AD18: 23.56301 | AE18: 24.3819 | AF18: 25.38268 | AG18: 26.18683 | AH18: 26.6054 | AI18: 24.01457 | AJ18: 27.11163 | AL18: 180 | AM18: 6.83477 | AN18: 6.82781 | AO18: 6.82534 | AP18: 6.79336 | AQ18: 6.79443 | AR18: 6.82855 | AS18: 6.80532 | AT18: 6.82769 | AU18: 6.82597 | AV18: 6.83468
L19: Limit | N19: 190 | O19: 91.17047 | P19: 92.00215 | Q19: 91.13413 | R19: 91.78524 | S19: 90.91336 | T19: 92.14452 | U19: 90.65524 | V19: 92.02998 | W19: 91.22714 | X19: 92.00763 | Z19: 190 | AA19: 26.13758 | AB19: 25.22057 | AC19: 22.96248 | AD19: 22.89815 | AE19: 24.25391 | AF19: 24.68816 | AG19: 26.01628 | AH19: 26.13415 | AI19: 24.02821 | AJ19: 26.54994 | AL19: 190 | AM19: 6.85756 | AN19: 6.85139 | AO19: 6.84798 | AP19: 6.81674 | AQ19: 6.81767 | AR19: 6.85291 | AS19: 6.82784 | AT19: 6.8511 | AU19: 6.84937 | AV19: 6.85759
K20: 100 | L20: 50 | N20: 200 | O20: 92.49055 | P20: 93.26521 | Q20: 92.46235 | R20: 92.99012 | S20: 92.25131 | T20: 93.39861 | U20: 91.96799 | V20: 93.24233 | W20: 92.55559 | X20: 93.24779 | Z20: 200 | AA20: 25.49919 | AB20: 24.5488 | AC20: 22.60358 | AD20: 22.09104 | AE20: 23.79463 | AF20: 23.82135 | AG20: 25.56796 | AH20: 25.43374 | AI20: 23.89849 | AJ20: 25.81113 | AL20: 200 | AM20: 6.8783 | AN20: 6.87379 | AO20: 6.86952 | AP20: 6.83794 | AQ20: 6.83949 | AR20: 6.87468 | AS20: 6.84963 | AT20: 6.87257 | AU20: 6.87013 | AV20: 6.87948
K21: 212 | L21: 50 | N21: 212 | O21: 93.72584 | P21: 94.3403 | Q21: 93.70511 | R21: 94.04315 | S21: 93.49941 | T21: 94.47338 | U21: 93.19426 | V21: 94.2891 | W21: 93.7967 | X21: 94.32996 | Z21: 212 | AA21: 24.43745 | AB21: 23.53792 | AC21: 21.88132 | AD21: 20.90853 | AE21: 22.93364 | AF21: 22.57382 | AG21: 24.70647 | AH21: 24.29737 | AI21: 23.54435 | AJ21: 24.65379 | AL21: 212 | AM21: 6.90205 | AN21: 6.89917 | AO21: 6.89224 | AP21: 6.86326 | AQ21: 6.86353 | AR21: 6.89965 | AS21: 6.87328 | AT21: 6.89712 | AU21: 6.89488 | AV21: 6.90443
K22: 300 | L22: 35 | N22: 224 | O22: 94.88117 | P22: 95.27272 | Q22: 94.85643 | R22: 94.99794 | S22: 94.64252 | T22: 95.40585 | U22: 94.33881 | V22: 95.22836 | W22: 94.95307 | X22: 95.30448 | Z22: 224 | AA22: 23.12561 | AB22: 22.44547 | AC22: 20.91215 | AD22: 19.66803 | AE22: 21.78003 | AF22: 21.30963 | AG22: 23.61596 | AH22: 22.99476 | AI22: 22.99541 | AJ22: 23.31821 | AL22: 224 | AM22: 6.9243 | AN22: 6.92202 | AO22: 6.91414 | AP22: 6.88572 | AQ22: 6.88598 | AR22: 6.92302 | AS22: 6.89511 | AT22: 6.92111 | AU22: 6.91811 | AV22: 6.92792
K23: 400 | L23: 25 | N23: 236 | O23: 95.9393 | P23: 96.22236 | Q23: 95.90063 | R23: 95.99195 | S23: 95.66655 | T23: 96.36586 | U23: 95.36821 | V23: 96.21172 | W23: 96.00653 | X23: 96.30681 | Z23: 236 | AA23: 21.64236 | AB23: 21.42042 | AC23: 19.74129 | AD23: 18.53682 | AE23: 20.33536 | AF23: 20.19559 | AG23: 22.27449 | AH23: 21.7026 | AI23: 22.25123 | AJ23: 21.88972 | AL23: 236 | AM23: 6.94712 | AN23: 6.9454 | AO23: 6.93619 | AP23: 6.90808 | AQ23: 6.90744 | AR23: 6.94572 | AS23: 6.91579 | AT23: 6.94353 | AU23: 6.93866 | AV23: 6.95082
K24: 500 | L24: 20 | N24: 250 | O24: 97.04152 | P24: 97.27762 | Q24: 96.98957 | R24: 97.05662 | S24: 96.74464 | T24: 97.42131 | U24: 96.42114 | V24: 97.28092 | W24: 97.09748 | X24: 97.38362 | Z24: 250 | AA24: 20.03139 | AB24: 20.57797 | AC24: 18.44852 | AD24: 17.47363 | AE24: 18.65419 | AF24: 19.14741 | AG24: 20.72184 | AH24: 20.39228 | AI24: 21.3531 | AJ24: 20.39636 | AL24: 250 | AM24: 6.97162 | AN24: 6.97195 | AO24: 6.96013 | AP24: 6.93478 | AQ24: 6.93129 | AR24: 6.97377 | AS24: 6.93944 | AT24: 6.9696 | AU24: 6.96315 | AV24: 6.97726
K25: 600 | L25: 15 | N25: 265 | O25: 98.25245 | P25: 98.44875 | Q25: 98.19138 | R25: 98.21743 | S25: 97.93793 | T25: 98.59073 | U25: 97.61967 | V25: 98.44377 | W25: 98.29483 | X25: 98.55556 | Z25: 265 | AA25: 18.70947 | AB25: 19.74849 | AC25: 17.40902 | AD25: 16.43609 | AE25: 17.22099 | AF25: 18.06265 | AG25: 19.38033 | AH25: 19.04195 | AI25: 20.55935 | AJ25: 18.85614 | AL25: 265 | AM25: 6.99815 | AN25: 6.99995 | AO25: 6.98648 | AP25: 6.96211 | AQ25: 6.95829 | AR25: 7.00304 | AS25: 6.96449 | AT25: 6.99805 | AU25: 6.98887 | AV25: 7.00514
K26: 710 | L26: 12 | N26: 280 | O26: 99.46708 | P26: 99.63256 | Q26: 99.40205 | R26: 99.3831 | S26: 99.14158 | T26: 99.76843 | U26: 98.8223 | V26: 99.61736 | W26: 99.50236 | X26: 99.73999 | Z26: 280 | AA26: 17.39743 | AB26: 18.6913 | AC26: 16.29567 | AD26: 15.3678 | AE26: 15.872 | AF26: 16.87366 | AG26: 17.94817 | AH26: 17.57497 | AI26: 19.57809 | AJ26: 17.25301 | AL26: 280 | AM26: 7.02567 | AN26: 7.02991 | AO26: 7.01282 | AP26: 6.99075 | AQ26: 6.98565 | AR26: 7.0333 | AS26: 6.99055 | AT26: 7.027 | AU26: 7.01526 | AV26: 7.03449
K27: 800 | L27: 10 | N27: 300 | O27: 100.74773 | P27: 100.89602 | Q27: 100.67955 | R27: 100.63065 | S27: 100.41268 | T27: 101.02834 | U27: 100.08517 | V27: 100.86925 | W27: 100.77991 | X27: 101.00078 | Z27: 300 | AA27: 15.76222 | AB27: 17.23054 | AC27: 14.90335 | AD27: 14.04005 | AE27: 14.2048 | AF27: 15.37743 | AG27: 16.20753 | AH27: 15.76037 | AI27: 18.15677 | AJ27: 15.25395 | AL27: 300 | AM27: 7.06402 | AN27: 7.07231 | AO27: 7.04897 | AP27: 7.03 | AQ27: 7.02327 | AR27: 7.07588 | AS27: 7.02772 | AT27: 7.06842 | AU27: 7.05235 | AV27: 7.07616
K28: 900 | L28: 9 | N28: 315 | O28: 102.04153 | P28: 102.17629 | Q28: 101.97533 | R28: 101.89834 | S28: 101.69895 | T28: 102.30307 | U28: 101.36931 | V28: 102.14066 | W28: 102.07185 | X28: 102.28347 | Z28: 315 | AA28: 14.67232 | AB28: 16.17826 | AC28: 13.95087 | AD28: 13.15249 | AE28: 12.99126 | AF28: 14.40963 | AG28: 15.07832 | AH28: 14.54415 | AI28: 17.09425 | AJ28: 13.94278 | AL28: 315 | AM28: 7.09376 | AN28: 7.10645 | AO28: 7.07706 | AP28: 7.06118 | AQ28: 7.05454 | AR28: 7.11012 | AS28: 7.05722 | AT28: 7.10187 | AU28: 7.08139 | AV28: 7.10948
K29: 1000 | L29: 8 | N29: 335 | O29: 103.3371 | P29: 103.45675 | Q29: 103.27113 | R29: 103.16951 | S29: 102.98526 | T29: 103.57531 | U29: 102.6582 | V29: 103.41525 | W29: 103.36764 | X29: 103.56571 | Z29: 335 | AA29: 13.46479 | AB29: 14.88059 | AC29: 12.8761 | AD29: 12.14125 | AE29: 11.75468 | AF29: 13.34127 | AG29: 13.82356 | AH29: 13.16389 | AI29: 15.77882 | AJ29: 12.49692 | AL29: 335 | AM29: 7.1377 | AN29: 7.15473 | AO29: 7.11902 | AP29: 7.10613 | AQ29: 7.10007 | AR29: 7.16154 | AS29: 7.09695 | AT29: 7.15046 | AU29: 7.12438 | AV29: 7.15874
K30: 2000 | L30: 5 | N30: 355 | O30: 104.64791 | P30: 104.75127 | Q30: 104.5845 | R30: 104.46198 | S30: 104.28974 | T30: 104.86252 | U30: 103.96818 | V30: 104.70973 | W30: 104.68614 | X30: 104.86568 | Z30: 355 | AA30: 12.4636 | AB30: 13.72501 | AC30: 11.97266 | AD30: 11.32973 | AE30: 10.7826 | AF30: 12.47781 | AG30: 12.79109 | AH30: 12.03885 | AI30: 14.57092 | AJ30: 11.35654 | AL30: 355 | AM30: 7.18799 | AN30: 7.21082 | AO30: 7.16562 | AP30: 7.15769 | AQ30: 7.15143 | AR30: 7.21927 | AS30: 7.14458 | AT30: 7.20512 | AU30: 7.17259 | AV30: 7.21457
K31: 4500 | L31: 5 | N31: 375 | O31: 105.99146 | P31: 106.07385 | Q31: 105.9323 | R31: 105.78825 | S31: 105.63644 | T31: 106.1713 | U31: 105.32816 | V31: 106.03087 | W31: 106.04646 | X31: 106.19213 | Z31: 375 | AA31: 11.67158 | AB31: 12.71004 | AC31: 11.21963 | AD31: 10.66645 | AE31: 10.04254 | AF31: 11.77558 | AG31: 11.87776 | AH31: 11.12417 | AI31: 13.47413 | AJ31: 10.49088 | AL31: 375 | AM31: 7.24557 | AN31: 7.27261 | AO31: 7.21934 | AP31: 7.21545 | AQ31: 7.21198 | AR31: 7.28507 | AS31: 7.19593 | AT31: 7.26606 | AU31: 7.22698 | AV31: 7.27861
... K35: 14000 | L35: 5 | N35: 475 | O35: 110.82409 | P35: 110.86241 | Q35: 110.69602 | R35: 110.66093 | S35: 110.55375 | T35: 110.84877 | U35: 110.38993 | V35: 110.90134 | W35: 111.07669 | X35: 111.09747 | Z35: 475 | AA35: 9.61324 | AB35: 9.2011 | AC35: 9.28943 | AD35: 8.31339 | AE35: 8.70384 | AF35: 9.43944 | AG35: 8.92114 | AH35: 8.67184 | AI35: 10.11484 | AJ35: 8.59757 | AL35: 475 | AM35: 7.67633 | AN35: 7.7137 | AO35: 7.63124 | AP35: 7.6365 | AQ35: 7.66909 | AR35: 7.72734 | AS35: 7.59296 | AT35: 7.70964 | AU35: 7.64324 | AV35: 7.74236
N36: 500 | O36: 111.90331 | P36: 111.92175 | Q36: 111.72738 | R36: 111.74586 | S36: 111.62854 | T36: 111.86588 | U36: 111.47762 | V36: 111.98149 | W36: 112.2188 | X36: 112.20114 | Z36: 500 | AA36: 9.0301 | AB36: 8.45713 | AC36: 8.78051 | AD36: 7.7241 | AE36: 8.35047 | AF36: 8.89925 | AG36: 8.30415 | AH36: 8.12923 | AI36: 9.48136 | AJ36: 8.17729 | AL36: 500 | AM36: 7.80911 | AN36: 7.84004 | AO36: 7.76931 | AP36: 7.76347 | AQ36: 7.8162 | AR36: 7.83777 | AS36: 7.73095 | AT36: 7.84295 | AU36: 7.78524 | AV36: 7.88469
N37: 530 | O37: 112.97565 | P37: 112.98393 | Q37: 112.79403 | R37: 112.82136 | S37: 112.70869 | T37: 112.90573 | U37: 112.53216 | V37: 113.04362 | W37: 113.34607 | X37: 113.27098 | Z37: 530 | AA37: 8.38932 | AB37: 7.64472 | AC37: 8.19471 | AD37: 7.07318 | AE37: 7.88342 | AF37: 8.26238 | AG37: 7.60535 | AH37: 7.52909 | AI37: 8.75633 | AJ37: 7.65572 | AL37: 530 | AM37: 7.95679 | AN37: 7.98553 | AO37: 7.93008 | AP37: 7.9086 | AQ37: 7.99698 | AR37: 7.96033 | AS37: 7.90626 | AT37: 7.99696 | AU37: 7.96624 | AV37: 8.04491
N38: 560 | O38: 113.95431 | P38: 113.96078 | Q38: 113.79672 | R38: 113.80895 | S38: 113.7082 | T38: 113.8851 | U38: 113.5048 | V38: 114.00602 | W38: 114.36258 | X38: 114.23715 | Z38: 560 | AA38: 7.84661 | AB38: 6.98375 | AC38: 7.68003 | AD38: 6.54513 | AE38: 7.48064 | AF38: 7.68874 | AG38: 7.03136 | AH38: 7.03452 | AI38: 8.13621 | AJ38: 7.18822 | AL38: 560 | AM38: 8.08964 | AN38: 8.12646 | AO38: 8.06041 | AP38: 8.0413 | AQ38: 8.16942 | AR38: 8.07947 | AS38: 8.07164 | AT38: 8.13646 | AU38: 8.14159 | AV38: 8.18718
N39: 600 | O39: 114.86849 | P39: 114.89716 | Q39: 114.76768 | R39: 114.75568 | S39: 114.66329 | T39: 114.83866 | U39: 114.45945 | V39: 114.91588 | W39: 115.29678 | X39: 115.14052 | Z39: 600 | AA39: 7.25803 | AB39: 6.30945 | AC39: 7.15207 | AD39: 6.01931 | AE39: 7.03259 | AF39: 7.07114 | AG39: 6.45496 | AH39: 6.50845 | AI39: 7.50035 | AJ39: 6.69074 | AL39: 600 | AM39: 8.24325 | AN39: 8.27973 | AO39: 8.1904 | AP39: 8.1879 | AQ39: 8.33973 | AR39: 8.22545 | AS39: 8.24984 | AT39: 8.27838 | AU39: 8.34063 | AV39: 8.32256
N40: 630 | O40: 115.66745 | P40: 115.73887 | Q40: 115.64558 | R40: 115.61467 | S40: 115.52024 | T40: 115.68796 | U40: 115.34172 | V40: 115.72575 | W40: 116.09405 | X40: 115.93204 | Z40: 630 | AA40: 6.85463 | AB40: 5.88639 | AC40: 6.80804 | AD40: 5.67777 | AE40: 6.74031 | AF40: 6.64989 | AG40: 6.11609 | AH40: 6.16066 | AI40: 7.10094 | AJ40: 6.35424 | AL40: 630 | AM40: 8.32639 | AN40: 8.35528 | AO40: 8.27344 | AP40: 8.26732 | AQ40: 8.40648 | AR40: 8.30487 | AS40: 8.34703 | AT40: 8.34552 | AU40: 8.44041 | AV40: 8.38109
N41: 670 | O41: 116.33808 | P41: 116.49614 | Q41: 116.40165 | R41: 116.39135 | S41: 116.26777 | T41: 116.45024 | U41: 116.14445 | V41: 116.45312 | W41: 116.75363 | X41: 116.62902 | Z41: 670 | AA41: 6.22903 | AB41: 5.34218 | AC41: 6.2902 | AD41: 5.21374 | AE41: 6.29422 | AF41: 6.0853 | AG41: 5.67294 | AH41: 5.66431 | AI41: 6.57545 | AJ41: 5.85823 | AL41: 670 | AM41: 8.3528 | AN41: 8.36986 | AO41: 8.33719 | AP41: 8.29413 | AQ41: 8.38509 | AR41: 8.31666 | AS41: 8.40111 | AT41: 8.34889 | AU41: 8.46287 | AV41: 8.36872
N42: 710 | O42: 116.84648 | P42: 117.08762 | Q42: 116.97288 | R42: 117.01029 | S42: 116.84929 | T42: 117.0283 | U42: 116.81449 | V42: 117.0246 | W42: 117.23961 | X42: 117.17282 | Z42: 710 | AA42: 5.58461 | AB42: 4.85462 | AC42: 5.72226 | AD42: 4.78279 | AE42: 5.78256 | AF42: 5.5334 | AG42: 5.25121 | AH42: 5.17339 | AI42: 6.02952 | AJ42: 5.36597 | AL42: 710 | AM42: 8.28748 | AN42: 8.29372 | AO42: 8.31541 | AP42: 8.23969 | AQ42: 8.26862 | AR42: 8.22622 | AS42: 8.36215 | AT42: 8.26822 | AU42: 8.37911 | AV42: 8.27346
N43: 750 | O43: 117.19363 | P43: 117.5034 | Q43: 117.36439 | R43: 117.45307 | S43: 117.26019 | T43: 117.41681 | U43: 117.31498 | V43: 117.42826 | W43: 117.55692 | X43: 117.54654 | Z43: 750 | AA43: 5.05933 | AB43: 4.45449 | AC43: 5.2051 | AD43: 4.43413 | AE43: 5.25434 | AF43: 5.04222 | AG43: 4.8605 | AH43: 4.74026 | AI43: 5.51767 | AJ43: 4.92215 | AL43: 750 | AM43: 8.15752 | AN43: 8.15162 | AO43: 8.21536 | AP43: 8.11304 | AQ43: 8.09741 | AR43: 8.07036 | AS43: 8.24719 | AT43: 8.12458 | AU43: 8.22167 | AV43: 8.12112
N44: 800 | O44: 117.31756 | P44: 117.66557 | Q44: 117.51424 | R44: 117.63776 | S44: 117.43301 | T44: 117.53974 | U44: 117.55655 | V44: 117.58402 | W44: 117.64785 | X44: 117.67505 | Z44: 800 | AA44: 4.547 | AB44: 4.05432 | AC44: 4.65897 | AD44: 4.07314 | AE44: 4.66573 | AF44: 4.48601 | AG44: 4.39776 | AH44: 4.27496 | AI44: 4.91206 | AJ44: 4.44704 | AL44: 800 | AM44: 7.95248 | AN44: 7.92469 | AO44: 8.01925 | AP44: 7.90078 | AQ44: 7.86703 | AR44: 7.84677 | AS44: 8.04164 | AT44: 7.90291 | AU44: 7.98576 | AV44: 7.89272
N45: 850 | O45: 117.24517 | P45: 117.60214 | Q45: 117.45495 | R45: 117.58894 | S45: 117.39506 | T45: 117.43816 | U45: 117.57185 | V45: 117.51655 | W45: 117.54278 | X45: 117.58406 | Z45: 850 | AA45: 4.1499 | AB45: 3.73743 | AC45: 4.24426 | AD45: 3.78115 | AE45: 4.23253 | AF45: 4.04978 | AG45: 3.99985 | AH45: 3.90546 | AI45: 4.4318 | AJ45: 4.06317 | AL45: 850 | AM45: 7.75045 | AN45: 7.70926 | AO45: 7.8122 | AP45: 7.68852 | AQ45: 7.6559 | AR45: 7.6384 | AS45: 7.82897 | AT45: 7.69304 | AU45: 7.76242 | AV45: 7.68031
N46: 900 | O46: 117.04836 | P46: 117.38577 | Q46: 117.26374 | R46: 117.38315 | S46: 117.2219 | T46: 117.19609 | U46: 117.4368 | V46: 117.30365 | W46: 117.31551 | X46: 117.34831 | Z46: 900 | AA46: 3.83053 | AB46: 3.49059 | AC46: 3.91833 | AD46: 3.54523 | AE46: 3.90076 | AF46: 3.70839 | AG46: 3.68053 | AH46: 3.60917 | AI46: 4.06655 | AJ46: 3.75676 | AL46: 900 | AM46: 7.57874 | AN46: 7.5313 | AO46: 7.62777 | AP46: 7.50995 | AQ46: 7.48626 | AR46: 7.47246 | AS46: 7.64002 | AT46: 7.51761 | AU46: 7.57747 | AV46: 7.50711
N47: 950 | O47: 116.78766 | P47: 117.09512 | Q47: 117.00612 | R47: 117.09798 | S47: 116.97704 | T47: 116.8929 | U47: 117.21325 | V47: 117.01925 | W47: 117.026 | X47: 117.04445 | Z47: 950 | AA47: 3.53084 | AB47: 3.23447 | AC47: 3.62088 | AD47: 3.30394 | AE47: 3.59619 | AF47: 3.40519 | AG47: 3.38101 | AH47: 3.32715 | AI47: 3.73878 | AJ47: 3.45934 | AL47: 950 | AM47: 7.44313 | AN47: 7.39375 | AO47: 7.47753 | AP47: 7.37027 | AQ47: 7.35387 | AR47: 7.34566 | AS47: 7.48625 | AT47: 7.38188 | AU47: 7.43351 | AV47: 7.37533
... N94: 14000 | O94: 115.64852 | P94: 116.3625 | Q94: 115.88765 | R94: 115.33599 | S94: 116.21267 | T94: 116.8036 | U94: 116.71951 | V94: 117.82807 | W94: 116.56053 | X94: 115.32192 | Z94: 14000 | AA94: 0.14875 | AB94: 0.14164 | AC94: 0.15272 | AD94: 0.13325 | AE94: 0.15149 | AF94: 0.14997 | AG94: 0.14949 | AH94: 0.13663 | AI94: 0.16248 | AJ94: 0.1473 | AL94: 14000 | AM94: 11.12911 | AN94: 11.10173 | AO94: 11.0892 | AP94: 11.08932 | AQ94: 11.09525 | AR94: 11.12483 | AS94: 11.11835 | AT94: 11.11797 | AU94: 11.10202 | AV94: 11.1146
N95: 15000 | Z95: 15000 | AL95: 15000
N96: 16000 | Z96: 16000 | AL96: 16000
N97: 17000 | Z97: 17000 | AL97: 17000
N98: 18000 | Z98: 18000 | AL98: 18000
N99: 19000 | Z99: 19000 | AL99: 19000
N100: 20000 | Z100: 20000 | AL100: 20000
N102: SPL Average | O102: 116.06239 | P102: 116.37222 | Q102: 116.26457 | R102: 116.37078 | S102: 116.23442 | T102: 116.1977 | U102: 116.42591 | V102: 116.32075 | W102: 116.29049 | X102: 116.33564 | AL102: F0 | AM102: 647.96568 | AN102: 662.40265 | AO102: 657.41158 | AP102: 655.73005 | AQ102: 661.49855 | AR102: 663.00456 | AS102: 676.56697 | AT102: 660.39564 | AU102: 647.78566 | AV102: 649.80833

Sheet Continuously drop
N1: SPL RAW DATA | Z1: THD RAW DATA | AL1: IMPEDANCE RAW DATA
N2: SPL specification / Thông số kĩ thuật SPL | S2: ='Temp and humid 60-90'!S2:X2 | Z2: THD Limit / Giới hạn THD | AE2: ='Temp and humid 60-90'!AE2:AJ2 | AL2: Imp / F0 Limit / Giới hạn Imp / F0 | AQ2: ='Temp and humid 60-90'!AQ2:AV2
N3: Evalution standard / Tiêu chuẩn đánh giá | S3: Deviation before test and after test is under ± 2db, and SPL Average value in limit / Độ lệch trước khi kiểm tra và sau khi kiểm tra nhỏ hơn ± 2db và SPL Giá trị trung bình trong giới hạn | Z3: Evalution standard / Tiêu chuẩn đánh giá | AE3: THD value in limit / Giá trị THD trong giới hạn | AL3: Evalution standard / Tiêu chuẩn đánh giá | AQ3: Value in limit / Giá trị trong giới hạn
N4: Test condition / Điều kiện kiểm tra | S4: Height:80cm, Cycle:100 times, ground:10mm Steel , JIG 300g | Z4: Test condition / Điều kiện kiểm tra | AE4: =S4 | AL4: Test condition / Điều kiện kiểm tra | AQ4: =S4
N5: Sample No | O5: #1 | Q5: #2 | S5: #3 | U5: #4 | W5: #5 | Z5: Sample No | AA5: #1 | AC5: #2 | AE5: #3 | AG5: #4 | AI5: #5 | AL5: Sample No | AM5: #1 | AO5: #2 | AQ5: #3 | AS5: #4 | AU5: #5
