Workbook

Sheet BRS 161016S08ZZ
B2: RELIABILITY TEST RESULT | N2: Name | O2: Maker | P2: Checker | Q2: Approval
N3: Finish Date | O3: 45243 | P3: 45243 | Q3: 45243
B5: Request date | F5: 45149 | J5: Test site | N5: GN QM
B6: Product group | F6: Speaker | J6: Tester | N6: MÃ THỊ HỒNG DUYÊN
B7: Product name | F7: BRS 161014S08ZZ | J7: Department | N7: Reliability
B8: Test reason | J8: Temperature & Hummidity | N8: 26℃ / 48%
B9: Test period | F9: 8.11.2023-13.11.2023 | J9: Sample q'ty | N9: 30EA
B10: 1. TEST ITEM AND CONDITION
B11: Test item | F11: Sample q'ty | G11: Test condition | N11: Starting date | O11: Ending date | P11: Test result | Q11: Note
B12: High temp and humidity 1 | F12: 10 | G12: Temperature: 60℃ ± 5℃, Humidity: 90% ± 5% Time: 120Hrs | N12: 45238 | O12: 45243 | P12: PASS
B13: Load test (Max 80%) | F13: 10 | G13: White Noise (EIA Filter), at Max Power 80% (3.1Vrms) 24Hr | N13: 45238 | O13: 45239 | P13: PASS
B14: Combine Drop test | D14: Continuously drop | F14: 10 | G14: Height:80cm, Cycle:100 times, ground:10mm Steel , JIG 300g | N14: 45239 | O14: 45239 | P14: PASS
D15: Freely drop | G15: Height:152cm, Cycle:24 times, ground:25mm Steel , JIG 300g (6 sides->4 corners->4 edges->6 sides->4 corners) | N15: 45239 | O15: 45239 | P15: NG 2/11 | Q15: N01,6 NOISE
B16: ※ SPEC
B17: - Speaker: 116.8 ± 2dB at 800 ,1.kHz , 1180kHz , 1500kHz
B18: 2. TEST DATA
B19: ITEM | E19: SPK | P19: HEARING
E21: SPL | H21: IMPEDANCE | K21: F0 | N21: THD
B22: STANDARD | E22: 116.8 ± 2dB | H22: 8Ω ± 15% at 2kHz (3.1V) | K22: 890 ± 120Hz at 3.1V | N22: 100Hz 25%,200Hz 22%, 300Hz 26%, 500Hz 21%,1KHz 8%, 2KHz ~4KHz 3%, 3000Hz 3%,5KHz 5%, 9KHz 5%, 10KHz~14KHz 2%, with 3.1V
E23: 114.8dB - 118.8dB | H23: 6.8Ω - 9.2Ω | K23: 770Hz - 1010Hz
B24: Reliability test items | D24: NO | E24: Before | F24: After | G24: Deviation | H24: Before | I24: After | J24: Deviation | K24: Before | L24: After | M24: Deviation | N24: After | O24: Deviation | P24: Before | Q24: After
B25: High temp and humidity 60 - 90 | D25: 1 | E25: 116.53284 | F25: 116.52508 | G25: -0.0077675 | H25: 7.54195 | I25: 7.45742 | J25: -0.08453 | K25: 938.16906 | L25: 927.04728 | M25: 11.12178 | N25: OK | O25: OK | P25: OK | Q25: OK
D26: 2 | E26: 116.44405 | F26: 116.4674 | G26: 0.02335 | H26: 7.25521 | I26: 7.16612 | J26: -0.08909 | K26: 923.37676 | L26: 919.96066 | M26: 3.4161 | N26: OK | O26: OK | P26: OK | Q26: OK
D27: 3 | E27: 116.19854 | F27: 116.44069 | G27: 0.2421425 | H27: 7.17562 | I27: 7.0665 | J27: -0.10912 | K27: 934.4295 | L27: 945.51418 | M27: -11.08468 | N27: OK | O27: OK | P27: OK | Q27: OK
D28: 4 | E28: 116.30175 | F28: 116.64681 | G28: 0.34506 | H28: 7.23088 | I28: 7.19017 | J28: -0.04071 | K28: 920.4513 | L28: 941.07186 | M28: -20.62056 | N28: OK | O28: OK | P28: OK | Q28: OK
D29: 5 | E29: 116.17985 | F29: 116.05339 | G29: -0.1264575 | H29: 7.17721 | I29: 7.22722 | J29: 0.05001 | K29: 942.19522 | L29: 923.53312 | M29: 18.6621 | N29: OK | O29: OK | P29: OK | Q29: OK
D30: 6 | E30: 115.0719 | F30: 115.24763 | G30: 0.17573 | H30: 7.25474 | I30: 6.9059 | J30: -0.34884 | K30: 933.02201 | L30: 926.65689 | M30: 6.36512 | N30: OK | O30: OK | P30: OK | Q30: OK
D31: 7 | E31: 115.28637 | F31: 115.33176 | G31: 0.04539 | H31: 7.15303 | I31: 7.3189 | J31: 0.16587 | K31: 923.15871 | L31: 917.25137 | M31: 5.90734 | N31: OK | O31: OK | P31: OK | Q31: OK
D32: 8 | E32: 115.06929 | F32: 115.12511 | G32: 0.0558125 | H32: 7.18865 | I32: 7.23574 | J32: 0.04709 | K32: 915.81283 | L32: 928.6188 | M32: -12.80597 | N32: OK | O32: OK | P32: OK | Q32: OK
D33: 9 | E33: 115.47705 | F33: 115.47983 | G33: 0.00278 | H33: 7.11079 | I33: 7.4707 | J33: 0.35991 | K33: 942.27094 | L33: 918.14146 | M33: 24.12948 | N33: OK | O33: OK | P33: OK | Q33: OK
D34: 10 | E34: 115.41164 | F34: 115.30085 | G34: -0.1107875 | H34: 7.18248 | I34: 7.11603 | J34: -0.06645 | K34: 935.33132 | L34: 934.36494 | M34: 0.96638 | N34: OK | O34: OK | P34: OK | Q34: OK
B35: Load test Max 80% | D35: 1 | E35: 115.76306 | F35: 116.64734 | G35: 0.8842775 | H35: 7.16442 | I35: 6.91019 | J35: -0.25423 | K35: 917.66596 | L35: 861.98839 | M35: 55.67757 | N35: OK | O35: OK | P35: OK | Q35: OK
D36: 2 | E36: 115.63137 | F36: 116.39845 | G36: 0.7670875 | H36: 7.12896 | I36: 7.33776 | J36: 0.2088 | K36: 895.04773 | L36: 915.85586 | M36: -20.80813 | N36: OK | O36: OK | P36: OK | Q36: OK
D37: 3 | E37: 115.81059 | F37: 115.72899 | G37: -0.081595 | H37: 7.193 | I37: 7.1534 | J37: -0.0396 | K37: 929.82127 | L37: 931.59214 | M37: -1.77087 | N37: OK | O37: OK | P37: OK | Q37: OK
D38: 4 | E38: 116.32336 | F38: 116.23786 | G38: -0.085505 | H38: 7.19411 | I38: 7.06301 | J38: -0.1311 | K38: 892.80693 | L38: 899.75492 | M38: -6.94799 | N38: OK | O38: OK | P38: OK | Q38: OK
D39: 5 | E39: 116.3766 | F39: 116.45971 | G39: 0.0831125 | H39: 7.17991 | I39: 7.22941 | J39: 0.0495 | K39: 869.28657 | L39: 909.35141 | M39: -40.06484 | N39: OK | O39: OK | P39: OK | Q39: OK
D40: 6 | E40: 115.49076 | F40: 116.07514 | G40: 0.58438 | H40: 7.14264 | I40: 6.96543 | J40: -0.17721 | K40: 920.387 | L40: 907.27541 | M40: 13.11159 | N40: OK | O40: OK | P40: OK | Q40: OK
D41: 7 | E41: 116.33707 | F41: 115.88975 | G41: -0.44732 | H41: 7.21145 | I41: 7.16554 | J41: -0.04591 | K41: 913.21706 | L41: 915.22497 | M41: -2.00791 | N41: OK | O41: OK | P41: OK | Q41: OK
D42: 8 | E42: 116.35412 | F42: 115.48708 | G42: -0.8670375 | H42: 7.05796 | I42: 6.96161 | J42: -0.09635 | K42: 888.14756 | L42: 914.99313 | M42: -26.84557 | N42: OK | O42: OK | P42: OK | Q42: OK
D43: 9 | E43: 116.36807 | F43: 116.51126 | G43: 0.143185 | H43: 7.16242 | I43: 6.98228 | J43: -0.18014 | K43: 904.88942 | L43: 918.23683 | M43: -13.34741 | N43: OK | O43: OK | P43: OK | Q43: OK
D44: 10 | E44: 116.02564 | F44: 116.46349 | G44: 0.4378475 | H44: 7.17738 | I44: 7.07689 | J44: -0.10049 | K44: 904.48972 | L44: 907.1269 | M44: -2.63718 | N44: OK | O44: OK | P44: OK | Q44: OK
B45: Condinuously drop test | D45: 1 | E45: 116.53284 | F45: 115.24763 | G45: -1.2852175 | H45: 7.0665 | I45: 7.1534 | J45: 0.0869 | K45: 938.16906 | L45: 933.02201 | M45: 5.14705 | N45: OK | O45: OK | P45: OK | Q45: OK
D46: 2 | E46: 116.52508 | F46: 115.28637 | G46: -1.238705 | H46: 7.19017 | I46: 7.06301 | J46: -0.12716 | K46: 927.04728 | L46: 926.65689 | M46: 0.39039 | N46: OK | O46: OK | P46: OK | Q46: OK
D47: 3 | E47: 116.44405 | F47: 115.33176 | G47: -1.11229 | H47: 7.22722 | I47: 7.22941 | J47: 0.00219 | K47: 923.37676 | L47: 923.15871 | M47: 0.21805 | N47: OK | O47: OK | P47: OK | Q47: OK
D48: 4 | E48: 116.4674 | F48: 115.06929 | G48: -1.39811 | H48: 6.9059 | I48: 6.96543 | J48: 0.05953 | K48: 919.96066 | L48: 917.25137 | M48: 2.70929 | N48: OK | O48: OK | P48: OK | Q48: OK
D49: 5 | E49: 116.19854 | F49: 115.12511 | G49: -1.07344 | H49: 7.3189 | I49: 7.16554 | J49: -0.15336 | K49: 934.4295 | L49: 915.81283 | M49: 18.61667 | N49: OK | O49: OK | P49: OK | Q49: OK
D50: 6 | E50: 116.44069 | F50: 115.47705 | G50: -0.9636325 | H50: 7.23574 | I50: 7.21172 | J50: -0.02402 | K50: 945.51418 | L50: 928.6188 | M50: 16.89538 | N50: OK | O50: OK | P50: OK | Q50: OK
D51: 7 | E51: 116.30175 | F51: 115.47983 | G51: -0.821915 | H51: 7.4707 | I51: 6.98228 | J51: -0.48842 | K51: 920.4513 | L51: 942.27094 | M51: -21.81964 | N51: OK | O51: OK | P51: OK | Q51: OK
D52: 8 | E52: 116.64681 | F52: 115.41164 | G52: -1.235175 | H52: 7.11603 | I52: 7.07689 | J52: -0.03914 | K52: 941.07186 | L52: 918.14146 | M52: 22.9304 | N52: OK | O52: OK | P52: OK | Q52: OK
D53: 9 | E53: 116.17985 | F53: 115.30085 | G53: -0.879 | H53: 7.57272 | I53: 7.07674 | J53: -0.49598 | K53: 942.19522 | L53: 935.33132 | M53: 6.8639 | N53: OK | O53: OK | P53: OK | Q53: OK
D54: 10 | E54: 116.05339 | F54: 115.07287 | G54: -0.98052 | H54: 7.33776 | I54: 7.02515 | J54: -0.31261 | K54: 923.53312 | L54: 934.36494 | M54: -10.83182 | N54: OK | O54: OK | P54: OK | Q54: OK
B55: Freely Drop test | D55: 1 | E55: 115.24763 | F55: 115.60021 | G55: 0.3525775 | H55: 7.1534 | I55: 7.48477 | J55: 0.33137 | K55: 933.02201 | L55: 930.79683 | M55: 2.22518 | N55: OK | O55: OK | P55: OK | Q55: NG
D56: 2 | E56: 115.28637 | F56: 116.46195 | G56: 1.1755725 | H56: 7.06301 | I56: 7.07119 | J56: 0.00818 | K56: 926.65689 | L56: 936.97671 | M56: -10.31982 | N56: OK | O56: OK | P56: OK | Q56: OK
D57: 3 | E57: 115.33176 | F57: 116.56461 | G57: 1.232845 | H57: 7.22941 | I57: 6.95516 | J57: -0.27425 | K57: 923.15871 | L57: 936.97671 | M57: -13.818 | N57: OK | O57: OK | P57: OK | Q57: OK
D58: 4 | E58: 115.06929 | F58: 116.05115 | G58: 0.9818625 | H58: 6.96543 | I58: 6.95677 | J58: -0.00866 | K58: 917.25137 | L58: 917.63403 | M58: -0.38266 | N58: OK | O58: OK | P58: OK | Q58: OK
D59: 5 | E59: 115.12511 | F59: 115.85323 | G59: 0.7281275 | H59: 7.16554 | I59: 7.21172 | J59: 0.04618 | K59: 915.81283 | L59: 933.53876 | M59: -17.72593 | N59: OK | O59: OK | P59: OK | Q59: OK
D60: 6 | E60: 115.47705 | F60: 116.23457 | G60: 0.75751 | H60: 7.21172 | I60: 6.85898 | J60: -0.35274 | K60: 928.6188 | L60: 941.8727 | M60: -13.2539 | N60: OK | O60: OK | P60: OK | Q60: NG
D61: 7 | E61: 115.47983 | F61: 116.55558 | G61: 1.0757425 | H61: 6.98228 | I61: 6.91019 | J61: -0.07209 | K61: 942.27094 | L61: 920.75936 | M61: 21.51158 | N61: OK | O61: OK | P61: OK | Q61: OK
D62: 8 | E62: 115.41164 | F62: 116.09117 | G62: 0.6795325 | H62: 7.07689 | I62: 7.22355 | J62: 0.14666 | K62: 918.14146 | L62: 943.42571 | M62: -25.28425 | N62: OK | O62: OK | P62: OK | Q62: OK
D63: 9 | E63: 115.30085 | F63: 116.40724 | G63: 1.10639 | H63: 7.07674 | I63: 6.82514 | J63: -0.2516 | K63: 935.33132 | L63: 921.3534 | M63: 13.97792 | N63: OK | O63: OK | P63: OK | Q63: OK
D64: 10 | E64: 115.07287 | F64: 116.55995 | G64: 1.4870775 | H64: 7.02515 | I64: 6.84068 | J64: -0.18447 | K64: 934.36494 | L64: 937.01093 | M64: -2.64599 | N64: OK | O64: OK | P64: OK | Q64: OK

Sheet Temp and humid 60-90
N1: SPL RAW DATA | AJ1: THD RAW DATA | BF1: IMPEDANCE RAW DATA
N2: SPL specification / Thông số kĩ thuật SPL | S2: SPK :116.8 dB±2dB Average of frequency 0.8, 1.0, 1.2k, 1.5k, 3.1Vrms | AJ2: THD Limit / Giới hạn THD | AO2: 100Hz 25%,200Hz 22%, 300Hz 26%, 500Hz 21%,1KHz 8%, 2KHz ~4KHz 3%, 3000Hz 3%,5KHz 5%, 9KHz 5%, 10KHz~14KHz 2%, with 3.1V | BF2: Imp / F0 Limit / Giới hạn Imp / F0 | BK2: IMP:8 Ω ±15% at 2kHz, 3.58V , F0: 890 ± 120Hz at 3.1V
N3: Evalution standard / Tiêu chuẩn đánh giá | S3: Deviation before test and after test is under ± 2db, and SPL Average value in limit / Độ lệch trước khi kiểm tra và sau khi kiểm tra nhỏ hơn ± 2db và SPL Giá trị trung bình trong giới hạn | AJ3: Evalution standard / Tiêu chuẩn đánh giá | AO3: THD value in limit / Giá trị THD trong giới hạn | BF3: Evalution standard / Tiêu chuẩn đánh giá | BK3: Value in limit / Giá trị trong giới hạn
N4: Test condition / Điều kiện kiểm tra | S4: Temperature: 60℃ ± 5℃, Humidity: 90% ± 5% Time: 120Hrs | AJ4: Test condition / Điều kiện kiểm tra | AO4: =S4 | BF4: Test condition / Điều kiện kiểm tra | BK4: =S4
N5: Sample No | O5: #1 | Q5: #2 | S5: #3 | U5: #4 | W5: #5 | Y5: #6 | AA5: #7 | AC5: #8 | AE5: #9 | AG5: #10 | AJ5: Sample No | AK5: #1 | AM5: #2 | AO5: #3 | AQ5: #4 | AS5: #5 | AU5: #6 | AW5: #7 | AY5: #8 | BA5: #9 | BC5: #10 | BF5: Sample No | BG5: #1 | BI5: #2 | BK5: #3 | BM5: #4 | BO5: #5 | BQ5: #6 | BS5: #7 | BU5: #8 | BW5: #9 | BY5: #10
N6: Result | O6: =IF(AND(O102<=118.8,O102>=114.8),"OK","NG") | P6: =IF(AND(P102<=118.8,P102>=114.8),"OK","NG") | Q6: =IF(AND(Q102<=118.8,Q102>=114.8),"OK","NG") | R6: =IF(AND(R102<=118.8,R102>=114.8),"OK","NG") | S6: =IF(AND(S102<=118.8,S102>=114.8),"OK","NG") | T6: =IF(AND(T102<=118.8,T102>=114.8),"OK","NG") | U6: =IF(AND(U102<=118.8,U102>=114.8),"OK","NG") | V6: =IF(AND(V102<=118.8,V102>=114.8),"OK","NG") | ... AH6: =IF(AND(AH102<=118.8,AH102>=114.8),"OK","NG") | BG6: =IF(AND(BG60<=9.2,BG60>=6.8),"OK","NG") | BH6: =IF(AND(BH60<=9.2,BH60>=6.8),"OK","NG") | BI6: =IF(AND(BI60<=9.2,BI60>=6.8),"OK","NG") | BJ6: =IF(AND(BJ60<=9.2,BJ60>=6.8),"OK","NG") | BK6: =IF(AND(BK60<=9.2,BK60>=6.8),"OK","NG") | BL6: =IF(AND(BL60<=9.2,BL60>=6.8),"OK","NG") | BM6: =IF(AND(BM60<=9.2,BM60>=6.8),"OK","NG") | BN6: =IF(AND(BN60<=9.2,BN60>=6.8),"OK","NG") | ... BZ6: =IF(AND(BZ60<=9.2,BZ60>=6.8),"OK","NG")
O7: Before #1 | P7: After #1 | Q7: Before #2 | R7: After #2 | S7: Before #3 | T7: After #3 | U7: Before #4 | V7: After #4 | W7: Before #5 | X7: After #5 | Y7: Before #6 | Z7: After #6 | AA7: Before #7 | AB7: After #7 | AC7: Before #8 | AD7: After #8 | AE7: Before #9 | AF7: After #9 | AG7: Before #10 | AH7: After #10 | AK7: Before #1 | AL7: After #1 | AM7: Before #2 | AN7: After #2 | AO7: Before #3 | AP7: After #3 | AQ7: Before #4 | AR7: After #4 | AS7: Before #5 | AT7: After #5 | AU7: Before #6 | AV7: After #6 | AW7: Before #7 | AX7: After #7 | AY7: Before #8 | AZ7: After #8 | BA7: Before #9 | BB7: After #9 | BC7: Before #10 | BD7: After #10 | BG7: Before #1 | BH7: After #1 | BI7: Before #2 | BJ7: After #2 | BK7: Before #3 | BL7: After #3 | BM7: Before #4 | BN7: After #4 | BO7: Before #5 | BP7: After #5 | BQ7: Before #6 | BR7: After #6 | BS7: Before #7 | BT7: After #7 | BU7: Before #8 | BV7: After #8 | BW7: Before #9 | BX7: After #9 | BY7: Before #10 | BZ7: After #10
N8: 100 | O8: 71.04579 | P8: 71.30079 | Q8: 71.15867 | R8: 71.40908 | S8: 70.80068 | T8: 70.81856 | U8: 70.50178 | V8: 71.3133 | W8: 70.2626 | X8: 70.78868 | Y8: 71.47379 | Z8: 70.94195 | AA8: 71.60356 | AB8: 71.96893 | AC8: 71.25582 | AD8: 71.09201 | AE8: 70.41993 | AF8: 70.93568 | AG8: 71.33403 | AH8: 71.40004 | AJ8: 100 | AK8: 13.5245 | AL8: 14.01858 | AM8: 17.24517 | AN8: 10.41388 | AO8: 11.52275 | AP8: 7.51629 | AQ8: 9.28782 | AR8: 9.65179 | AS8: 9.64494 | AT8: 11.05348 | AU8: 11.17282 | AV8: 11.04534 | AW8: 16.10451 | AX8: 8.14932 | AY8: 16.71202 | AZ8: 9.9997 | BA8: 18.55279 | BB8: 8.18378 | BC8: 9.90636 | BD8: 13.27592 | BF8: 100 | BG8: 6.90396 | BH8: 6.63717 | BI8: 6.45331 | BJ8: 6.47101 | BK8: 6.44591 | BL8: 6.3981 | BM8: 6.51839 | BN8: 6.55419 | BO8: 6.3878 | BP8: 6.56044 | BQ8: 6.43975 | BR8: 6.16583 | BS8: 6.60184 | BT8: 6.67514 | BU8: 6.65624 | BV8: 6.672 | BW8: 6.36525 | BX8: 7.15076 | BY8: 6.50949 | BZ8: 6.37935
N9: 106 | O9: 71.3489 | P9: 71.75056 | Q9: 71.62861 | R9: 71.90904 | S9: 71.26219 | T9: 71.27552 | U9: 70.92137 | V9: 71.81852 | W9: 70.7894 | X9: 71.3312 | Y9: 71.52457 | Z9: 70.87724 | AA9: 71.69756 | AB9: 71.83685 | AC9: 71.22788 | AD9: 70.92893 | AE9: 70.80337 | AF9: 71.52873 | AG9: 70.89693 | AH9: 71.52335 | AJ9: 106 | AK9: 13.48678 | AL9: 13.57616 | AM9: 16.63565 | AN9: 10.25395 | AO9: 11.39859 | AP9: 7.40238 | AQ9: 9.21627 | AR9: 9.61208 | AS9: 9.68543 | AT9: 11.11514 | AU9: 11.2078 | AV9: 11.00913 | AW9: 16.29326 | AX9: 8.38106 | AY9: 15.64341 | AZ9: 10.11665 | BA9: 18.22844 | BB9: 8.25988 | BC9: 9.78479 | BD9: 13.48145 | BF9: 106 | BG9: 6.98396 | BH9: 6.70215 | BI9: 6.53612 | BJ9: 6.55627 | BK9: 6.53039 | BL9: 6.47484 | BM9: 6.59862 | BN9: 6.64126 | BO9: 6.47165 | BP9: 6.64199 | BQ9: 6.52603 | BR9: 6.25377 | BS9: 6.69759 | BT9: 6.7449 | BU9: 6.7501 | BV9: 6.72036 | BW9: 6.45096 | BX9: 7.16965 | BY9: 6.5926 | BZ9: 6.4456
N10: 112 | O10: 71.88348 | P10: 72.25202 | Q10: 72.17923 | R10: 72.41999 | S10: 71.76806 | T10: 71.79716 | U10: 71.44828 | V10: 72.30137 | W10: 71.34982 | X10: 71.84234 | Y10: 71.78841 | Z10: 71.15505 | AA10: 71.89248 | AB10: 72.08724 | AC10: 71.52241 | AD10: 71.2582 | AE10: 71.19943 | AF10: 72.09108 | AG10: 70.89599 | AH10: 71.84641 | AJ10: 112 | AK10: 13.20991 | AL10: 13.29645 | AM10: 16.15702 | AN10: 10.1132 | AO10: 11.2989 | AP10: 7.2825 | AQ10: 9.26949 | AR10: 9.58004 | AS10: 9.69971 | AT10: 11.17239 | AU10: 11.23541 | AV10: 11.01544 | AW10: 16.28253 | AX10: 8.53291 | AY10: 14.89056 | AZ10: 10.10636 | BA10: 17.99848 | BB10: 8.30347 | BC10: 9.68191 | BD10: 13.68858 | BF10: 112 | BG10: 7.04548 | BH10: 6.74387 | BI10: 6.6009 | BJ10: 6.62357 | BK10: 6.59583 | BL10: 6.52475 | BM10: 6.66084 | BN10: 6.66663 | BO10: 6.537 | BP10: 6.64342 | BQ10: 6.59323 | BR10: 6.32207 | BS10: 6.7747 | BT10: 6.80069 | BU10: 6.82401 | BV10: 6.68935 | BW10: 6.5179 | BX10: 7.20499 | BY10: 6.6576 | BZ10: 6.51046
N11: 118 | O11: 72.80152 | P11: 73.16418 | Q11: 73.0928 | R11: 73.3234 | S11: 72.68018 | T11: 72.72462 | U11: 72.40752 | V11: 73.2004 | W11: 72.27508 | X11: 72.71819 | Y11: 72.24134 | Z11: 71.66463 | AA11: 72.19191 | AB11: 72.50345 | AC11: 71.98801 | AD11: 71.81588 | AE11: 71.90911 | AF11: 72.82789 | AG11: 71.51388 | AH11: 72.41735 | AJ11: 118 | AK11: 13.01706 | AL11: 13.04248 | AM11: 15.90133 | AN11: 9.98068 | AO11: 11.18099 | AP11: 7.20871 | AQ11: 9.29041 | AR11: 9.48099 | AS11: 9.70797 | AT11: 11.22747 | AU11: 11.26489 | AV11: 10.89439 | AW11: 16.28741 | AX11: 8.557 | AY11: 14.41786 | AZ11: 10.19218 | BA11: 17.68605 | BB11: 8.35367 | BC11: 9.6281 | BD11: 13.72669 | BF11: 118 | BG11: 7.0943 | BH11: 6.77574 | BI11: 6.65512 | BJ11: 6.67661 | BK11: 6.65017 | BL11: 6.57458 | BM11: 6.7122 | BN11: 6.72112 | BO11: 6.59151 | BP11: 6.70165 | BQ11: 6.64748 | BR11: 6.37676 | BS11: 6.83502 | BT11: 6.8495 | BU11: 6.88481 | BV11: 6.73125 | BW11: 6.57418 | BX11: 7.2821 | BY11: 6.71299 | BZ11: 6.56297
N12: 125 | O12: 73.84113 | P12: 74.16191 | Q12: 74.10543 | R12: 74.3175 | S12: 73.66263 | T12: 73.70554 | U12: 73.39256 | V12: 74.16551 | W12: 73.33287 | X12: 73.78503 | Y12: 72.78492 | Z12: 72.5075 | AA12: 72.88961 | AB12: 72.9635 | AC12: 72.63481 | AD12: 72.45161 | AE12: 72.79216 | AF12: 73.51042 | AG12: 72.27749 | AH12: 72.98566 | AJ12: 125 | AK12: 12.81276 | AL12: 12.77218 | AM12: 15.66562 | AN12: 9.83918 | AO12: 11.06839 | AP12: 7.13209 | AQ12: 9.2895 | AR12: 9.37628 | AS12: 9.7031 | AT12: 11.29562 | AU12: 11.31321 | AV12: 10.76217 | AW12: 16.32554 | AX12: 8.57306 | AY12: 13.96586 | AZ12: 10.23862 | BA12: 17.35377 | BB12: 8.42032 | BC12: 9.58993 | BD12: 13.83024 | BF12: 125 | BG12: 7.14304 | BH12: 6.79311 | BI12: 6.70786 | BJ12: 6.72813 | BK12: 6.70086 | BL12: 6.62918 | BM12: 6.7619 | BN12: 6.77385 | BO12: 6.64453 | BP12: 6.75134 | BQ12: 6.69985 | BR12: 6.42998 | BS12: 6.89517 | BT12: 6.89939 | BU12: 6.94564 | BV12: 6.77773 | BW12: 6.62933 | BX12: 7.33669 | BY12: 6.7646 | BZ12: 6.61235
N13: 132 | O13: 74.98666 | P13: 75.27688 | Q13: 75.23169 | R13: 75.43148 | S13: 74.79505 | T13: 74.79541 | U13: 74.52578 | V13: 75.24359 | W13: 74.56542 | X13: 74.95856 | Y13: 73.4302 | Z13: 73.43502 | AA13: 73.92531 | AB13: 73.80203 | AC13: 73.64448 | AD13: 73.31178 | AE13: 73.78305 | AF13: 74.40554 | AG13: 73.20415 | AH13: 73.85745 | AJ13: 132 | AK13: 12.38163 | AL13: 11.95421 | AM13: 15.79279 | AN13: 9.58097 | AO13: 10.98008 | AP13: 7.10331 | AQ13: 9.28589 | AR13: 9.14064 | AS13: 9.68051 | AT13: 11.38027 | AU13: 11.40123 | AV13: 10.78775 | AW13: 16.5216 | AX13: 8.69149 | AY13: 13.37291 | AZ13: 10.549 | BA13: 16.75571 | BB13: 8.43052 | BC13: 9.6108 | BD13: 14.03568 | BF13: 132 | BG13: 7.18391 | BH13: 6.82909 | BI13: 6.75174 | BJ13: 6.76823 | BK13: 6.74256 | BL13: 6.67128 | BM13: 6.80515 | BN13: 6.79375 | BO13: 6.68862 | BP13: 6.79479 | BQ13: 6.7434 | BR13: 6.47531 | BS13: 6.94608 | BT13: 6.94073 | BU13: 6.9946 | BV13: 6.81845 | BW13: 6.67396 | BX13: 7.33528 | BY13: 6.80771 | BZ13: 6.65568
N14: 140 | O14: 76.35282 | P14: 76.53795 | Q14: 76.44561 | R14: 76.64983 | S14: 76.00284 | T14: 76.0354 | U14: 75.8015 | V14: 76.42459 | W14: 75.82908 | X14: 76.18123 | Y14: 74.54526 | Z14: 74.81158 | AA14: 75.03559 | AB14: 75.04468 | AC14: 74.85498 | AD14: 74.52606 | AE14: 74.71787 | AF14: 75.32642 | AG14: 74.73843 | AH14: 74.91863 | AJ14: 140 | AK14: 12.14647 | AL14: 11.59191 | AM14: 16.01602 | AN14: 9.32578 | AO14: 10.79782 | AP14: 7.03163 | AQ14: 9.28883 | AR14: 8.97029 | AS14: 9.71862 | AT14: 11.40907 | AU14: 11.51933 | AV14: 10.79471 | AW14: 16.68683 | AX14: 8.84334 | AY14: 13.34658 | AZ14: 10.69759 | BA14: 16.23217 | BB14: 8.37771 | BC14: 9.66092 | BD14: 14.14209 | BF14: 140 | BG14: 7.22383 | BH14: 6.87608 | BI14: 6.79498 | BJ14: 6.81057 | BK14: 6.78263 | BL14: 6.67424 | BM14: 6.84618 | BN14: 6.82487 | BO14: 6.73062 | BP14: 6.83497 | BQ14: 6.78642 | BR14: 6.51821 | BS14: 6.99323 | BT14: 6.97857 | BU14: 7.04238 | BV14: 6.85599 | BW14: 6.71754 | BX14: 7.41721 | BY14: 6.85073 | BZ14: 6.79305
N15: 150 | O15: 77.63683 | P15: 77.79422 | Q15: 77.66377 | R15: 77.91468 | S15: 77.24447 | T15: 77.27884 | U15: 77.06016 | V15: 77.69101 | W15: 77.12982 | X15: 77.48355 | Y15: 75.70704 | Z15: 76.13376 | AA15: 76.33248 | AB15: 76.18895 | AC15: 76.0856 | AD15: 75.71115 | AE15: 75.8701 | AF15: 76.37342 | AG15: 76.20334 | AH15: 76.07701 | AJ15: 150 | AK15: 11.86267 | AL15: 11.27463 | AM15: 13.94016 | AN15: 9.1015 | AO15: 10.50579 | AP15: 6.82954 | AQ15: 9.33462 | AR15: 8.98107 | AS15: 9.81133 | AT15: 11.49681 | AU15: 11.68565 | AV15: 10.63772 | AW15: 16.60461 | AX15: 8.94233 | AY15: 10.49026 | AZ15: 10.77578 | BA15: 15.69226 | BB15: 8.2706 | BC15: 9.83144 | BD15: 14.22663 | BF15: 150 | BG15: 7.26425 | BH15: 6.91971 | BI15: 6.84128 | BJ15: 6.85441 | BK15: 6.82717 | BL15: 6.7149 | BM15: 6.88894 | BN15: 6.87123 | BO15: 6.77682 | BP15: 6.87485 | BQ15: 6.8324 | BR15: 6.56493 | BS15: 7.04236 | BT15: 7.02354 | BU15: 7.09381 | BV15: 6.89636 | BW15: 6.76408 | BX15: 7.46838 | BY15: 6.89569 | BZ15: 6.83728
N16: 160 | O16: 78.91927 | P16: 79.04955 | Q16: 78.90308 | R16: 79.19942 | S16: 78.53053 | T16: 78.54352 | U16: 78.31239 | V16: 78.9991 | W16: 78.45862 | X16: 78.80176 | Y16: 76.93864 | Z16: 77.4465 | AA16: 77.68986 | AB16: 77.46805 | AC16: 77.34485 | AD16: 76.94591 | AE16: 77.13705 | AF16: 77.57507 | AG16: 77.49018 | AH16: 77.31819 | AJ16: 160 | AK16: 11.1804 | AL16: 10.93216 | AM16: 13.55672 | AN16: 8.90278 | AO16: 10.32022 | AP16: 6.89567 | AQ16: 9.45055 | AR16: 8.87192 | AS16: 9.97755 | AT16: 11.72137 | AU16: 11.87817 | AV16: 10.23446 | AW16: 16.55326 | AX16: 8.91892 | AY16: 10.67985 | AZ16: 10.87573 | BA16: 15.18376 | BB16: 8.32421 | BC16: 9.32623 | BD16: 14.07006 | BF16: 160 | BG16: 7.29914 | BH16: 6.96255 | BI16: 6.88175 | BJ16: 6.89191 | BK16: 6.86415 | BL16: 6.7579 | BM16: 6.92608 | BN16: 6.93293 | BO16: 6.81571 | BP16: 6.91163 | BQ16: 6.87197 | BR16: 6.60448 | BS16: 7.08218 | BT16: 7.05734 | BU16: 7.13226 | BV16: 6.93129 | BW16: 6.8018 | BX16: 7.49162 | BY16: 6.93288 | BZ16: 6.84514
N17: 170 | O17: 80.21963 | P17: 80.36069 | Q17: 80.18525 | R17: 80.50078 | S17: 79.88182 | T17: 79.82192 | U17: 79.57993 | V17: 80.28713 | W17: 79.74639 | X17: 80.09232 | Y17: 78.2313 | Z17: 78.77479 | AA17: 78.94647 | AB17: 78.7263 | AC17: 78.6505 | AD17: 78.22046 | AE17: 78.36828 | AF17: 78.90291 | AG17: 78.68208 | AH17: 78.67717 | AJ17: 170 | AK17: 10.94056 | AL17: 10.75563 | AM17: 13.44248 | AN17: 8.76854 | AO17: 10.18754 | AP17: 6.99359 | AQ17: 9.57774 | AR17: 8.75698 | AS17: 10.12888 | AT17: 11.94264 | AU17: 12.10731 | AV17: 10.11473 | AW17: 16.31134 | AX17: 8.93583 | AY17: 10.86459 | AZ17: 11.02115 | BA17: 14.72459 | BB17: 8.38039 | BC17: 9.08 | BD17: 14.02291 | BF17: 170 | BG17: 7.32867 | BH17: 7.01147 | BI17: 6.9152 | BJ17: 6.92503 | BK17: 6.89474 | BL17: 6.78507 | BM17: 6.95717 | BN17: 6.95792 | BO17: 6.84821 | BP17: 6.94189 | BQ17: 6.90528 | BR17: 6.63675 | BS17: 7.11552 | BT17: 7.08296 | BU17: 7.16233 | BV17: 6.95821 | BW17: 6.83406 | BX17: 7.52508 | BY17: 6.96486 | BZ17: 6.83264
N18: 180 | O18: 81.5625 | P18: 81.70797 | Q18: 81.50842 | R18: 81.78876 | S18: 81.22764 | T18: 81.1471 | U18: 80.82675 | V18: 81.51608 | W18: 80.96357 | X18: 81.35056 | Y18: 79.52215 | Z18: 80.02613 | AA18: 80.20301 | AB18: 79.88524 | AC18: 79.96525 | AD18: 79.4985 | AE18: 79.528 | AF18: 80.20983 | AG18: 79.89139 | AH18: 79.92113 | AJ18: 180 | AK18: 10.69602 | AL18: 10.709 | AM18: 13.4205 | AN18: 8.72745 | AO18: 10.15427 | AP18: 7.158 | AQ18: 9.82037 | AR18: 8.73315 | AS18: 10.3724 | AT18: 12.18233 | AU18: 12.37994 | AV18: 10.05774 | AW18: 16.15414 | AX18: 8.93259 | AY18: 11.15534 | AZ18: 11.28437 | BA18: 14.45691 | BB18: 8.39129 | BC18: 9.10302 | BD18: 13.94073 | BF18: 180 | BG18: 7.3535 | BH18: 7.03472 | BI18: 6.9436 | BJ18: 6.95207 | BK18: 6.92103 | BL18: 6.81132 | BM18: 6.98331 | BN18: 6.96051 | BO18: 6.87637 | BP18: 6.97042 | BQ18: 6.93319 | BR18: 6.66527 | BS18: 7.14391 | BT18: 7.10679 | BU18: 7.18809 | BV18: 6.98194 | BW18: 6.86212 | BX18: 7.57564 | BY18: 6.99188 | BZ18: 6.85091
L19: Limit | N19: 190 | O19: 82.7877 | P19: 82.92399 | Q19: 82.74314 | R19: 83.02865 | S19: 82.47082 | T19: 82.35702 | U19: 82.0816 | V19: 82.75242 | W19: 82.19129 | X19: 82.57032 | Y19: 80.77301 | Z19: 81.24317 | AA19: 81.51946 | AB19: 81.12644 | AC19: 81.27173 | AD19: 80.85535 | AE19: 80.85173 | AF19: 81.48598 | AG19: 81.15233 | AH19: 81.20853 | AJ19: 190 | AK19: 10.67074 | AL19: 10.71148 | AM19: 13.49844 | AN19: 8.77623 | AO19: 10.2015 | AP19: 7.40434 | AQ19: 10.08951 | AR19: 8.77146 | AS19: 10.72789 | AT19: 12.43161 | AU19: 12.6966 | AV19: 10.06992 | AW19: 16.09045 | AX19: 9.04982 | AY19: 11.53894 | AZ19: 11.66048 | BA19: 14.28879 | BB19: 8.46803 | BC19: 9.19652 | BD19: 13.88295 | BF19: 190 | BG19: 7.37608 | BH19: 7.05569 | BI19: 6.96941 | BJ19: 6.97573 | BK19: 6.94425 | BL19: 6.83569 | BM19: 7.0068 | BN19: 6.9804 | BO19: 6.90105 | BP19: 6.99367 | BQ19: 6.95817 | BR19: 6.69031 | BS19: 7.17016 | BT19: 7.13023 | BU19: 7.21087 | BV19: 7.0032 | BW19: 6.88713 | BX19: 7.49764 | BY19: 7.01621 | BZ19: 6.87096
K20: 100 | L20: 25 | N20: 200 | O20: 83.95513 | P20: 84.09646 | Q20: 83.91592 | R20: 84.1872 | S20: 83.64232 | T20: 83.51217 | U20: 83.281 | V20: 83.90881 | W20: 83.33245 | X20: 83.72788 | Y20: 81.97099 | Z20: 82.40517 | AA20: 82.70301 | AB20: 82.32415 | AC20: 82.48174 | AD20: 82.10042 | AE20: 82.04577 | AF20: 82.70842 | AG20: 82.37003 | AH20: 82.40643 | AJ20: 200 | AK20: 10.73141 | AL20: 10.81822 | AM20: 13.59056 | AN20: 8.92308 | AO20: 10.33714 | AP20: 7.67122 | AQ20: 10.39496 | AR20: 8.92706 | AS20: 11.16451 | AT20: 12.71215 | AU20: 13.04724 | AV20: 10.2588 | AW20: 16.12042 | AX20: 9.30832 | AY20: 11.91654 | AZ20: 12.02586 | BA20: 14.30442 | BB20: 8.58791 | BC20: 9.3349 | BD20: 13.95844 | BF20: 200 | BG20: 7.3964 | BH20: 7.07852 | BI20: 6.99344 | BJ20: 6.99781 | BK20: 6.96472 | BL20: 6.86325 | BM20: 7.02721 | BN20: 7.00336 | BO20: 6.92394 | BP20: 7.01633 | BQ20: 6.98097 | BR20: 6.71213 | BS20: 7.19313 | BT20: 7.15137 | BU20: 7.23227 | BV20: 7.02229 | BW20: 6.9099 | BX20: 7.50476 | BY20: 7.03819 | BZ20: 6.88786
K21: 200 | L21: 22 | N21: 212 | O21: 85.07871 | P21: 85.21271 | Q21: 85.03484 | R21: 85.28615 | S21: 84.73852 | T21: 84.62461 | U21: 84.43666 | V21: 85.00784 | W21: 84.4277 | X21: 84.82705 | Y21: 83.14767 | Z21: 83.55513 | AA21: 83.85103 | AB21: 83.48088 | AC21: 83.68324 | AD21: 83.29201 | AE21: 83.16239 | AF21: 83.86028 | AG21: 83.51873 | AH21: 83.56202 | AJ21: 212 | AK21: 10.92781 | AL21: 11.11912 | AM21: 13.86738 | AN21: 9.21832 | AO21: 10.59471 | AP21: 8.09629 | AQ21: 10.84008 | AR21: 9.21187 | AS21: 11.72821 | AT21: 13.14289 | AU21: 13.48325 | AV21: 10.58476 | AW21: 16.2773 | AX21: 9.7155 | AY21: 12.48669 | AZ21: 12.57979 | BA21: 14.45882 | BB21: 8.83847 | BC21: 9.57309 | BD21: 14.10399 | BF21: 212 | BG21: 7.41779 | BH21: 7.10211 | BI21: 7.01883 | BJ21: 7.02142 | BK21: 6.9865 | BL21: 6.87938 | BM21: 7.04879 | BN21: 7.02595 | BO21: 6.9482 | BP21: 7.03987 | BQ21: 7.00391 | BR21: 6.73471 | BS21: 7.21833 | BT21: 7.17358 | BU21: 7.25402 | BV21: 7.04323 | BW21: 6.93278 | BX21: 7.51785 | BY21: 7.0621 | BZ21: 6.90848
K22: 300 | L22: 26 | N22: 224 | O22: 86.14128 | P22: 86.27266 | Q22: 86.09568 | R22: 86.34999 | S22: 85.77784 | T22: 85.6968 | U22: 85.55917 | V22: 86.08362 | W22: 85.50634 | X22: 85.90333 | Y22: 84.29631 | Z22: 84.63721 | AA22: 84.97101 | AB22: 84.62949 | AC22: 84.81302 | AD22: 84.46595 | AE22: 84.30462 | AF22: 84.98414 | AG22: 84.66253 | AH22: 84.66489 | AJ22: 224 | AK22: 11.2085 | AL22: 11.47286 | AM22: 14.34236 | AN22: 9.60784 | AO22: 10.91964 | AP22: 8.5576 | AQ22: 11.40115 | AR22: 9.58404 | AS22: 12.31034 | AT22: 13.71043 | AU22: 13.91013 | AV22: 10.95532 | AW22: 16.53309 | AX22: 10.23646 | AY22: 13.15621 | AZ22: 13.21002 | BA22: 14.72715 | BB22: 9.26248 | BC22: 9.92485 | BD22: 14.41893 | BF22: 224 | BG22: 7.43699 | BH22: 7.11954 | BI22: 7.03902 | BJ22: 7.04302 | BK22: 7.00631 | BL22: 6.90082 | BM22: 7.06754 | BN22: 7.04975 | BO22: 6.9709 | BP22: 7.06211 | BQ22: 7.02565 | BR22: 6.75689 | BS22: 7.24044 | BT22: 7.1938 | BU22: 7.27789 | BV22: 7.06351 | BW22: 6.95438 | BX22: 7.45191 | BY22: 7.08361 | BZ22: 6.92853
K23: 500 | L23: 21 | N23: 236 | O23: 87.13716 | P23: 87.2665 | Q23: 87.08522 | R23: 87.36776 | S23: 86.76313 | T23: 86.70127 | U23: 86.62296 | V23: 87.12091 | W23: 86.55639 | X23: 86.94866 | Y23: 85.41669 | Z23: 85.72739 | AA23: 86.06766 | AB23: 85.78825 | AC23: 85.88716 | AD23: 85.59004 | AE23: 85.42779 | AF23: 86.07725 | AG23: 85.79295 | AH23: 85.74632 | AJ23: 236 | AK23: 11.44181 | AL23: 11.81875 | AM23: 14.79451 | AN23: 9.9938 | AO23: 11.27268 | AP23: 9.0727 | AQ23: 11.97828 | AR23: 9.94141 | AS23: 12.88564 | AT23: 14.33144 | AU23: 14.31376 | AV23: 11.31519 | AW23: 16.92962 | AX23: 10.75723 | AY23: 13.77958 | AZ23: 13.85994 | BA23: 15.08366 | BB23: 9.69678 | BC23: 10.28913 | BD23: 14.78799 | BF23: 236 | BG23: 7.45509 | BH23: 7.14285 | BI23: 7.05824 | BJ23: 7.06189 | BK23: 7.02458 | BL23: 6.91915 | BM23: 7.08578 | BN23: 7.06657 | BO23: 6.98968 | BP23: 7.07997 | BQ23: 7.04585 | BR23: 6.77645 | BS23: 7.26182 | BT23: 7.20903 | BU23: 7.30024 | BV23: 7.08032 | BW23: 6.97481 | BX23: 7.47278 | BY23: 7.10274 | BZ23: 6.94647
K24: 1000 | L24: 8 | N24: 250 | O24: 88.14229 | P24: 88.28253 | Q24: 88.09451 | R24: 88.36891 | S24: 87.77239 | T24: 87.71197 | U24: 87.63967 | V24: 88.12376 | W24: 87.56309 | X24: 87.97454 | Y24: 86.45097 | Z24: 86.77807 | AA24: 87.08589 | AB24: 86.83216 | AC24: 86.87855 | AD24: 86.61409 | AE24: 86.44815 | AF24: 87.10515 | AG24: 86.82794 | AH24: 86.7744 | AJ24: 250 | AK24: 11.78614 | AL24: 12.25166 | AM24: 15.24221 | AN24: 10.3985 | AO24: 11.67265 | AP24: 9.58997 | AQ24: 12.59702 | AR24: 10.31833 | AS24: 13.39666 | AT24: 15.00757 | AU24: 14.7428 | AV24: 11.76713 | AW24: 17.30272 | AX24: 11.22069 | AY24: 14.37733 | AZ24: 14.51336 | BA24: 15.54682 | BB24: 10.09394 | BC24: 10.65313 | BD24: 15.19369 | BF24: 250 | BG24: 7.47551 | BH24: 7.15851 | BI24: 7.07942 | BJ24: 7.0823 | BK24: 7.04371 | BL24: 6.93835 | BM24: 7.10398 | BN24: 7.08377 | BO24: 7.01106 | BP24: 7.09929 | BQ24: 7.0663 | BR24: 6.79603 | BS24: 7.28533 | BT24: 7.2282 | BU24: 7.32357 | BV24: 7.09618 | BW24: 6.99496 | BX24: 7.45674 | BY24: 7.12274 | BZ24: 6.96522
K25: 2000 | L25: 3 | N25: 265 | O25: 89.27727 | P25: 89.42239 | Q25: 89.23071 | R25: 89.49668 | S25: 88.91133 | T25: 88.84825 | U25: 88.77426 | V25: 89.25198 | W25: 88.70766 | X25: 89.10581 | Y25: 87.59668 | Z25: 87.91047 | AA25: 88.20744 | AB25: 87.97296 | AC25: 88.01389 | AD25: 87.75208 | AE25: 87.58712 | AF25: 88.22997 | AG25: 87.94876 | AH25: 87.90423 | AJ25: 265 | AK25: 12.22103 | AL25: 12.73456 | AM25: 15.62111 | AN25: 10.78613 | AO25: 12.13864 | AP25: 9.94921 | AQ25: 13.05811 | AR25: 10.71629 | AS25: 13.73434 | AT25: 15.57953 | AU25: 15.14872 | AV25: 12.17629 | AW25: 17.70781 | AX25: 11.49778 | AY25: 14.72107 | AZ25: 15.08073 | BA25: 16.06204 | BB25: 10.46165 | BC25: 11.05243 | BD25: 15.65508 | BF25: 265 | BG25: 7.49494 | BH25: 7.17747 | BI25: 7.09856 | BJ25: 7.10305 | BK25: 7.06268 | BL25: 6.95854 | BM25: 7.12231 | BN25: 7.10074 | BO25: 7.03299 | BP25: 7.1203 | BQ25: 7.08633 | BR25: 6.81665 | BS25: 7.30755 | BT25: 7.2469 | BU25: 7.34498 | BV25: 7.11303 | BW25: 7.01561 | BX25: 7.53169 | BY25: 7.14179 | BZ25: 6.98373
K26: 3000 | L26: 3 | N26: 280 | O26: 90.42345 | P26: 90.57133 | Q26: 90.37705 | R26: 90.63759 | S26: 90.06028 | T26: 89.98957 | U26: 89.91747 | V26: 90.39144 | W26: 89.85569 | X26: 90.24049 | Y26: 88.74598 | Z26: 89.0436 | AA26: 89.33906 | AB26: 89.1175 | AC26: 89.14713 | AD26: 88.90298 | AE26: 88.72945 | AF26: 89.37651 | AG26: 89.09189 | AH26: 89.02889 | AJ26: 280 | AK26: 12.52748 | AL26: 13.12259 | AM26: 15.94307 | AN26: 11.04843 | AO26: 12.52017 | AP26: 10.0806 | AQ26: 13.33705 | AR26: 11.06904 | AS26: 13.84746 | AT26: 15.95241 | AU26: 15.46618 | AV26: 12.5365 | AW26: 18.15196 | AX26: 11.66604 | AY26: 14.95212 | AZ26: 15.4376 | BA26: 16.55899 | BB26: 10.67207 | BC26: 11.43503 | BD26: 16.12268 | BF26: 280 | BG26: 7.51312 | BH26: 7.19474 | BI26: 7.11684 | BJ26: 7.12167 | BK26: 7.0802 | BL26: 6.98702 | BM26: 7.13903 | BN26: 7.11802 | BO26: 7.05165 | BP26: 7.13661 | BQ26: 7.10552 | BR26: 6.83485 | BS26: 7.32912 | BT26: 7.26269 | BU26: 7.36491 | BV26: 7.12902 | BW26: 7.03349 | BX26: 7.53319 | BY26: 7.16099 | BZ26: 7.00165
K27: 4000 | L27: 3 | N27: 300 | O27: 91.60714 | P27: 91.7605 | Q27: 91.56769 | R27: 91.82019 | S27: 91.24664 | T27: 91.17221 | U27: 91.09628 | V27: 91.572 | W27: 91.04176 | X27: 91.42614 | Y27: 89.93627 | Z27: 90.2528 | AA27: 90.53597 | AB27: 90.30744 | AC27: 90.34014 | AD27: 90.0872 | AE27: 89.91292 | AF27: 90.56382 | AG27: 90.28175 | AH27: 90.2344 | AJ27: 300 | AK27: 12.80841 | AL27: 13.53928 | AM27: 16.18936 | AN27: 11.1544 | AO27: 12.91797 | AP27: 9.92536 | AQ27: 13.367 | AR27: 11.44415 | AS27: 13.64061 | AT27: 16.1822 | AU27: 15.70205 | AV27: 12.90598 | AW27: 18.65674 | AX27: 11.61575 | AY27: 14.94951 | AZ27: 15.61509 | BA27: 17.1965 | BB27: 10.73218 | BC27: 11.86911 | BD27: 16.67761 | BF27: 300 | BG27: 7.53558 | BH27: 7.21603 | BI27: 7.14019 | BJ27: 7.14478 | BK27: 7.10224 | BL27: 7.009 | BM27: 7.16032 | BN27: 7.13877 | BO27: 7.07458 | BP27: 7.15933 | BQ27: 7.12982 | BR27: 6.85805 | BS27: 7.35464 | BT27: 7.28358 | BU27: 7.39025 | BV27: 7.14955 | BW27: 7.05619 | BX27: 7.55266 | BY27: 7.18452 | BZ27: 7.02379
K28: 5000 | L28: 5 | N28: 315 | O28: 92.80467 | P28: 92.95741 | Q28: 92.77102 | R28: 93.01661 | S28: 92.44666 | T28: 92.36765 | U28: 92.31669 | V28: 92.76935 | W28: 92.24174 | X28: 92.62555 | Y28: 91.15152 | Z28: 91.45896 | AA28: 91.73954 | AB28: 91.51307 | AC28: 91.54569 | AD28: 91.30655 | AE28: 91.11557 | AF28: 91.76618 | AG28: 91.4777 | AH28: 91.44234 | AJ28: 315 | AK28: 12.98319 | AL28: 13.84212 | AM28: 16.2066 | AN28: 11.08098 | AO28: 13.16464 | AP28: 9.615 | AQ28: 13.16479 | AR28: 11.70663 | AS28: 13.24525 | AT28: 16.27275 | AU28: 15.71732 | AV28: 13.12132 | AW28: 19.03206 | AX28: 11.38687 | AY28: 14.7692 | AZ28: 15.57324 | BA28: 17.67775 | BB28: 10.62654 | BC28: 12.15153 | BD28: 17.07283 | BF28: 315 | BG28: 7.55305 | BH28: 7.23854 | BI28: 7.15632 | BJ28: 7.16219 | BK28: 7.11768 | BL28: 7.01352 | BM28: 7.17541 | BN28: 7.15554 | BO28: 7.09087 | BP28: 7.1707 | BQ28: 7.14594 | BR28: 6.87494 | BS28: 7.37462 | BT28: 7.29817 | BU28: 7.40835 | BV28: 7.16248 | BW28: 7.07252 | BX28: 7.56652 | BY28: 7.20161 | BZ28: 7.03964
K29: 9000 | L29: 5 | N29: 335 | O29: 93.99975 | P29: 94.15588 | Q29: 93.97092 | R29: 94.21505 | S29: 93.64432 | T29: 93.56851 | U29: 93.53542 | V29: 93.96753 | W29: 93.44521 | X29: 93.82048 | Y29: 92.37152 | Z29: 92.66411 | AA29: 92.94621 | AB29: 92.72116 | AC29: 92.77127 | AD29: 92.52407 | AE29: 92.35191 | AF29: 92.98055 | AG29: 92.68366 | AH29: 92.65065 | AJ29: 335 | AK29: 13.1627 | AL29: 14.24392 | AM29: 16.00901 | AN29: 10.78506 | AO29: 13.46018 | AP29: 9.04955 | AQ29: 12.75407 | AR29: 12.03899 | AS29: 12.44965 | AT29: 16.30146 | AU29: 15.49532 | AV29: 13.32058 | AW29: 19.36727 | AX29: 10.87056 | AY29: 14.37565 | AZ29: 15.36404 | BA29: 18.38524 | BB29: 10.34545 | BC29: 12.50408 | BD29: 17.56082 | BF29: 335 | BG29: 7.57337 | BH29: 7.31345 | BI29: 7.17567 | BJ29: 7.18248 | BK29: 7.13783 | BL29: 7.04665 | BM29: 7.19479 | BN29: 7.17296 | BO29: 7.11094 | BP29: 7.19277 | BQ29: 7.16675 | BR29: 6.89522 | BS29: 7.40035 | BT29: 7.3203 | BU29: 7.43297 | BV29: 7.18047 | BW29: 7.09334 | BX29: 7.58323 | BY29: 7.22321 | BZ29: 7.05932
K30: 10000 | L30: 2 | N30: 355 | O30: 95.18841 | P30: 95.34895 | Q30: 95.16471 | R30: 95.41056 | S30: 94.83527 | T30: 94.76406 | U30: 94.75066 | V30: 95.16064 | W30: 94.64052 | X30: 95.01918 | Y30: 93.59149 | Z30: 93.89475 | AA30: 94.17087 | AB30: 93.94615 | AC30: 93.99233 | AD30: 93.7183 | AE30: 93.56638 | AF30: 94.20066 | AG30: 93.90593 | AH30: 93.86882 | AJ30: 355 | AK30: 13.31889 | AL30: 14.56196 | AM30: 15.58478 | AN30: 10.34469 | AO30: 13.67323 | AP30: 8.33562 | AQ30: 12.19193 | AR30: 12.34183 | AS30: 11.487 | AT30: 16.09847 | AU30: 15.05552 | AV30: 13.44343 | AW30: 19.49682 | AX30: 10.26553 | AY30: 13.75024 | AZ30: 14.96948 | BA30: 19.11314 | BB30: 9.93251 | BC30: 12.79755 | BD30: 17.9112 | BF30: 355 | BG30: 7.59408 | BH30: 7.27071 | BI30: 7.19527 | BJ30: 7.20402 | BK30: 7.15697 | BL30: 7.05653 | BM30: 7.21456 | BN30: 7.19276 | BO30: 7.12987 | BP30: 7.21139 | BQ30: 7.18699 | BR30: 6.91563 | BS30: 7.42511 | BT30: 7.33862 | BU30: 7.45711 | BV30: 7.19804 | BW30: 7.11311 | BX30: 7.53552 | BY30: 7.24443 | BZ30: 7.07786
K31: 14000 | L31: 2 | N31: 375 | O31: 96.40564 | P31: 96.5748 | Q31: 96.39246 | R31: 96.63616 | S31: 96.05666 | T31: 95.99271 | U31: 95.99444 | V31: 96.38131 | W31: 95.86575 | X31: 96.24521 | Y31: 94.84185 | Z31: 95.15084 | AA31: 95.4193 | AB31: 95.19605 | AC31: 95.23972 | AD31: 94.96553 | AE31: 94.87918 | AF31: 95.44858 | AG31: 95.14881 | AH31: 95.11798 | AJ31: 375 | AK31: 13.42731 | AL31: 14.77423 | AM31: 14.9791 | AN31: 9.79928 | AO31: 13.76658 | AP31: 7.54381 | AQ31: 11.3923 | AR31: 12.56945 | AS31: 10.37316 | AT31: 15.57337 | AU31: 14.46279 | AV31: 13.46241 | AW31: 19.43536 | AX31: 9.56227 | AY31: 12.83535 | AZ31: 14.31601 | BA31: 19.70056 | BB31: 9.4445 | BC31: 13.00474 | BD31: 18.10097 | BF31: 375 | BG31: 7.61495 | BH31: 7.32756 | BI31: 7.21542 | BJ31: 7.22542 | BK31: 7.17651 | BL31: 7.08719 | BM31: 7.23501 | BN31: 7.21139 | BO31: 7.15059 | BP31: 7.23164 | BQ31: 7.20829 | BR31: 6.93584 | BS31: 7.44974 | BT31: 7.35834 | BU31: 7.48111 | BV31: 7.21549 | BW31: 7.13365 | BX31: 7.55232 | BY31: 7.26627 | BZ31: 7.097
N32: 400 | O32: 97.62324 | P32: 97.79672 | Q32: 97.61946 | R32: 97.85518 | S32: 97.27451 | T32: 97.21683 | U32: 97.23209 | V32: 97.59704 | W32: 97.08691 | X32: 97.46496 | Y32: 96.07759 | Z32: 96.3856 | AA32: 96.64571 | AB32: 96.43795 | AC32: 96.47116 | AD32: 96.20177 | AE32: 96.16492 | AF32: 96.68486 | AG32: 96.37705 | AH32: 96.34444 | AJ32: 400 | AK32: 13.48831 | AL32: 14.89941 | AM32: 14.11619 | AN32: 9.09802 | AO32: 13.79309 | AP32: 6.56528 | AQ32: 10.15841 | AR32: 12.78994 | AS32: 8.85169 | AT32: 14.49319 | AU32: 13.54701 | AV32: 13.36381 | AW32: 19.12536 | AX32: 8.68806 | AY32: 11.44432 | AZ32: 13.14718 | BA32: 20.01703 | BB32: 8.84187 | BC32: 13.16588 | BD32: 18.16335 | BF32: 400 | BG32: 7.64304 | BH32: 7.35456 | BI32: 7.24053 | BJ32: 7.25374 | BK32: 7.20196 | BL32: 7.11193 | BM32: 7.26052 | BN32: 7.23749 | BO32: 7.17641 | BP32: 7.25821 | BQ32: 7.2334 | BR32: 6.9616 | BS32: 7.48175 | BT32: 7.38379 | BU32: 7.51105 | BV32: 7.23878 | BW32: 7.16134 | BX32: 7.57313 | BY32: 7.29461 | BZ32: 7.12129
N33: 425 | O33: 98.83713 | P33: 99.0174 | Q33: 98.8462 | R33: 99.07156 | S33: 98.49005 | T33: 98.43989 | U33: 98.45902 | V33: 98.80954 | W33: 98.30494 | X33: 98.68668 | Y33: 97.30422 | Z33: 97.61587 | AA33: 97.87117 | AB33: 97.67943 | AC33: 97.70177 | AD33: 97.42546 | AE33: 97.44824 | AF33: 97.91867 | AG33: 97.60231 | AH33: 97.5687 | AJ33: 425 | AK33: 13.43562 | AL33: 14.87047 | AM33: 13.35257 | AN33: 8.4672 | AO33: 13.74179 | AP33: 5.71135 | AQ33: 8.84166 | AR33: 12.92289 | AS33: 7.44765 | AT33: 13.15682 | AU33: 12.49223 | AV33: 13.19225 | AW33: 18.68487 | AX33: 7.93946 | AY33: 10.01619 | AZ33: 11.824 | BA33: 19.88435 | BB33: 8.33687 | BC33: 13.2666 | BD33: 18.0457 | BF33: 425 | BG33: 7.67359 | BH33: 7.31938 | BI33: 7.26592 | BJ33: 7.28394 | BK33: 7.22944 | BL33: 7.13699 | BM33: 7.28762 | BN33: 7.26292 | BO33: 7.20356 | BP33: 7.2853 | BQ33: 7.25986 | BR33: 6.98712 | BS33: 7.51383 | BT33: 7.4097 | BU33: 7.54252 | BV33: 7.26257 | BW33: 7.18981 | BX33: 7.59405 | BY33: 7.32391 | BZ33: 7.1459
N34: 450 | O34: 100.04216 | P34: 100.23111 | Q34: 100.06714 | R34: 100.28121 | S34: 99.69714 | T34: 99.65636 | U34: 99.67933 | V34: 100.01518 | W34: 99.51313 | X34: 99.90354 | Y34: 98.52911 | Z34: 98.84197 | AA34: 99.09431 | AB34: 98.91863 | AC34: 98.92653 | AD34: 98.64872 | AE34: 98.71015 | AF34: 99.14907 | AG34: 98.82106 | AH34: 98.78832 | AJ34: 450 | AK34: 13.31837 | AL34: 14.69098 | AM34: 12.6147 | AN34: 7.90561 | AO34: 13.55446 | AP34: 5.027 | AQ34: 7.58577 | AR34: 12.9361 | AS34: 6.27011 | AT34: 11.74199 | AU34: 11.34565 | AV34: 12.92836 | AW34: 18.0915 | AX34: 7.29086 | AY34: 8.66055 | AZ34: 10.45959 | BA34: 19.40359 | BB34: 7.91033 | BC34: 13.24719 | BD34: 17.73608 | BF34: 450 | BG34: 7.70614 | BH34: 7.35798 | BI34: 7.29236 | BJ34: 7.31619 | BK34: 7.25846 | BL34: 7.15526 | BM34: 7.31619 | BN34: 7.28912 | BO34: 7.23284 | BP34: 7.30875 | BQ34: 7.28814 | BR34: 7.01409 | BS34: 7.54784 | BT34: 7.43515 | BU34: 7.57572 | BV34: 7.28685 | BW34: 7.22043 | BX34: 7.61989 | BY34: 7.35476 | BZ34: 7.1708
N35: 475 | O35: 101.27258 | P35: 101.47198 | Q35: 101.31694 | R35: 101.51927 | S35: 100.93259 | T35: 100.90216 | U35: 100.93032 | V35: 101.24836 | W35: 100.74733 | X35: 101.14343 | Y35: 99.77979 | Z35: 100.09081 | AA35: 100.33951 | AB35: 100.18263 | AC35: 100.17435 | AD35: 99.91184 | AE35: 100.00641 | AF35: 100.41062 | AG35: 100.06571 | AH35: 100.03277 | AJ35: 475 | AK35: 13.04981 | AL35: 14.34958 | AM35: 11.88314 | AN35: 7.41659 | AO35: 13.25442 | AP35: 4.53684 | AQ35: 6.46202 | AR35: 12.8345 | AS35: 5.33103 | AT35: 10.36401 | AU35: 10.14897 | AV35: 12.5667 | AW35: 17.3411 | AX35: 6.77494 | AY35: 7.4406 | AZ35: 9.1331 | BA35: 18.73595 | BB35: 7.54208 | BC35: 13.09701 | BD35: 17.21049 | BF35: 475 | BG35: 7.74254 | BH35: 7.41537 | BI35: 7.32185 | BJ35: 7.35173 | BK35: 7.291 | BL35: 7.18362 | BM35: 7.3477 | BN35: 7.31994 | BO35: 7.26453 | BP35: 7.3388 | BQ35: 7.31863 | BR35: 7.04401 | BS35: 7.58312 | BT35: 7.45949 | BU35: 7.61065 | BV35: 7.31486 | BW35: 7.25469 | BX35: 7.64592 | BY35: 7.38814 | BZ35: 7.19867
N36: 500 | O36: 102.53003 | P36: 102.73679 | Q36: 102.59122 | R36: 102.78428 | S36: 102.19195 | T36: 102.17307 | U36: 102.21509 | V36: 102.50909 | W36: 102.01281 | X36: 102.42254 | Y36: 101.05218 | Z36: 101.36563 | AA36: 101.61109 | AB36: 101.47718 | AC36: 101.45056 | AD36: 101.18768 | AE36: 101.28953 | AF36: 101.70298 | AG36: 101.3378 | AH36: 101.29856 | AJ36: 500 | AK36: 12.68081 | AL36: 13.87148 | AM36: 11.16646 | AN36: 7.00242 | AO36: 12.83734 | AP36: 4.23184 | AQ36: 5.50589 | AR36: 12.59645 | AS36: 4.58886 | AT36: 9.02337 | AU36: 8.98937 | AV36: 12.11326 | AW36: 16.46977 | AX36: 6.39258 | AY36: 6.3992 | AZ36: 7.89492 | BA36: 17.90474 | BB36: 7.21732 | BC36: 12.80301 | BD36: 16.49012 | BF36: 500 | BG36: 7.78312 | BH36: 7.44982 | BI36: 7.35444 | BJ36: 7.38835 | BK36: 7.32542 | BL36: 7.22481 | BM36: 7.38161 | BN36: 7.35262 | BO36: 7.30037 | BP36: 7.37094 | BQ36: 7.35208 | BR36: 7.07534 | BS36: 7.62023 | BT36: 7.49039 | BU36: 7.64728 | BV36: 7.34331 | BW36: 7.29239 | BX36: 7.67374 | BY36: 7.42631 | BZ36: 7.22819
N37: 530 | O37: 103.9238 | P37: 104.14084 | Q37: 104.00975 | R37: 104.19182 | S37: 103.59103 | T37: 103.57424 | U37: 103.65206 | V37: 103.91294 | W37: 103.41172 | X37: 103.83861 | Y37: 102.46497 | Z37: 102.78104 | AA37: 103.02353 | AB37: 102.92352 | AC37: 102.8691 | AD37: 102.60505 | AE37: 102.70374 | AF37: 103.14512 | AG37: 102.75685 | AH37: 102.70184 | AJ37: 530 | AK37: 12.08078 | AL37: 13.10392 | AM37: 10.35733 | AN37: 6.60058 | AO37: 12.18596 | AP37: 4.07452 | AQ37: 4.6039 | AR37: 12.12071 | AS37: 3.95638 | AT37: 7.51382 | AU37: 7.72718 | AV37: 11.44512 | AW37: 15.27893 | AX37: 6.06587 | AY37: 5.36173 | AZ37: 6.57447 | BA37: 16.70375 | BB37: 6.88561 | BC37: 12.25795 | BD37: 15.39954 | BF37: 530 | BG37: 7.83488 | BH37: 7.54117 | BI37: 7.39962 | BJ37: 7.43753 | BK37: 7.37204 | BL37: 7.26891 | BM37: 7.42732 | BN37: 7.39621 | BO37: 7.35018 | BP37: 7.41705 | BQ37: 7.39786 | BR37: 7.11956 | BS37: 7.66703 | BT37: 7.53367 | BU37: 7.69509 | BV37: 7.38368 | BW37: 7.34464 | BX37: 7.71297 | BY37: 7.47663 | BZ37: 7.26817
N38: 560 | O38: 105.30982 | P38: 105.53636 | Q38: 105.42202 | R38: 105.59166 | S38: 104.98244 | T38: 104.95951 | U38: 105.08035 | V38: 105.3104 | W38: 104.81094 | X38: 105.24134 | Y38: 103.86957 | Z38: 104.18941 | AA38: 104.424 | AB38: 104.36327 | AC38: 104.27723 | AD38: 104.01367 | AE38: 104.09891 | AF38: 104.58102 | AG38: 104.16859 | AH38: 104.09917 | AJ38: 560 | AK38: 11.34123 | AL38: 12.18449 | AM38: 9.6165 | AN38: 6.27707 | AO38: 11.41113 | AP38: 4.06377 | AQ38: 3.88968 | AR38: 11.4829 | AS38: 3.52842 | AT38: 6.15 | AU38: 6.6461 | AV38: 10.67852 | AW38: 14.02985 | AX38: 5.8343 | AY38: 4.50692 | AZ38: 5.4165 | BA38: 15.32427 | BB38: 6.5788 | BC38: 11.55683 | BD38: 14.17486 | BF38: 560 | BG38: 7.89633 | BH38: 7.59588 | BI38: 7.4535 | BJ38: 7.49601 | BK38: 7.42461 | BL38: 7.30539 | BM38: 7.48018 | BN38: 7.4475 | BO38: 7.41094 | BP38: 7.46604 | BQ38: 7.4537 | BR38: 7.16771 | BS38: 7.72132 | BT38: 7.58149 | BU38: 7.75008 | BV38: 7.43118 | BW38: 7.40556 | BX38: 7.75188 | BY38: 7.53522 | BZ38: 7.31547
N39: 600 | O39: 106.81528 | P39: 107.05052 | Q39: 106.95877 | R39: 107.10833 | S39: 106.49162 | T39: 106.46085 | U39: 106.63239 | V39: 106.82988 | W39: 106.33476 | X39: 106.76579 | Y39: 105.39707 | Z39: 105.72041 | AA39: 105.94151 | AB39: 105.93511 | AC39: 105.80328 | AD39: 105.54255 | AE39: 105.61285 | AF39: 106.14065 | AG39: 105.70369 | AH39: 105.61688 | AJ39: 600 | AK39: 10.21877 | AL39: 10.8357 | AM39: 8.73439 | AN39: 5.91981 | AO39: 10.29333 | AP39: 4.1842 | AQ39: 3.19824 | AR39: 10.48014 | AS39: 3.26348 | AT39: 4.68766 | AU39: 5.50273 | AV39: 9.59301 | AW39: 12.38855 | AX39: 5.53245 | AY39: 3.74185 | AZ39: 4.18916 | BA39: 13.4019 | BB39: 6.17573 | BC39: 10.51443 | BD39: 12.47739 | BF39: 600 | BG39: 8.00197 | BH39: 7.69519 | BI39: 7.54408 | BJ39: 7.59013 | BK39: 7.51553 | BL39: 7.38049 | BM39: 7.57048 | BN39: 7.53157 | BO39: 7.51444 | BP39: 7.54182 | BQ39: 7.55025 | BR39: 7.24908 | BS39: 7.80179 | BT39: 7.66083 | BU39: 7.83288 | BV39: 7.5071 | BW39: 7.5045 | BX39: 7.82128 | BY39: 7.63447 | BZ39: 7.39252
N40: 630 | O40: 108.38223 | P40: 108.62594 | Q40: 108.56259 | R40: 108.68342 | S40: 108.0614 | T40: 108.03433 | U40: 108.25125 | V40: 108.41524 | W40: 107.92208 | X40: 108.34981 | Y40: 106.99083 | Z40: 107.31747 | AA40: 107.51949 | AB40: 107.57945 | AC40: 107.3883 | AD40: 107.13473 | AE40: 107.19823 | AF40: 107.76373 | AG40: 107.30335 | AH40: 107.19984 | AJ40: 630 | AK40: 9.37648 | AL40: 9.84694 | AM40: 8.14339 | AN40: 5.69268 | AO40: 9.46823 | AP40: 4.30595 | AQ40: 2.86095 | AR40: 9.71145 | AS40: 3.2598 | AT40: 3.87727 | AU40: 4.82445 | AV40: 8.80373 | AW40: 11.24391 | AX40: 5.3207 | AY40: 3.4327 | AZ40: 3.51627 | BA40: 12.05475 | BB40: 5.88626 | BC40: 9.7354 | BD40: 11.26464 | BF40: 630 | BG40: 8.09927 | BH40: 7.79079 | BI40: 7.62568 | BJ40: 7.67425 | BK40: 7.59765 | BL40: 7.44955 | BM40: 7.65246 | BN40: 7.60667 | BO40: 7.61319 | BP40: 7.61161 | BQ40: 7.64134 | BR40: 7.32175 | BS40: 7.869 | BT40: 7.73356 | BU40: 7.90269 | BV40: 7.57015 | BW40: 7.59089 | BX40: 7.90578 | BY40: 7.72284 | BZ40: 7.46093
N41: 670 | O41: 109.98351 | P41: 110.23768 | Q41: 110.20607 | R41: 110.28816 | S41: 109.66764 | T41: 109.65722 | U41: 109.90529 | V41: 110.03566 | W41: 109.53727 | X41: 109.95931 | Y41: 108.61376 | Z41: 108.94442 | AA41: 109.11987 | AB41: 109.25612 | AC41: 108.99644 | AD41: 108.75542 | AE41: 108.82387 | AF41: 109.41216 | AG41: 108.93398 | AH41: 108.81346 | AJ41: 670 | AK41: 8.32164 | AL41: 8.62121 | AM41: 7.41703 | AN41: 5.42208 | AO41: 8.42769 | AP41: 4.46917 | AQ41: 2.68634 | AR41: 8.70968 | AS41: 3.47787 | AT41: 3.2663 | AU41: 4.17219 | AV41: 7.80942 | AW41: 9.84273 | AX41: 5.06873 | AY41: 3.38978 | AZ41: 3.0176 | BA41: 10.56288 | BB41: 5.49297 | BC41: 8.7154 | BD41: 9.74334 | BF41: 670 | BG41: 8.27199 | BH41: 7.98303 | BI41: 7.77591 | BJ41: 7.81799 | BK41: 7.74181 | BL41: 7.56901 | BM41: 7.79578 | BN41: 7.73811 | BO41: 7.79518 | BP41: 7.73263 | BQ41: 7.80754 | BR41: 7.44558 | BS41: 7.97174 | BT41: 7.85741 | BU41: 8.00947 | BV41: 7.67076 | BW41: 7.74657 | BX41: 8.03768 | BY41: 7.8741 | BZ41: 7.57912
N42: 710 | O42: 111.6291 | P42: 111.88643 | Q42: 111.90167 | R42: 111.92565 | S42: 111.31932 | T42: 111.35264 | U42: 111.60474 | V42: 111.70418 | W42: 111.20756 | X42: 111.58477 | Y42: 110.27276 | Z42: 110.60165 | AA42: 110.73972 | AB42: 110.96543 | AC42: 110.62328 | AD42: 110.40491 | AE42: 110.5062 | AF42: 111.08682 | AG42: 110.59881 | AH42: 110.46409 | AJ42: 710 | AK42: 7.33292 | AL42: 7.52718 | AM42: 6.72525 | AN42: 5.15237 | AO42: 7.45888 | AP42: 4.59301 | AQ42: 2.69405 | AR42: 7.76178 | AS42: 3.75356 | AT42: 3.00279 | AU42: 3.75217 | AV42: 6.89479 | AW42: 8.58032 | AX42: 4.82091 | AY42: 3.56247 | AZ42: 2.81305 | BA42: 9.35893 | BB42: 5.07356 | BC42: 7.73528 | BD42: 8.37043 | BF42: 710 | BG42: 8.49555 | BH42: 8.2518 | BI42: 7.98132 | BJ42: 7.99511 | BK42: 7.92504 | BL42: 7.72467 | BM42: 7.97912 | BN42: 7.90955 | BO42: 8.04813 | BP42: 7.89329 | BQ42: 8.02977 | BR42: 7.6064 | BS42: 8.08467 | BT42: 8.0114 | BU42: 8.12747 | BV42: 7.80566 | BW42: 7.95866 | BX42: 8.20125 | BY42: 8.06454 | BZ42: 7.73368
N43: 750 | O43: 113.23882 | P43: 113.48694 | Q43: 113.55912 | R43: 113.51455 | S43: 112.93504 | T43: 113.03439 | U43: 113.26509 | V43: 113.33791 | W43: 112.84223 | X43: 113.14066 | Y43: 111.88959 | Z43: 112.20633 | AA43: 112.30156 | AB43: 112.61704 | AC43: 112.19485 | AD43: 112.00496 | AE43: 112.16219 | AF43: 112.70489 | AG43: 112.22124 | AH43: 112.0737 | AJ43: 750 | AK43: 6.42909 | AL43: 6.57761 | AM43: 6.09572 | AN43: 4.8792 | AO43: 6.59153 | AP43: 4.66865 | AQ43: 2.80129 | AR43: 6.88657 | AS43: 3.98836 | AT43: 2.9601 | AU43: 3.50608 | AV43: 6.09673 | AW43: 7.49856 | AX43: 4.61503 | AY43: 3.81742 | AZ43: 2.79918 | BA43: 8.36877 | BB43: 4.66577 | BC43: 6.83737 | BD43: 7.17333 | BF43: 750 | BG43: 8.77659 | BH43: 8.55513 | BI43: 8.25505 | BJ43: 8.21159 | BK43: 8.1522 | BL43: 7.92386 | BM43: 8.20478 | BN43: 8.12757 | BO43: 8.38182 | BP43: 8.10378 | BQ43: 8.32473 | BR43: 7.80749 | BS43: 8.20498 | BT43: 8.20812 | BU43: 8.25657 | BV43: 7.98772 | BW43: 8.23197 | BX43: 8.41433 | BY43: 8.29491 | BZ43: 7.93381
... N94: 14000 | O94: 112.15267 | P94: 111.76802 | Q94: 112.44382 | R94: 112.7917 | S94: 111.82706 | T94: 112.45512 | U94: 112.16796 | V94: 112.40143 | W94: 111.30094 | X94: 111.97145 | Y94: 111.3196 | Z94: 111.30415 | AA94: 111.21712 | AB94: 111.88983 | AC94: 112.42324 | AD94: 111.29637 | AE94: 112.27271 | AF94: 111.98347 | AG94: 111.90236 | AH94: 110.88005 | AJ94: 14000 | AK94: 0.08829 | AL94: 0.06948 | AM94: 0.07112 | AN94: 0.07963 | AO94: 0.08912 | AP94: 0.11182 | AQ94: 0.10144 | AR94: 0.08988 | AS94: 0.12433 | AT94: 0.11178 | AU94: 0.10127 | AV94: 0.08183 | AW94: 0.06402 | AX94: 0.09074 | AY94: 0.09715 | AZ94: 0.11212 | BA94: 0.0576 | BB94: 0.08653 | BC94: 0.08039 | BD94: 0.06699 | BF94: 14000 | BG94: 9.40451 | BH94: 9.24621 | BI94: 9.13381 | BJ94: 9.0608 | BK94: 9.08216 | BL94: 9.16074 | BM94: 9.13527 | BN94: 9.27229 | BO94: 9.04607 | BP94: 9.23104 | BQ94: 9.11029 | BR94: 8.91314 | BS94: 9.02608 | BT94: 9.38966 | BU94: 9.06121 | BV94: 9.21301 | BW94: 9.00408 | BX94: 9.53283 | BY94: 9.08588 | BZ94: 9.20041
AJ95: 15000
AJ96: 16000
AJ97: 17000
AJ98: 18000
AJ99: 19000
AJ100: 20000
N102: SPL Average | O102: =AVERAGE(O44,O48,O51,O55) | P102: =AVERAGE(P44,P48,P51,P55) | Q102: =AVERAGE(Q44,Q48,Q51,Q55) | R102: =AVERAGE(R44,R48,R51,R55) | S102: =AVERAGE(S44,S48,S51,S55) | T102: =AVERAGE(T44,T48,T51,T55) | U102: =AVERAGE(U44,U48,U51,U55) | V102: =AVERAGE(V44,V48,V51,V55) | ... AH102: =AVERAGE(AH44,AH48,AH51,AH55) | BF102: F0 | BG102: 938.16906 | BH102: 927.04728 | BI102: 923.37676 | BJ102: 919.96066 | BK102: 934.4295 | BL102: 945.51418 | BM102: 920.4513 | BN102: 941.07186 | BO102: 942.19522 | BP102: 923.53312 | BQ102: 933.02201 | BR102: 926.65689 | BS102: 923.15871 | BT102: 917.25137 | BU102: 915.81283 | BV102: 928.6188 | BW102: 942.27094 | BX102: 918.14146 | BY102: 935.33132 | BZ102: 934.36494

Sheet Load test 80%
N1: SPL RAW DATA | AJ1: THD RAW DATA | BF1: IMPEDANCE RAW DATA
N2: SPL specification / Thông số kĩ thuật SPL | S2: ='Temp and humid 60-90'!S2:X2 | AJ2: THD Limit / Giới hạn THD | AO2: ='Temp and humid 60-90'!AO2:AT2 | BF2: Imp / F0 Limit / Giới hạn Imp / F0 | BK2: ='Temp and humid 60-90'!BK2:BP2
N3: Evalution standard / Tiêu chuẩn đánh giá | S3: Deviation before test and after test is under ± 2db, and SPL Average value in limit / Độ lệch trước khi kiểm tra và sau khi kiểm tra nhỏ hơn ± 2db và SPL Giá trị trung bình trong giới hạn | AJ3: Evalution standard / Tiêu chuẩn đánh giá | AO3: THD value in limit / Giá trị THD trong giới hạn | BF3: Evalution standard / Tiêu chuẩn đánh giá | BK3: Value in limit / Giá trị trong giới hạn
N4: Test condition / Điều kiện kiểm tra | S4: White Noise (EIA Filter), at Max Power 80% (3.1Vrms) 96Hr | AJ4: Test condition / Điều kiện kiểm tra | AO4: =S4 | BF4: Test condition / Điều kiện kiểm tra | BK4: =S4
N5: Sample No | O5: #1 | Q5: #2 | S5: #3 | U5: #4 | W5: #5 | Y5: #6 | AA5: #7 | AC5: #8 | AE5: #9 | AG5: #10 | AJ5: Sample No | AK5: #1 | AM5: #2 | AO5: #3 | AQ5: #4 | AS5: #5 | AU5: #6 | AW5: #7 | AY5: #8 | BA5: #9 | BC5: #10 | BF5: Sample No | BG5: #1 | BI5: #2 | BK5: #3 | BM5: #4 | BO5: #5 | BQ5: #6 | BS5: #7 | BU5: #8 | BW5: #9 | BY5: #10
N6: Result | O6: =IF(AND(O102<=118.8,O102>=114.8),"OK","NG") | P6: =IF(AND(P102<=118.8,P102>=114.8),"OK","NG") | Q6: =IF(AND(Q102<=118.8,Q102>=114.8),"OK","NG") | R6: =IF(AND(R102<=118.8,R102>=114.8),"OK","NG") | S6: =IF(AND(S102<=118.8,S102>=114.8),"OK","NG") | T6: =IF(AND(T102<=118.8,T102>=114.8),"OK","NG") | U6: =IF(AND(U102<=118.8,U102>=114.8),"OK","NG") | V6: =IF(AND(V102<=118.8,V102>=114.8),"OK","NG") | ... AH6: =IF(AND(AH102<=118.8,AH102>=114.8),"OK","NG") | BG6: =IF(AND(BG60<=9.2,BG60>=6.8),"OK","NG") | BH6: =IF(AND(BH60<=9.2,BH60>=6.8),"OK","NG") | BI6: =IF(AND(BI60<=9.2,BI60>=6.8),"OK","NG") | BJ6: =IF(AND(BJ60<=9.2,BJ60>=6.8),"OK","NG") | BK6: =IF(AND(BK60<=9.2,BK60>=6.8),"OK","NG") | BL6: =IF(AND(BL60<=9.2,BL60>=6.8),"OK","NG") | BM6: =IF(AND(BM60<=9.2,BM60>=6.8),"OK","NG") | BN6: =IF(AND(BN60<=9.2,BN60>=6.8),"OK","NG") | ... BZ6: =IF(AND(BZ60<=9.2,BZ60>=6.8),"OK","NG")
O7: Before #1 | P7: After #1 | Q7: Before #2 | R7: After #2 | S7: Before #3 | T7: After #3 | U7: Before #4 | V7: After #4 | W7: Before #5 | X7: After #5 | Y7: Before #6 | Z7: After #6 | AA7: Before #7 | AB7: After #7 | AC7: Before #8 | AD7: After #8 | AE7: Before #9 | AF7: After #9 | AG7: Before #10 | AH7: After #10 | AK7: Before #1 | AL7: After #1 | AM7: Before #2 | AN7: After #2 | AO7: Before #3 | AP7: After #3 | AQ7: Before #4 | AR7: After #4 | AS7: Before #5 | AT7: After #5 | AU7: Before #6 | AV7: After #6 | AW7: Before #7 | AX7: After #7 | AY7: Before #8 | AZ7: After #8 | BA7: Before #9 | BB7: After #9 | BC7: Before #10 | BD7: After #10 | BG7: Before #1 | BH7: After #1 | BI7: Before #2 | BJ7: After #2 | BK7: Before #3 | BL7: After #3 | BM7: Before #4 | BN7: After #4 | BO7: Before #5 | BP7: After #5 | BQ7: Before #6 | BR7: After #6 | BS7: Before #7 | BT7: After #7 | BU7: Before #8 | BV7: After #8 | BW7: Before #9 | BX7: After #9 | BY7: Before #10 | BZ7: After #10
N8: 100 | O8: 70.2065 | P8: 71.90682 | Q8: 70.63585 | R8: 70.94868 | S8: 70.84634 | T8: 70.80113 | U8: 71.45102 | V8: 71.4694 | W8: 71.43152 | X8: 71.33424 | Y8: 69.5862 | Z8: 72.20219 | AA8: 71.42772 | AB8: 70.82885 | AC8: 70.63119 | AD8: 71.19745 | AE8: 71.48003 | AF8: 71.61497 | AG8: 70.37958 | AH8: 71.44848 | AJ8: 100 | AK8: 9.18307 | AL8: 18.18373 | AM8: 13.77236 | AN8: 8.88326 | AO8: 9.23913 | AP8: 9.1525 | AQ8: 8.42276 | AR8: 15.17774 | AS8: 9.0239 | AT8: 9.19096 | AU8: 11.54577 | AV8: 11.73869 | AW8: 10.75206 | AX8: 10.04351 | AY8: 13.18756 | AZ8: 10.68034 | BA8: 9.91951 | BB8: 11.0485 | BC8: 9.74444 | BD8: 10.45589 | BF8: 100 | BG8: 6.35081 | BH8: 6.12079 | BI8: 6.48474 | BJ8: 6.49177 | BK8: 6.37484 | BL8: 6.53555 | BM8: 6.41504 | BN8: 6.34472 | BO8: 6.35829 | BP8: 6.52397 | BQ8: 6.33595 | BR8: 6.42406 | BS8: 6.39629 | BT8: 6.65834 | BU8: 6.248 | BV8: 6.41612 | BW8: 6.38788 | BX8: 6.19809 | BY8: 6.56196 | BZ8: 6.31807
N9: 106 | O9: 70.41765 | P9: 72.32946 | Q9: 71.17594 | R9: 71.4638 | S9: 71.29303 | T9: 71.34402 | U9: 72.08201 | V9: 71.94969 | W9: 71.87404 | X9: 71.83829 | Y9: 70.38316 | Z9: 72.4399 | AA9: 71.72677 | AB9: 70.94553 | AC9: 71.28906 | AD9: 71.47901 | AE9: 71.77418 | AF9: 72.07574 | AG9: 70.86341 | AH9: 71.77958 | AJ9: 106 | AK9: 9.02177 | AL9: 17.126 | AM9: 13.16806 | AN9: 8.85751 | AO9: 9.11061 | AP9: 9.08303 | AQ9: 8.33759 | AR9: 14.76708 | AS9: 8.88533 | AT9: 9.03325 | AU9: 11.37235 | AV9: 11.53595 | AW9: 10.49617 | AX9: 9.8961 | AY9: 12.90249 | AZ9: 10.43701 | BA9: 9.7247 | BB9: 10.99862 | BC9: 9.60341 | BD9: 10.31603 | BF9: 106 | BG9: 6.43854 | BH9: 6.20639 | BI9: 6.56894 | BJ9: 6.90385 | BK9: 6.46384 | BL9: 6.6099 | BM9: 6.50127 | BN9: 6.4296 | BO9: 6.44349 | BP9: 6.60205 | BQ9: 6.42032 | BR9: 6.52449 | BS9: 6.4808 | BT9: 6.97614 | BU9: 6.33723 | BV9: 6.53908 | BW9: 6.47196 | BX9: 6.28877 | BY9: 6.64763 | BZ9: 6.40527
N10: 112 | O10: 71.1299 | P10: 72.7718 | Q10: 71.69831 | R10: 72.03704 | S10: 71.85845 | T10: 71.84714 | U10: 72.56617 | V10: 72.56117 | W10: 72.39877 | X10: 72.40805 | Y10: 70.86327 | Z10: 72.86813 | AA10: 72.33093 | AB10: 71.6102 | AC10: 72.07693 | AD10: 71.90183 | AE10: 72.25032 | AF10: 72.52866 | AG10: 71.43179 | AH10: 72.28088 | AJ10: 112 | AK10: 8.90087 | AL10: 16.30082 | AM10: 12.68661 | AN10: 8.8735 | AO10: 8.97679 | AP10: 9.0279 | AQ10: 8.26063 | AR10: 14.49573 | AS10: 9.16045 | AT10: 8.95623 | AU10: 11.47055 | AV10: 11.63888 | AW10: 10.32626 | AX10: 9.79914 | AY10: 12.68034 | AZ10: 10.30088 | BA10: 9.56546 | BB10: 10.92516 | BC10: 9.49515 | BD10: 10.16751 | BF10: 112 | BG10: 6.50539 | BH10: 6.27802 | BI10: 6.63596 | BJ10: 6.84226 | BK10: 6.53085 | BL10: 6.6673 | BM10: 6.56739 | BN10: 6.49453 | BO10: 6.51034 | BP10: 6.66331 | BQ10: 6.48639 | BR10: 6.54946 | BS10: 6.54808 | BT10: 6.97924 | BU10: 6.40501 | BV10: 6.49453 | BW10: 6.53749 | BX10: 6.35805 | BY10: 6.71399 | BZ10: 6.47079
N11: 118 | O11: 72.08985 | P11: 73.63499 | Q11: 72.67164 | R11: 73.03055 | S11: 72.94079 | T11: 72.86154 | U11: 73.51778 | V11: 73.55187 | W11: 73.41501 | X11: 73.35119 | Y11: 72.00674 | Z11: 73.81975 | AA11: 73.31932 | AB11: 72.6455 | AC11: 73.22847 | AD11: 72.66956 | AE11: 73.0803 | AF11: 73.45703 | AG11: 72.4447 | AH11: 73.30005 | AJ11: 118 | AK11: 8.82569 | AL11: 15.68388 | AM11: 12.32895 | AN11: 8.86024 | AO11: 8.90206 | AP11: 8.94382 | AQ11: 8.19498 | AR11: 14.28053 | AS11: 9.38885 | AT11: 8.8974 | AU11: 11.22436 | AV11: 11.47407 | AW11: 10.18205 | AX11: 9.72227 | AY11: 12.52565 | AZ11: 10.10483 | BA11: 9.45795 | BB11: 10.86277 | BC11: 9.41401 | BD11: 10.08771 | BF11: 118 | BG11: 6.56013 | BH11: 6.33418 | BI11: 6.68973 | BJ11: 6.86945 | BK11: 6.58595 | BL11: 6.71443 | BM11: 6.63262 | BN11: 6.54883 | BO11: 6.566 | BP11: 6.7146 | BQ11: 6.54038 | BR11: 6.60027 | BS11: 6.60474 | BT11: 7.00822 | BU11: 6.45971 | BV11: 6.63109 | BW11: 6.59145 | BX11: 6.41538 | BY11: 6.76713 | BZ11: 6.52449
N12: 125 | O12: 73.2373 | P12: 74.53658 | Q12: 73.77707 | R12: 74.11304 | S12: 73.98688 | T12: 73.96207 | U12: 74.58037 | V12: 74.55688 | W12: 74.45493 | X12: 74.35915 | Y12: 73.14536 | Z12: 74.77695 | AA12: 74.35388 | AB12: 73.7577 | AC12: 74.30411 | AD12: 73.67827 | AE12: 74.21081 | AF12: 74.469 | AG12: 73.50632 | AH12: 74.13683 | AJ12: 125 | AK12: 8.75635 | AL12: 15.00274 | AM12: 12.02432 | AN12: 8.83834 | AO12: 8.80984 | AP12: 8.85771 | AQ12: 8.1024 | AR12: 14.03625 | AS12: 9.27437 | AT12: 8.85259 | AU12: 11.0246 | AV12: 11.3727 | AW12: 9.98519 | AX12: 9.62887 | AY12: 12.39826 | AZ12: 9.96083 | BA12: 9.32773 | BB12: 10.79865 | BC12: 9.31693 | BD12: 10.00011 | BF12: 125 | BG12: 6.61392 | BH12: 6.3904 | BI12: 6.74276 | BJ12: 6.90889 | BK12: 6.64048 | BL12: 6.76165 | BM12: 6.67346 | BN12: 6.60282 | BO12: 6.62025 | BP12: 6.76257 | BQ12: 6.59482 | BR12: 6.60954 | BS12: 6.65987 | BT12: 7.02043 | BU12: 6.51279 | BV12: 6.69408 | BW12: 6.64499 | BX12: 6.47144 | BY12: 6.82018 | BZ12: 6.57658
N13: 132 | O13: 74.60974 | P13: 75.6188 | Q13: 75.00851 | R13: 75.30984 | S13: 75.30227 | T13: 75.07176 | U13: 75.78744 | V13: 75.64402 | W13: 75.53632 | X13: 75.51907 | Y13: 74.31661 | Z13: 75.52169 | AA13: 75.49595 | AB13: 74.93256 | AC13: 75.75263 | AD13: 74.93046 | AE13: 75.41011 | AF13: 75.66943 | AG13: 74.7059 | AH13: 75.29169 | AJ13: 132 | AK13: 8.58508 | AL13: 14.27537 | AM13: 11.86884 | AN13: 8.75362 | AO13: 8.64056 | AP13: 8.76125 | AQ13: 8.02556 | AR13: 13.75214 | AS13: 9.15991 | AT13: 8.75514 | AU13: 10.82832 | AV13: 11.14027 | AW13: 9.86528 | AX13: 9.55704 | AY13: 12.2622 | AZ13: 9.7751 | BA13: 9.1449 | BB13: 10.68837 | BC13: 9.17931 | BD13: 9.83358 | BF13: 132 | BG13: 6.65796 | BH13: 6.43844 | BI13: 6.78693 | BJ13: 6.93843 | BK13: 6.68641 | BL13: 6.80159 | BM13: 6.71536 | BN13: 6.64762 | BO13: 6.66513 | BP13: 6.80315 | BQ13: 6.63936 | BR13: 6.6402 | BS13: 6.70487 | BT13: 7.03287 | BU13: 6.55754 | BV13: 6.63902 | BW13: 6.68894 | BX13: 6.51748 | BY13: 6.86386 | BZ13: 6.61953
N14: 140 | O14: 76.13108 | P14: 76.87085 | Q14: 76.28845 | R14: 76.57441 | S14: 76.63531 | T14: 76.34706 | U14: 76.99312 | V14: 76.8466 | W14: 76.81991 | X14: 76.76417 | Y14: 75.55309 | Z14: 76.81826 | AA14: 76.77804 | AB14: 76.36867 | AC14: 77.09451 | AD14: 76.30631 | AE14: 76.75585 | AF14: 76.91866 | AG14: 76.03859 | AH14: 76.61924 | AJ14: 140 | AK14: 8.40304 | AL14: 13.073 | AM14: 11.58309 | AN14: 8.65837 | AO14: 8.46471 | AP14: 8.56825 | AQ14: 7.98113 | AR14: 13.51601 | AS14: 9.03322 | AT14: 8.63002 | AU14: 10.64274 | AV14: 10.90337 | AW14: 9.72603 | AX14: 9.38196 | AY14: 12.04529 | AZ14: 9.56373 | BA14: 9.01591 | BB14: 10.53662 | BC14: 9.05047 | BD14: 9.65404 | BF14: 140 | BG14: 6.70196 | BH14: 6.48429 | BI14: 6.82932 | BJ14: 6.96719 | BK14: 6.73025 | BL14: 6.83973 | BM14: 6.75735 | BN14: 6.69091 | BO14: 6.70985 | BP14: 6.84524 | BQ14: 6.68225 | BR14: 6.68013 | BS14: 6.74973 | BT14: 7.07155 | BU14: 6.60177 | BV14: 6.70131 | BW14: 6.73225 | BX14: 6.56229 | BY14: 6.90563 | BZ14: 6.66142
N15: 150 | O15: 77.51077 | P15: 78.15268 | Q15: 77.63348 | R15: 77.88644 | S15: 77.98658 | T15: 77.70801 | U15: 78.32453 | V15: 78.09441 | W15: 78.15798 | X15: 78.04037 | Y15: 76.98554 | Z15: 78.12898 | AA15: 78.05178 | AB15: 77.70931 | AC15: 78.39507 | AD15: 77.68339 | AE15: 78.09992 | AF15: 78.27418 | AG15: 77.38166 | AH15: 77.9235 | AJ15: 150 | AK15: 8.22385 | AL15: 11.76334 | AM15: 11.13521 | AN15: 8.68384 | AO15: 8.25917 | AP15: 8.3119 | AQ15: 7.79188 | AR15: 13.22378 | AS15: 8.49241 | AT15: 8.4815 | AU15: 10.35347 | AV15: 10.51395 | AW15: 9.12702 | AX15: 9.16286 | AY15: 11.7067 | AZ15: 9.20547 | BA15: 8.52602 | BB15: 10.37377 | BC15: 8.86262 | BD15: 9.3687 | BF15: 150 | BG15: 6.74726 | BH15: 6.53194 | BI15: 6.87423 | BJ15: 7.00325 | BK15: 6.77743 | BL15: 6.87899 | BM15: 6.80903 | BN15: 6.73786 | BO15: 6.75679 | BP15: 6.88739 | BQ15: 6.72927 | BR15: 6.72322 | BS15: 6.79632 | BT15: 7.11016 | BU15: 6.64904 | BV15: 6.72601 | BW15: 6.77778 | BX15: 6.60939 | BY15: 6.95162 | BZ15: 6.70681
N16: 160 | O16: 78.92601 | P16: 79.4617 | Q16: 78.96627 | R16: 79.20291 | S16: 79.25395 | T16: 79.07124 | U16: 79.64311 | V16: 79.40204 | W16: 79.48799 | X16: 79.3422 | Y16: 78.36797 | Z16: 79.49007 | AA16: 79.37628 | AB16: 79.06792 | AC16: 79.7346 | AD16: 79.04469 | AE16: 79.39426 | AF16: 79.59616 | AG16: 78.72146 | AH16: 79.21911 | AJ16: 160 | AK16: 8.03415 | AL16: 10.702 | AM16: 9.60047 | AN16: 8.47644 | AO16: 8.19807 | AP16: 8.18227 | AQ16: 7.64701 | AR16: 12.84756 | AS16: 8.36199 | AT16: 8.37465 | AU16: 10.09612 | AV16: 10.18907 | AW16: 8.96211 | AX16: 9.0012 | AY16: 11.35633 | AZ16: 8.93495 | BA16: 8.34294 | BB16: 10.20234 | BC16: 8.7213 | BD16: 9.22377 | BF16: 160 | BG16: 6.78557 | BH16: 6.57146 | BI16: 6.91267 | BJ16: 7.0391 | BK16: 6.81692 | BL16: 6.91212 | BM16: 6.86046 | BN16: 6.77744 | BO16: 6.79764 | BP16: 6.92543 | BQ16: 6.76906 | BR16: 6.76413 | BS16: 6.8365 | BT16: 7.1468 | BU16: 6.68817 | BV16: 6.77913 | BW16: 6.81537 | BX16: 6.64868 | BY16: 6.98951 | BZ16: 6.74521
N17: 170 | O17: 80.29276 | P17: 80.74009 | Q17: 80.26962 | R17: 80.52102 | S17: 80.55421 | T17: 80.38233 | U17: 80.93151 | V17: 80.68318 | W17: 80.7941 | X17: 80.65125 | Y17: 79.73555 | Z17: 80.814 | AA17: 80.72223 | AB17: 80.42567 | AC17: 81.06414 | AD17: 80.392 | AE17: 80.65333 | AF17: 80.91427 | AG17: 80.02874 | AH17: 80.53055 | AJ17: 170 | AK17: 7.88608 | AL17: 9.97865 | AM17: 9.33758 | AN17: 8.44072 | AO17: 8.15334 | AP17: 8.09888 | AQ17: 7.60589 | AR17: 12.11727 | AS17: 8.27424 | AT17: 8.34454 | AU17: 9.99031 | AV17: 9.95483 | AW17: 8.89171 | AX17: 9.0623 | AY17: 10.93329 | AZ17: 8.81882 | BA17: 8.28633 | BB17: 10.08611 | BC17: 8.6379 | BD17: 9.14655 | BF17: 170 | BG17: 6.81965 | BH17: 6.60629 | BI17: 6.94454 | BJ17: 7.0726 | BK17: 6.84943 | BL17: 6.94014 | BM17: 6.89049 | BN17: 6.80999 | BO17: 6.83016 | BP17: 6.95672 | BQ17: 6.80256 | BR17: 6.79257 | BS17: 6.87089 | BT17: 7.16474 | BU17: 6.72107 | BV17: 6.82094 | BW17: 6.84764 | BX17: 6.68227 | BY17: 7.02139 | BZ17: 6.77774
N18: 180 | O18: 81.5761 | P18: 81.98243 | Q18: 81.5395 | R18: 81.7408 | S18: 81.77465 | T18: 81.66254 | U18: 82.17534 | V18: 81.8998 | W18: 82.04526 | X18: 81.8765 | Y18: 81.08719 | Z18: 82.01983 | AA18: 81.97962 | AB18: 81.71615 | AC18: 82.27863 | AD18: 81.63675 | AE18: 81.88962 | AF18: 82.12032 | AG18: 81.246 | AH18: 81.78527 | AJ18: 180 | AK18: 7.88269 | AL18: 9.75659 | AM18: 9.27907 | AN18: 8.47338 | AO18: 8.17072 | AP18: 8.06531 | AQ18: 7.63843 | AR18: 12.03794 | AS18: 8.21929 | AT18: 8.44344 | AU18: 9.92734 | AV18: 9.85033 | AW18: 8.9253 | AX18: 9.42461 | AY18: 10.91578 | AZ18: 8.81351 | BA18: 8.31828 | BB18: 10.03054 | BC18: 8.66042 | BD18: 9.1584 | BF18: 180 | BG18: 6.84896 | BH18: 6.63557 | BI18: 6.97188 | BJ18: 7.11094 | BK18: 6.87808 | BL18: 6.9651 | BM18: 6.91046 | BN18: 6.8384 | BO18: 6.85714 | BP18: 6.98497 | BQ18: 6.83111 | BR18: 6.80599 | BS18: 6.89933 | BT18: 7.15835 | BU18: 6.74884 | BV18: 6.86317 | BW18: 6.87507 | BX18: 6.71153 | BY18: 7.04846 | BZ18: 6.80538
L19: Limit | N19: 190 | O19: 82.84238 | P19: 83.18317 | Q19: 82.81918 | R19: 82.97541 | S19: 83.00794 | T19: 82.89832 | U19: 83.42211 | V19: 83.12229 | W19: 83.24934 | X19: 83.09752 | Y19: 82.40837 | Z19: 83.22394 | AA19: 83.24621 | AB19: 83.0099 | AC19: 83.49019 | AD19: 82.89069 | AE19: 83.09528 | AF19: 83.33944 | AG19: 82.43092 | AH19: 82.97409 | AJ19: 190 | AK19: 7.94643 | AL19: 9.68004 | AM19: 9.31971 | AN19: 8.57511 | AO19: 8.27105 | AP19: 8.09448 | AQ19: 7.74408 | AR19: 12.01591 | AS19: 8.09843 | AT19: 8.60026 | AU19: 9.88154 | AV19: 9.67694 | AW19: 9.04267 | AX19: 9.58126 | AY19: 10.97027 | AZ19: 8.93331 | BA19: 8.43954 | BB19: 10.08371 | BC19: 8.761 | BD19: 9.26778 | BF19: 190 | BG19: 6.87541 | BH19: 6.66167 | BI19: 6.99582 | BJ19: 7.12875 | BK19: 6.90403 | BL19: 6.98619 | BM19: 6.93303 | BN19: 6.86335 | BO19: 6.88213 | BP19: 7.0095 | BQ19: 6.85731 | BR19: 6.7818 | BS19: 6.92481 | BT19: 7.1762 | BU19: 6.77414 | BV19: 6.94336 | BW19: 6.89952 | BX19: 6.73777 | BY19: 7.07324 | BZ19: 6.82955
K20: 100 | L20: 25 | N20: 200 | O20: 84.02269 | P20: 84.35227 | Q20: 84.02019 | R20: 84.14766 | S20: 84.17748 | T20: 84.07596 | U20: 84.59446 | V20: 84.27905 | W20: 84.39696 | X20: 84.26108 | Y20: 83.61587 | Z20: 84.38493 | AA20: 84.43002 | AB20: 84.20562 | AC20: 84.64477 | AD20: 84.0905 | AE20: 84.26057 | AF20: 84.5006 | AG20: 83.57032 | AH20: 84.14276 | AJ20: 200 | AK20: 8.04867 | AL20: 9.69986 | AM20: 9.42998 | AN20: 8.77936 | AO20: 8.43459 | AP20: 8.26763 | AQ20: 7.92933 | AR20: 12.06724 | AS20: 8.09628 | AT20: 8.82938 | AU20: 10.12069 | AV20: 9.74608 | AW20: 9.24885 | AX20: 9.82327 | AY20: 11.10223 | AZ20: 9.09439 | BA20: 8.618 | BB20: 10.18966 | BC20: 8.93199 | BD20: 9.427 | BF20: 200 | BG20: 6.89892 | BH20: 6.68399 | BI20: 7.01742 | BJ20: 7.15994 | BK20: 6.92662 | BL20: 7.00474 | BM20: 6.95314 | BN20: 6.88497 | BO20: 6.90614 | BP20: 7.0303 | BQ20: 6.87945 | BR20: 6.78863 | BS20: 6.94814 | BT20: 7.16831 | BU20: 6.79686 | BV20: 6.95886 | BW20: 6.92209 | BX20: 6.76126 | BY20: 7.09485 | BZ20: 6.85075
K21: 200 | L21: 22 | N21: 212 | O21: 85.13827 | P21: 85.45772 | Q21: 85.15184 | R21: 85.26269 | S21: 85.29044 | T21: 85.18764 | U21: 85.70971 | V21: 85.38345 | W21: 85.49272 | X21: 85.37208 | Y21: 84.7573 | Z21: 85.49171 | AA21: 85.53004 | AB21: 85.31126 | AC21: 85.72403 | AD21: 85.20934 | AE21: 85.37808 | AF21: 85.60389 | AG21: 84.66281 | AH21: 85.23461 | AJ21: 212 | AK21: 8.26502 | AL21: 9.98685 | AM21: 9.62024 | AN21: 9.12301 | AO21: 8.76476 | AP21: 8.52326 | AQ21: 8.27794 | AR21: 12.31887 | AS21: 8.31563 | AT21: 9.19476 | AU21: 10.47616 | AV21: 9.82567 | AW21: 9.68428 | AX21: 10.2555 | AY21: 11.34918 | AZ21: 9.32528 | BA21: 8.97573 | BB21: 10.42134 | BC21: 9.28198 | BD21: 9.72931 | BF21: 212 | BG21: 6.92328 | BH21: 6.70907 | BI21: 7.03919 | BJ21: 7.16281 | BK21: 6.95008 | BL21: 7.02581 | BM21: 6.97648 | BN21: 6.90708 | BO21: 6.9308 | BP21: 7.05288 | BQ21: 6.90322 | BR21: 6.83168 | BS21: 6.97199 | BT21: 7.04464 | BU21: 6.82098 | BV21: 6.99476 | BW21: 6.94451 | BX21: 6.78563 | BY21: 7.1176 | BZ21: 6.87351
K22: 300 | L22: 26 | N22: 224 | O22: 86.2151 | P22: 86.55259 | Q22: 86.27722 | R22: 86.35473 | S22: 86.39647 | T22: 86.29329 | U22: 86.80469 | V22: 86.48337 | W22: 86.58389 | X22: 86.47078 | Y22: 85.86464 | Z22: 86.60002 | AA22: 86.60927 | AB22: 86.38561 | AC22: 86.80205 | AD22: 86.31574 | AE22: 86.47718 | AF22: 86.68277 | AG22: 85.75493 | AH22: 86.31397 | AJ22: 224 | AK22: 8.60135 | AL22: 10.28786 | AM22: 9.85746 | AN22: 9.62382 | AO22: 9.12334 | AP22: 8.88704 | AQ22: 8.64186 | AR22: 12.62331 | AS22: 8.71685 | AT22: 9.70002 | AU22: 10.86401 | AV22: 10.06818 | AW22: 10.11812 | AX22: 10.75183 | AY22: 11.7537 | AZ22: 9.59882 | BA22: 9.39878 | BB22: 10.7768 | BC22: 9.68718 | BD22: 10.13629 | BF22: 224 | BG22: 6.94486 | BH22: 6.7305 | BI22: 7.05989 | BJ22: 7.18144 | BK22: 6.97253 | BL22: 7.04307 | BM22: 6.99701 | BN22: 6.92635 | BO22: 6.95213 | BP22: 7.07217 | BQ22: 6.92531 | BR22: 6.82945 | BS22: 6.99339 | BT22: 7.05841 | BU22: 6.84207 | BV22: 7.0085 | BW22: 6.96538 | BX22: 6.80665 | BY22: 7.13876 | BZ22: 6.89451
K23: 500 | L23: 21 | N23: 236 | O23: 87.27938 | P23: 87.6415 | Q23: 87.35514 | R23: 87.45353 | S23: 87.48845 | T23: 87.38113 | U23: 87.88317 | V23: 87.59177 | W23: 87.66954 | X23: 87.5585 | Y23: 86.93892 | Z23: 87.71974 | AA23: 87.69855 | AB23: 87.46848 | AC23: 87.91426 | AD23: 87.40617 | AE23: 87.56903 | AF23: 87.77052 | AG23: 86.85261 | AH23: 87.40048 | AJ23: 236 | AK23: 8.93502 | AL23: 10.64758 | AM23: 10.14687 | AN23: 10.17443 | AO23: 9.53192 | AP23: 9.28793 | AQ23: 9.03974 | AR23: 12.98224 | AS23: 9.11795 | AT23: 10.21136 | AU23: 11.24884 | AV23: 10.24097 | AW23: 10.58788 | AX23: 11.24781 | AY23: 12.1787 | AZ23: 9.84178 | BA23: 9.83976 | BB23: 11.15607 | BC23: 10.10573 | BD23: 10.57409 | BF23: 236 | BG23: 6.96432 | BH23: 6.74987 | BI23: 7.07909 | BJ23: 7.18936 | BK23: 6.9928 | BL23: 7.05895 | BM23: 7.01385 | BN23: 6.94526 | BO23: 6.97017 | BP23: 7.09032 | BQ23: 6.9443 | BR23: 6.84659 | BS23: 7.01282 | BT23: 7.07789 | BU23: 6.86179 | BV23: 7.0324 | BW23: 6.98424 | BX23: 6.8256 | BY23: 7.15748 | BZ23: 6.91348
K24: 1000 | L24: 8 | N24: 250 | O24: 88.30916 | P24: 88.70072 | Q24: 88.39023 | R24: 88.48767 | S24: 88.53232 | T24: 88.44395 | U24: 88.90773 | V24: 88.66214 | W24: 88.73461 | X24: 88.61759 | Y24: 87.97236 | Z24: 88.7944 | AA24: 88.74505 | AB24: 88.49787 | AC24: 88.97889 | AD24: 88.44428 | AE24: 88.63637 | AF24: 88.82751 | AG24: 87.92424 | AH24: 88.46119 | AJ24: 250 | AK24: 9.30745 | AL24: 11.04689 | AM24: 10.51649 | AN24: 10.75928 | AO24: 9.99084 | AP24: 9.6998 | AQ24: 9.48941 | AR24: 13.47495 | AS24: 9.57006 | AT24: 10.75098 | AU24: 11.76775 | AV24: 10.41467 | AW24: 11.13432 | AX24: 11.79355 | AY24: 12.69852 | AZ24: 10.20982 | BA24: 10.28864 | BB24: 11.58312 | BC24: 10.61529 | BD24: 11.07865 | BF24: 250 | BG24: 6.98415 | BH24: 6.77029 | BI24: 7.09978 | BJ24: 7.21766 | BK24: 7.01312 | BL24: 7.07649 | BM24: 7.03372 | BN24: 6.96573 | BO24: 6.9905 | BP24: 7.1089 | BQ24: 6.96473 | BR24: 6.8648 | BS24: 7.03261 | BT24: 7.0957 | BU24: 6.88262 | BV24: 7.00222 | BW24: 7.00336 | BX24: 6.84583 | BY24: 7.17796 | BZ24: 6.93269
K25: 2000 | L25: 3 | N25: 265 | O25: 89.42835 | P25: 89.85417 | Q25: 89.49504 | R25: 89.60176 | S25: 89.66159 | T25: 89.5819 | U25: 90.03599 | V25: 89.80343 | W25: 89.88015 | X25: 89.76406 | Y25: 89.09368 | Z25: 89.946 | AA25: 89.86572 | AB25: 89.59513 | AC25: 90.14054 | AD25: 89.54179 | AE25: 89.77674 | AF25: 89.95673 | AG25: 89.0797 | AH25: 89.60795 | AJ25: 265 | AK25: 9.69156 | AL25: 11.38955 | AM25: 10.96104 | AN25: 11.28345 | AO25: 10.36706 | AP25: 10.12452 | AQ25: 9.87797 | AR25: 14.02251 | AS25: 9.98904 | AT25: 11.2667 | AU25: 12.247 | AV25: 10.69589 | AW25: 11.57293 | AX25: 12.23465 | AY25: 13.17695 | AZ25: 10.60366 | BA25: 10.71906 | BB25: 12.04832 | BC25: 11.09071 | BD25: 11.57539 | BF25: 265 | BG25: 7.00426 | BH25: 6.79008 | BI25: 7.12083 | BJ25: 7.24203 | BK25: 7.03251 | BL25: 7.09326 | BM25: 7.05235 | BN25: 6.98544 | BO25: 7.01005 | BP25: 7.12852 | BQ25: 6.984 | BR25: 6.88475 | BS25: 7.05268 | BT25: 7.11535 | BU25: 6.90195 | BV25: 7.03672 | BW25: 7.02272 | BX25: 6.86472 | BY25: 7.19814 | BZ25: 6.95216
K26: 3000 | L26: 3 | N26: 280 | O26: 90.53343 | P26: 90.99044 | Q26: 90.56721 | R26: 90.6797 | S26: 90.76139 | T26: 90.69736 | U26: 91.14231 | V26: 90.89826 | W26: 91.0024 | X26: 90.8908 | Y26: 90.18788 | Z26: 91.06833 | AA26: 90.96396 | AB26: 90.66643 | AC26: 91.29064 | AD26: 90.62157 | AE26: 90.88818 | AF26: 91.04327 | AG26: 90.21274 | AH26: 90.74184 | AJ26: 280 | AK26: 9.95794 | AL26: 11.56938 | AM26: 11.33164 | AN26: 11.58277 | AO26: 10.59662 | AP26: 10.40523 | AQ26: 10.0893 | AR26: 14.47422 | AS26: 10.28689 | AT26: 11.58664 | AU26: 12.60419 | AV26: 10.89295 | AW26: 11.83938 | AX26: 12.43343 | AY26: 13.50504 | AZ26: 10.80545 | BA26: 10.94763 | BB26: 12.4298 | BC26: 11.44302 | BD26: 11.92251 | BF26: 280 | BG26: 7.02371 | BH26: 6.80898 | BI26: 7.14042 | BJ26: 7.26225 | BK26: 7.05157 | BL26: 7.11009 | BM26: 7.0708 | BN26: 7.0028 | BO26: 7.02778 | BP26: 7.14801 | BQ26: 7.0024 | BR26: 6.90194 | BS26: 7.07208 | BT26: 7.1319 | BU26: 6.91996 | BV26: 7.07713 | BW26: 7.04115 | BX26: 6.88379 | BY26: 7.21649 | BZ26: 6.97006
K27: 4000 | L27: 3 | N27: 300 | O27: 91.64765 | P27: 92.12734 | Q27: 91.66625 | R27: 91.79528 | S27: 91.85943 | T27: 91.80319 | U27: 92.27113 | V27: 91.99327 | W27: 92.11146 | X27: 92.00447 | Y27: 91.26597 | Z27: 92.16434 | AA27: 92.08112 | AB27: 91.7481 | AC27: 92.42541 | AD27: 91.70233 | AE27: 91.99558 | AF27: 92.13455 | AG27: 91.33452 | AH27: 91.86571 | AJ27: 300 | AK27: 10.15185 | AL27: 11.69688 | AM27: 11.76709 | AN27: 11.6373 | AO27: 10.6693 | AP27: 10.6475 | AQ27: 10.11842 | AR27: 14.91738 | AS27: 10.42444 | AT27: 11.73794 | AU27: 12.92616 | AV27: 10.84874 | AW27: 12.00679 | AX27: 11.99516 | AY27: 13.71863 | AZ27: 10.87295 | BA27: 10.95781 | BB27: 12.86424 | BC27: 11.73445 | BD27: 12.18418 | BF27: 300 | BG27: 7.04746 | BH27: 6.83187 | BI27: 7.16572 | BJ27: 7.28368 | BK27: 7.07471 | BL27: 7.12956 | BM27: 7.09385 | BN27: 7.0263 | BO27: 7.04878 | BP27: 7.17488 | BQ27: 7.02596 | BR27: 6.92428 | BS27: 7.09648 | BT27: 7.15211 | BU27: 6.94317 | BV27: 7.07966 | BW27: 7.0639 | BX27: 6.90669 | BY27: 7.24012 | BZ27: 6.99279
K28: 5000 | L28: 5 | N28: 315 | O28: 92.77786 | P28: 93.25226 | Q28: 92.83118 | R28: 92.95786 | S28: 92.99485 | T28: 92.9155 | U28: 93.43926 | V28: 93.1434 | W28: 93.2348 | X28: 93.12346 | Y28: 92.38864 | Z28: 93.29195 | AA28: 93.23131 | AB28: 92.89341 | AC28: 93.5507 | AD28: 92.82442 | AE28: 93.12548 | AF28: 93.28585 | AG28: 92.45917 | AH28: 92.98035 | AJ28: 315 | AK28: 10.2149 | AL28: 11.72263 | AM28: 12.09491 | AN28: 11.46877 | AO28: 10.58993 | AP28: 10.77993 | AQ28: 9.98695 | AR28: 15.12976 | AS28: 10.34577 | AT28: 11.67839 | AU28: 13.015 | AV28: 10.6762 | AW28: 12.02982 | AX28: 11.73914 | AY28: 13.7689 | AZ28: 10.65211 | BA28: 10.78327 | BB28: 13.08926 | BC28: 11.83558 | BD28: 12.26159 | BF28: 315 | BG28: 7.06379 | BH28: 6.84853 | BI28: 7.18302 | BJ28: 7.30888 | BK28: 7.09056 | BL28: 7.14517 | BM28: 7.10984 | BN28: 7.04302 | BO28: 7.06377 | BP28: 7.19085 | BQ28: 7.04097 | BR28: 6.94129 | BS28: 7.11295 | BT28: 7.16701 | BU28: 6.9592 | BV28: 7.08508 | BW28: 7.08043 | BX28: 6.92252 | BY28: 7.25737 | BZ28: 7.00956
K29: 9000 | L29: 5 | N29: 335 | O29: 93.94267 | P29: 94.40732 | Q29: 94.02262 | R29: 94.15358 | S29: 94.16263 | T29: 94.06742 | U29: 94.63932 | V29: 94.31556 | W29: 94.38789 | X29: 94.27699 | Y29: 93.56011 | Z29: 94.43761 | AA29: 94.41384 | AB29: 94.06667 | AC29: 94.71322 | AD29: 93.99035 | AE29: 94.28538 | AF29: 94.4595 | AG29: 93.61682 | AH29: 94.13748 | AJ29: 335 | AK29: 10.26067 | AL29: 11.73519 | AM29: 12.53334 | AN29: 11.03487 | AO29: 10.30759 | AP29: 10.82256 | AQ29: 9.64383 | AR29: 15.27916 | AS29: 10.01917 | AT29: 11.42377 | AU29: 13.09445 | AV29: 10.22607 | AW29: 12.00974 | AX29: 11.17515 | AY29: 13.67334 | AZ29: 10.24989 | BA29: 10.37652 | BB29: 13.43225 | BC29: 11.86123 | BD29: 12.23502 | BF29: 335 | BG29: 7.08482 | BH29: 6.86935 | BI29: 7.20643 | BJ29: 7.31075 | BK29: 7.11243 | BL29: 7.16311 | BM29: 7.1294 | BN29: 7.06349 | BO29: 7.08359 | BP29: 7.21075 | BQ29: 7.06091 | BR29: 6.96318 | BS29: 7.13349 | BT29: 7.18612 | BU29: 6.97937 | BV29: 7.10531 | BW29: 7.10175 | BX29: 6.94369 | BY29: 7.27947 | BZ29: 7.02995
K30: 10000 | L30: 2 | N30: 355 | O30: 95.13839 | P30: 95.59623 | Q30: 95.25465 | R30: 95.38179 | S30: 95.35926 | T30: 95.26013 | U30: 95.86588 | V30: 95.53043 | W30: 95.57356 | X30: 95.4716 | Y30: 94.77678 | Z30: 95.62687 | AA30: 95.63521 | AB30: 95.28157 | AC30: 95.90734 | AD30: 95.20869 | AE30: 95.48907 | AF30: 95.66565 | AG30: 94.8129 | AH30: 95.32992 | AJ30: 355 | AK30: 10.26359 | AL30: 11.67849 | AM30: 12.95904 | AN30: 10.49108 | AO30: 9.91784 | AP30: 10.85395 | AQ30: 9.19889 | AR30: 15.24112 | AS30: 9.83478 | AT30: 11.06325 | AU30: 13.03046 | AV30: 9.66666 | AW30: 11.89676 | AX30: 10.44758 | AY30: 13.48776 | AZ30: 9.66894 | BA30: 9.83232 | BB30: 13.72295 | BC30: 11.76339 | BD30: 12.10629 | BF30: 355 | BG30: 7.10518 | BH30: 6.88885 | BI30: 7.22864 | BJ30: 7.336 | BK30: 7.13225 | BL30: 7.1807 | BM30: 7.14896 | BN30: 7.08411 | BO30: 7.10186 | BP30: 7.23126 | BQ30: 7.07896 | BR30: 6.98289 | BS30: 7.15277 | BT30: 7.20394 | BU30: 6.99792 | BV30: 7.1323 | BW30: 7.12193 | BX30: 6.96422 | BY30: 7.30152 | BZ30: 7.04931
K31: 14000 | L31: 2 | N31: 375 | O31: 96.39126 | P31: 96.84693 | Q31: 96.55979 | R31: 96.6714 | S31: 96.61638 | T31: 96.50848 | U31: 97.15203 | V31: 96.8152 | W31: 96.8217 | X31: 96.72867 | Y31: 96.05497 | Z31: 96.90473 | AA31: 96.91492 | AB31: 96.55599 | AC31: 97.16791 | AD31: 96.48618 | AE31: 96.76258 | AF31: 96.94031 | AG31: 96.07491 | AH31: 96.58678 | AJ31: 375 | AK31: 10.19452 | AL31: 11.50845 | AM31: 13.37074 | AN31: 9.81801 | AO31: 9.50089 | AP31: 10.81588 | AQ31: 8.72081 | AR31: 15.05435 | AS31: 9.52766 | AT31: 10.59678 | AU31: 12.84335 | AV31: 9.0538 | AW31: 11.7119 | AX31: 9.64549 | AY31: 13.09276 | AZ31: 8.9291 | BA31: 9.23411 | BB31: 13.89894 | BC31: 11.57291 | BD31: 11.86765 | BF31: 375 | BG31: 7.12578 | BH31: 6.90863 | BI31: 7.25154 | BJ31: 7.35813 | BK31: 7.15212 | BL31: 7.19956 | BM31: 7.1699 | BN31: 7.1053 | BO31: 7.11968 | BP31: 7.25297 | BQ31: 7.09784 | BR31: 7.00401 | BS31: 7.17254 | BT31: 7.22217 | BU31: 7.01784 | BV31: 7.09224 | BW31: 7.14196 | BX31: 6.98372 | BY31: 7.32392 | BZ31: 7.06904
N32: 400 | O32: 97.65981 | P32: 98.12423 | Q32: 97.87215 | R32: 97.96672 | S32: 97.89364 | T32: 97.78128 | U32: 98.44942 | V32: 98.12441 | W32: 98.09803 | X32: 98.01444 | Y32: 97.35439 | Z32: 98.21444 | AA32: 98.20328 | AB32: 97.84327 | AC32: 98.46138 | AD32: 97.78002 | AE32: 98.06466 | AF32: 98.23585 | AG32: 97.36685 | AH32: 97.87377 | AJ32: 400 | AK32: 10.10644 | AL32: 11.20267 | AM32: 13.801 | AN32: 8.975 | AO32: 8.92882 | AP32: 10.7231 | AQ32: 8.12072 | AR32: 14.68565 | AS32: 9.14152 | AT32: 9.95059 | AU32: 12.54586 | AV32: 8.37957 | AW32: 11.39093 | AX32: 8.65434 | AY32: 12.51341 | AZ32: 8.08513 | BA32: 8.4762 | BB32: 14.027 | BC32: 11.26565 | BD32: 11.51521 | BF32: 400 | BG32: 7.15329 | BH32: 6.93349 | BI32: 7.28115 | BJ32: 7.37728 | BK32: 7.17728 | BL32: 7.22379 | BM32: 7.19624 | BN32: 7.13139 | BO32: 7.14261 | BP32: 7.27446 | BQ32: 7.12239 | BR32: 7.0296 | BS32: 7.1976 | BT32: 7.24519 | BU32: 7.04144 | BV32: 7.18651 | BW32: 7.1686 | BX32: 7.00787 | BY32: 7.3519 | BZ32: 7.09356
N33: 425 | O33: 98.92748 | P33: 99.41731 | Q33: 99.1689 | R33: 99.25422 | S33: 99.1633 | T33: 99.06116 | U33: 99.74254 | V33: 99.41903 | W33: 99.37799 | X33: 99.30915 | Y33: 98.63533 | Z33: 99.51148 | AA33: 99.48603 | AB33: 99.10738 | AC33: 99.77027 | AD33: 99.0562 | AE33: 99.36479 | AF33: 99.51269 | AG33: 98.67115 | AH33: 99.17582 | AJ33: 425 | AK33: 10.01406 | AL33: 10.8726 | AM33: 14.08041 | AN33: 8.20645 | AO33: 8.40623 | AP33: 10.60359 | AQ33: 7.61306 | AR33: 14.25139 | AS33: 8.82762 | AT33: 9.36665 | AU33: 12.19945 | AV33: 7.80672 | AW33: 11.03764 | AX33: 7.80757 | AY33: 11.93621 | AZ33: 7.29968 | BA33: 7.80866 | BB33: 14.05629 | BC33: 10.94509 | BD33: 11.17388 | BF33: 425 | BG33: 7.18054 | BH33: 6.95896 | BI33: 7.31334 | BJ33: 7.41861 | BK33: 7.20445 | BL33: 7.24917 | BM33: 7.22374 | BN33: 7.15864 | BO33: 7.16471 | BP33: 7.30143 | BQ33: 7.14718 | BR33: 7.05359 | BS33: 7.2238 | BT33: 7.2693 | BU33: 7.06737 | BV33: 6.99161 | BW33: 7.19618 | BX33: 7.03443 | BY33: 7.38246 | BZ33: 7.11838
N34: 450 | O34: 100.17809 | P34: 100.69839 | Q34: 100.44967 | R34: 100.53135 | S34: 100.41954 | T34: 100.32085 | U34: 101.02574 | V34: 100.70751 | W34: 100.64347 | X34: 100.58891 | Y34: 99.88662 | Z34: 100.80251 | AA34: 100.75347 | AB34: 100.36039 | AC34: 101.06476 | AD34: 100.30667 | AE34: 100.65531 | AF34: 100.78249 | AG34: 99.96477 | AH34: 100.46355 | AJ34: 450 | AK34: 9.89892 | AL34: 10.5521 | AM34: 14.16872 | AN34: 7.54377 | AO34: 7.94518 | AP34: 10.44277 | AQ34: 7.20003 | AR34: 13.74519 | AS34: 8.51921 | AT34: 8.85877 | AU34: 11.846 | AV34: 7.28214 | AW34: 10.72745 | AX34: 7.13321 | AY34: 11.39429 | AZ34: 6.61405 | BA34: 7.23861 | BB34: 13.96431 | BC34: 10.61211 | BD34: 10.80822 | BF34: 450 | BG34: 7.21034 | BH34: 6.98572 | BI34: 7.34782 | BJ34: 7.43625 | BK34: 7.23204 | BL34: 7.27661 | BM34: 7.25244 | BN34: 7.18782 | BO34: 7.18858 | BP34: 7.32858 | BQ34: 7.17328 | BR34: 7.08153 | BS34: 7.25139 | BT34: 7.29406 | BU34: 7.09395 | BV34: 7.01715 | BW34: 7.22516 | BX34: 7.06239 | BY34: 7.41429 | BZ34: 7.14514
N35: 475 | O35: 101.46922 | P35: 102.01939 | Q35: 101.77437 | R35: 101.84681 | S35: 101.71025 | T35: 101.62057 | U35: 102.34785 | V35: 102.03789 | W35: 101.95146 | X35: 101.90272 | Y35: 101.16423 | Z35: 102.12219 | AA35: 102.05214 | AB35: 101.64648 | AC35: 102.40549 | AD35: 101.57974 | AE35: 101.9849 | AF35: 102.09551 | AG35: 101.30808 | AH35: 101.79217 | AJ35: 475 | AK35: 9.75732 | AL35: 10.24091 | AM35: 14.07739 | AN35: 6.99182 | AO35: 7.54161 | AP35: 10.2464 | AQ35: 6.87992 | AR35: 13.17073 | AS35: 8.24851 | AT35: 8.44035 | AU35: 11.46633 | AV35: 6.80644 | AW35: 10.41126 | AX35: 6.60908 | AY35: 10.86856 | AZ35: 6.00689 | BA35: 6.76984 | BB35: 13.74108 | BC35: 10.2663 | BD35: 10.4508 | BF35: 475 | BG35: 7.24264 | BH35: 7.01674 | BI35: 7.38521 | BJ35: 7.45417 | BK35: 7.26112 | BL35: 7.30526 | BM35: 7.28361 | BN35: 7.21964 | BO35: 7.21454 | BP35: 7.35778 | BQ35: 7.20055 | BR35: 7.11238 | BS35: 7.28124 | BT35: 7.32135 | BU35: 7.12354 | BV35: 7.03914 | BW35: 7.25688 | BX35: 7.09176 | BY35: 7.44918 | BZ35: 7.17413
N36: 500 | O36: 102.81135 | P36: 103.3995 | Q36: 103.14791 | R36: 103.22035 | S36: 103.06466 | T36: 102.98327 | U36: 103.72937 | V36: 103.4404 | W36: 103.32041 | X36: 103.26773 | Y36: 102.4838 | Z36: 103.49708 | AA36: 103.4031 | AB36: 102.99623 | AC36: 103.81083 | AD36: 102.88544 | AE36: 103.37163 | AF36: 103.476 | AG36: 102.72111 | AH36: 103.18257 | AJ36: 500 | AK36: 9.56929 | AL36: 9.90919 | AM36: 13.81056 | AN36: 6.56501 | AO36: 7.20231 | AP36: 9.99948 | AQ36: 6.62843 | AR36: 12.54521 | AS36: 7.99851 | AT36: 8.08016 | AU36: 11.04212 | AV36: 6.36808 | AW36: 10.08975 | AX36: 6.21042 | AY36: 10.32385 | AZ36: 5.47418 | BA36: 6.39675 | BB36: 13.37616 | BC36: 9.92207 | BD36: 10.08185 | BF36: 500 | BG36: 7.27838 | BH36: 7.04833 | BI36: 7.427 | BJ36: 7.48911 | BK36: 7.29364 | BL36: 7.33607 | BM36: 7.31875 | BN36: 7.25543 | BO36: 7.24329 | BP36: 7.39078 | BQ36: 7.23113 | BR36: 7.14606 | BS36: 7.31469 | BT36: 7.35293 | BU36: 7.15551 | BV36: 7.07112 | BW36: 7.29231 | BX36: 7.12455 | BY36: 7.48619 | BZ36: 7.20605
N37: 530 | O37: 104.28656 | P37: 104.93463 | Q37: 104.65163 | R37: 104.74981 | S37: 104.57016 | T37: 104.48475 | U37: 105.28221 | V37: 105.01596 | W37: 104.83585 | X37: 104.78111 | Y37: 103.90857 | Z37: 105.03016 | AA37: 104.89357 | AB37: 104.48287 | AC37: 105.37929 | AD37: 104.31016 | AE37: 104.91226 | AF37: 105.00798 | AG37: 104.29405 | AH37: 104.73295 | AJ37: 530 | AK37: 9.26633 | AL37: 9.45637 | AM37: 13.24997 | AN37: 6.19249 | AO37: 6.85522 | AP37: 9.62913 | AQ37: 6.41149 | AR37: 11.7764 | AS37: 7.67724 | AT37: 7.68705 | AU37: 10.50949 | AV37: 5.9185 | AW37: 9.63746 | AX37: 5.87341 | AY37: 9.67405 | AZ37: 4.98653 | BA37: 6.07573 | BB37: 12.81252 | BC37: 9.5084 | BD37: 9.61269 | BF37: 530 | BG37: 7.32871 | BH37: 7.09185 | BI37: 7.48184 | BJ37: 7.5511 | BK37: 7.34084 | BL37: 7.3797 | BM37: 7.36901 | BN37: 7.30182 | BO37: 7.28345 | BP37: 7.43346 | BQ37: 7.27484 | BR37: 7.189 | BS37: 7.36157 | BT37: 7.39511 | BU37: 7.2004 | BV37: 7.11326 | BW37: 7.33978 | BX37: 7.16875 | BY37: 7.53647 | BZ37: 7.24887
N38: 560 | O38: 105.74062 | P38: 106.4577 | Q38: 106.12158 | R38: 106.26705 | S38: 106.05732 | T38: 105.96196 | U38: 106.82593 | V38: 106.58267 | W38: 106.3408 | X38: 106.28543 | Y38: 105.30707 | Z38: 106.55448 | AA38: 106.36379 | AB38: 105.94815 | AC38: 106.9404 | AD38: 105.71846 | AE38: 106.44007 | AF38: 106.5155 | AG38: 105.85475 | AH38: 106.26975 | AJ38: 560 | AK38: 8.87888 | AL38: 8.90265 | AM38: 12.49534 | AN38: 5.89129 | AO38: 6.54794 | AP38: 9.17647 | AQ38: 6.23831 | AR38: 11.00013 | AS38: 7.37885 | AT38: 7.31202 | AU38: 9.88817 | AV38: 5.53749 | AW38: 9.08978 | AX38: 5.6287 | AY38: 9.03687 | AZ38: 4.63964 | BA38: 5.83065 | BB38: 12.06716 | BC38: 9.05991 | BD38: 9.12197 | BF38: 560 | BG38: 7.38734 | BH38: 7.14253 | BI38: 7.54165 | BJ38: 7.57017 | BK38: 7.39665 | BL38: 7.42879 | BM38: 7.42593 | BN38: 7.35561 | BO38: 7.33033 | BP38: 7.48183 | BQ38: 7.32463 | BR38: 7.24022 | BS38: 7.41568 | BT38: 7.44365 | BU38: 7.25354 | BV38: 7.164 | BW38: 7.39622 | BX38: 7.2188 | BY38: 7.5938 | BZ38: 7.29709
N39: 600 | O39: 107.28726 | P39: 108.10793 | Q39: 107.65972 | R39: 107.92399 | S39: 107.61989 | T39: 107.52445 | U39: 108.524 | V39: 108.23848 | W39: 107.94739 | X39: 107.91988 | Y39: 106.79152 | Z39: 108.18406 | AA39: 107.94487 | AB39: 107.50993 | AC39: 108.63364 | AD39: 107.22663 | AE39: 108.1035 | AF39: 108.11018 | AG39: 107.52767 | AH39: 107.93045 | AJ39: 600 | AK39: 8.25217 | AL39: 8.06826 | AM39: 11.30691 | AN39: 5.52204 | AO39: 6.11398 | AP39: 8.47259 | AQ39: 5.99401 | AR39: 9.98115 | AS39: 6.94492 | AT39: 6.7779 | AU39: 9.05291 | AV39: 5.10933 | AW39: 8.28216 | AX39: 5.36234 | AY39: 8.17782 | AZ39: 4.33164 | BA39: 5.55806 | BB39: 10.94491 | BC39: 8.41493 | BD39: 8.44164 | BF39: 600 | BG39: 7.49109 | BH39: 7.2256 | BI39: 7.63399 | BJ39: 7.65738 | BK39: 7.4901 | BL39: 7.50884 | BM39: 7.52315 | BN39: 7.44377 | BO39: 7.41029 | BP39: 7.55912 | BQ39: 7.4103 | BR39: 7.32259 | BS39: 7.50906 | BT39: 7.52273 | BU39: 7.34115 | BV39: 7.24103 | BW39: 7.49259 | BX39: 7.30394 | BY39: 7.68538 | BZ39: 7.37699
N40: 630 | O40: 108.80284 | P40: 109.77999 | Q40: 109.17321 | R40: 109.60553 | S40: 109.12027 | T40: 109.05125 | U40: 110.29194 | V40: 109.82157 | W40: 109.51433 | X40: 109.5861 | Y40: 108.24073 | Z40: 109.78514 | AA40: 109.5662 | AB40: 109.04312 | AC40: 110.34144 | AD40: 108.72075 | AE40: 109.79411 | AF40: 109.6894 | AG40: 109.1757 | AH40: 109.61257 | AJ40: 630 | AK40: 7.76592 | AL40: 7.46922 | AM40: 10.38386 | AN40: 5.25189 | AO40: 5.7893 | AP40: 7.91983 | AQ40: 5.8002 | AR40: 9.27374 | AS40: 6.62371 | AT40: 6.38518 | AU40: 8.4615 | AV40: 4.82654 | AW40: 7.67628 | AX40: 5.17859 | AY40: 7.61695 | AZ40: 4.17188 | BA40: 5.3734 | BB40: 10.09973 | BC40: 7.93271 | BD40: 7.94477 | BF40: 630 | BG40: 7.59029 | BH40: 7.30023 | BI40: 7.71785 | BJ40: 7.73639 | BK40: 7.57725 | BL40: 7.58118 | BM40: 7.61358 | BN40: 7.52112 | BO40: 7.48236 | BP40: 7.63066 | BQ40: 7.49048 | BR40: 7.39701 | BS40: 7.59617 | BT40: 7.5932 | BU40: 7.42125 | BV40: 7.30431 | BW40: 7.58041 | BX40: 7.38154 | BY40: 7.76517 | BZ40: 7.44838
N41: 670 | O41: 110.21387 | P41: 111.3969 | Q41: 110.63007 | R41: 111.18424 | S41: 110.51111 | T41: 110.47833 | U41: 111.9908 | V41: 111.28035 | W41: 110.99275 | X41: 111.19492 | Y41: 109.58412 | Z41: 111.29446 | AA41: 111.15329 | AB41: 110.45044 | AC41: 111.95944 | AD41: 110.11299 | AE41: 111.40959 | AF41: 111.1926 | AG41: 110.7608 | AH41: 111.24715 | AJ41: 670 | AK41: 7.11456 | AL41: 6.74778 | AM41: 9.15296 | AN41: 4.89463 | AO41: 5.34213 | AP41: 7.18116 | AQ41: 5.51982 | AR41: 8.37498 | AS41: 6.17289 | AT41: 5.86175 | AU41: 7.68288 | AV41: 4.445 | AW41: 6.9179 | AX41: 4.93465 | AY41: 6.94126 | AZ41: 3.99895 | BA41: 5.13336 | BB41: 8.99741 | BC41: 7.30596 | BD41: 7.30447 | BF41: 670 | BG41: 7.77298 | BH41: 7.43114 | BI41: 7.85886 | BJ41: 7.85379 | BK41: 7.73677 | BL41: 7.70709 | BM41: 7.77496 | BN41: 7.65418 | BO41: 7.61428 | BP41: 7.76038 | BQ41: 7.63593 | BR41: 7.52234 | BS41: 7.75315 | BT41: 7.71337 | BU41: 7.56679 | BV41: 7.40794 | BW41: 7.73797 | BX41: 7.51441 | BY41: 7.89603 | BZ41: 7.57069
N42: 710 | O42: 111.54813 | P42: 112.97021 | Q42: 112.06282 | R42: 112.64763 | S42: 111.88277 | T42: 111.85313 | U42: 113.45119 | V42: 112.75346 | W42: 112.4441 | X42: 112.72591 | Y42: 110.88987 | Z42: 112.76625 | AA42: 112.65193 | AB42: 111.78206 | AC42: 113.4533 | AD42: 111.42279 | AE42: 112.94301 | AF42: 112.6586 | AG42: 112.38325 | AH42: 112.85234 | AJ42: 710 | AK42: 6.47362 | AL42: 6.12486 | AM42: 7.99234 | AN42: 4.54469 | AO42: 4.90276 | AP42: 6.46835 | AQ42: 5.21856 | AR42: 7.52662 | AS42: 5.70025 | AT42: 5.33979 | AU42: 6.96508 | AV42: 4.04313 | AW42: 6.22298 | AX42: 4.66453 | AY42: 6.34136 | AZ42: 3.81416 | BA42: 4.88792 | BB42: 7.95761 | BC42: 6.7079 | BD42: 6.69502 | BF42: 710 | BG42: 8.02529 | BH42: 7.59995 | BI42: 8.03606 | BJ42: 8.02366 | BK42: 7.95408 | BL42: 7.87004 | BM42: 7.98881 | BN42: 7.82313 | BO42: 7.7968 | BP42: 7.93491 | BQ42: 7.83812 | BR42: 7.67927 | BS42: 7.97003 | BT42: 7.8678 | BU42: 7.76595 | BV42: 7.54472 | BW42: 7.94495 | BX42: 7.68917 | BY42: 8.05576 | BZ42: 7.73034
N43: 750 | O43: 112.84036 | P43: 114.48849 | Q43: 113.43887 | R43: 114.07857 | S43: 113.22145 | T43: 113.1881 | U43: 114.75891 | V43: 114.20075 | W43: 113.85961 | X43: 114.19371 | Y43: 112.18716 | Z43: 114.16428 | AA43: 114.02338 | AB43: 113.09365 | AC43: 114.82723 | AD43: 112.6928 | AE43: 114.40728 | AF43: 114.087 | AG43: 113.97698 | AH43: 114.40793 | AJ43: 750 | AK43: 5.87584 | AL43: 5.59781 | AM43: 6.95803 | AN43: 4.22771 | AO43: 4.48907 | AP43: 5.81406 | AQ43: 4.8981 | AR43: 6.74264 | AS43: 5.24354 | AT43: 4.82873 | AU43: 6.29045 | AV43: 3.64257 | AW43: 5.59999 | AX43: 4.37356 | AY43: 5.79189 | AZ43: 3.61302 | BA43: 4.64058 | BB43: 7.01019 | BC43: 6.14733 | BD43: 6.12993 | BF43: 750 | BG43: 8.35933 | BH43: 7.81732 | BI43: 8.24548 | BJ43: 8.23072 | BK43: 8.24844 | BL43: 8.07732 | BM43: 8.26835 | BN43: 8.03609 | BO43: 8.04802 | BP43: 8.16177 | BQ43: 8.11243 | BR43: 7.87384 | BS43: 8.26369 | BT43: 8.06374 | BU43: 8.02902 | BV43: 7.72674 | BW43: 8.21403 | BX43: 7.91306 | BY43: 8.24378 | BZ43: 7.93385
... N94: 14000 | O94: 113.54154 | P94: 114.40781 | Q94: 114.25551 | R94: 113.76766 | S94: 113.97034 | T94: 113.79181 | U94: 114.63946 | V94: 113.88037 | W94: 113.77076 | X94: 114.04243 | Y94: 114.48425 | Z94: 113.89717 | AA94: 114.68434 | AB94: 114.5811 | AC94: 114.42408 | AD94: 115.21387 | AE94: 114.22834 | AF94: 114.13369 | AG94: 113.3647 | AH94: 114.82524 | AJ94: 14000 | AK94: 0.10957 | AL94: 0.09015 | AM94: 0.16394 | AN94: 0.10123 | AO94: 0.13195 | AP94: 0.10095 | AQ94: 0.1426 | AR94: 0.08299 | AS94: 0.16162 | AT94: 0.09363 | AU94: 0.07794 | AV94: 0.0893 | AW94: 0.10947 | AX94: 0.08653 | AY94: 0.0833 | AZ94: 0.09059 | BA94: 0.1013 | BB94: 0.08592 | BC94: 0.09199 | BD94: 0.08086 | BF94: 14000 | BG94: 9.03228 | BH94: 9.02957 | BI94: 9.01257 | BJ94: 9.35548 | BK94: 9.06063 | BL94: 9.22546 | BM94: 9.11161 | BN94: 9.1545 | BO94: 9.13923 | BP94: 9.2953 | BQ94: 8.92113 | BR94: 8.94497 | BS94: 9.08749 | BT94: 9.26324 | BU94: 8.85301 | BV94: 8.95635 | BW94: 9.06471 | BX94: 9.10066 | BY94: 9.09246 | BZ94: 9.16233
AJ95: 15000
AJ96: 16000
AJ97: 17000
AJ98: 18000
AJ99: 19000
AJ100: 20000
N102: SPL Average | O102: =AVERAGE(O44,O48,O51,O55) | P102: =AVERAGE(P44,P48,P51,P55) | Q102: =AVERAGE(Q44,Q48,Q51,Q55) | R102: =AVERAGE(R44,R48,R51,R55) | S102: =AVERAGE(S44,S48,S51,S55) | T102: =AVERAGE(T44,T48,T51,T55) | U102: =AVERAGE(U44,U48,U51,U55) | V102: =AVERAGE(V44,V48,V51,V55) | ... AH102: =AVERAGE(AH44,AH48,AH51,AH55) | BF102: F0 | BG102: 917.66596 | BH102: 861.98839 | BI102: 895.04773 | BJ102: 915.85586 | BK102: 929.82127 | BL102: 931.59214 | BM102: 892.80693 | BN102: 899.75492 | BO102: 869.28657 | BP102: 909.35141 | BQ102: 920.387 | BR102: 907.27541 | BS102: 913.21706 | BT102: 915.22497 | BU102: 888.14756 | BV102: 914.99313 | BW102: 904.88942 | BX102: 918.23683 | BY102: 904.48972 | BZ102: 907.1269

Sheet Continuously drop
N1: SPL RAW DATA | AJ1: THD RAW DATA | BG1: IMPEDANCE RAW DATA
N2: SPL specification / Thông số kĩ thuật SPL | S2: ='Temp and humid 60-90'!S2:X2 | AJ2: THD Limit / Giới hạn THD | AO2: ='Temp and humid 60-90'!AO2:AT2 | BG2: Imp / F0 Limit / Giới hạn Imp / F0 | BL2: IMP:8 Ω ±15% at 2kHz, 3.58V , F0: 890 ± 120Hz at 3.1V
N3: Evalution standard / Tiêu chuẩn đánh giá | S3: Deviation before test and after test is under ± 2db, and SPL Average value in limit / Độ lệch trước khi kiểm tra và sau khi kiểm tra nhỏ hơn ± 2db và SPL Giá trị trung bình trong giới hạn | AJ3: Evalution standard / Tiêu chuẩn đánh giá | AO3: THD value in limit / Giá trị THD trong giới hạn | BG3: Evalution standard / Tiêu chuẩn đánh giá | BL3: Value in limit / Giá trị trong giới hạn
N4: Test condition / Điều kiện kiểm tra | S4: Height:80cm, Cycle:100 times, ground:10mm Steel , JIG 300g | AJ4: Test condition / Điều kiện kiểm tra | AO4: =S4 | BG4: Test condition / Điều kiện kiểm tra | BL4: =S4
N5: Sample No | O5: #1 | Q5: #2 | S5: #3 | U5: #4 | W5: #5 | Y5: #6 | AA5: #7 | AC5: #8 | AE5: #9 | AG5: #10 | AJ5: Sample No | AK5: #1 | AM5: #2 | AO5: #3 | AQ5: #4 | AS5: #5 | AU5: #6 | AW5: #7 | AY5: #8 | BA5: #9 | BC5: #10 | BG5: Sample No | BH5: #1 | BJ5: #2 | BL5: #3 | BN5: #4 | BP5: #5 | BR5: #6 | BT5: #7 | BV5: #8 | BX5: #9 | BZ5: #10
N6: Result | O6: =IF(AND(O102<=118.8,O102>=114.8),"OK","NG") | P6: =IF(AND(P102<=118.8,P102>=114.8),"OK","NG") | Q6: =IF(AND(Q102<=118.8,Q102>=114.8),"OK","NG") | R6: =IF(AND(R102<=118.8,R102>=114.8),"OK","NG") | S6: =IF(AND(S102<=118.8,S102>=114.8),"OK","NG") | T6: =IF(AND(T102<=118.8,T102>=114.8),"OK","NG") | U6: =IF(AND(U102<=118.8,U102>=114.8),"OK","NG") | V6: =IF(AND(V102<=118.8,V102>=114.8),"OK","NG") | ... AH6: =IF(AND(AH102<=118.8,AH102>=114.8),"OK","NG") | BH6: =IF(AND(BH60<=9.2,BH60>=6.8),"OK","NG") | BI6: =IF(AND(BI60<=9.2,BI60>=6.8),"OK","NG") | BJ6: =IF(AND(BJ60<=9.2,BJ60>=6.8),"OK","NG") | BK6: =IF(AND(BK60<=9.2,BK60>=6.8),"OK","NG") | BL6: =IF(AND(BL60<=9.2,BL60>=6.8),"OK","NG") | BM6: =IF(AND(BM60<=9.2,BM60>=6.8),"OK","NG") | BN6: =IF(AND(BN60<=9.2,BN60>=6.8),"OK","NG") | BO6: =IF(AND(BO60<=9.2,BO60>=6.8),"OK","NG") | ... CA6: =IF(AND(CA60<=9.2,CA60>=6.8),"OK","NG")
O7: Before #1 | P7: After #1 | Q7: Before #2 | R7: After #2 | S7: Before #3 | T7: After #3 | U7: Before #4 | V7: After #4 | W7: Before #5 | X7: After #5 | Y7: Before #6 | Z7: After #6 | AA7: Before #7 | AB7: After #7 | AC7: Before #8 | AD7: After #8 | AE7: Before #9 | AF7: After #9 | AG7: Before #10 | AH7: After #10 | AK7: Before #1 | AL7: After #1 | AM7: Before #2 | AN7: After #2 | AO7: Before #3 | AP7: After #3 | AQ7: Before #4 | AR7: After #4 | AS7: Before #5 | AT7: After #5 | AU7: Before #6 | AV7: After #6 | AW7: Before #7 | AX7: After #7 | AY7: Before #8 | AZ7: After #8 | BA7: Before #9 | BB7: After #9 | BC7: Before #10 | BD7: After #10 | BH7: Before #1 | BI7: After #1 | BJ7: Before #2 | BK7: After #2 | BL7: Before #3 | BM7: After #3 | BN7: Before #4 | BO7: After #4 | BP7: Before #5 | BQ7: After #5 | BR7: Before #6 | BS7: After #6 | BT7: Before #7 | BU7: After #7 | BV7: Before #8 | BW7: After #8 | BX7: Before #9 | BY7: After #9 | BZ7: Before #10 | CA7: After #10
N8: 100 | O8: 71.04579 | P8: 70.94195 | Q8: 71.30079 | R8: 71.60356 | S8: 71.15867 | T8: 71.96893 | U8: 71.40908 | V8: 71.25582 | W8: 70.80068 | X8: 71.09201 | Y8: 70.81856 | Z8: 70.41993 | AA8: 70.50178 | AB8: 70.93568 | AC8: 71.3133 | AD8: 71.33403 | AE8: 70.2626 | AF8: 71.40004 | AG8: 70.78868 | AH8: 69.99507 | AJ8: 100 | AK8: 13.5245 | AL8: 11.04534 | AM8: 14.01858 | AN8: 8.18728 | AO8: 7.80411 | AP8: 8.14932 | AQ8: 10.41388 | AR8: 9.04632 | AS8: 11.52275 | AT8: 10.37716 | AU8: 8.26637 | AV8: 9.33541 | AW8: 9.57488 | AX8: 8.18378 | AY8: 9.65179 | AZ8: 9.90636 | BA8: 9.87239 | BB8: 8.39696 | BC8: 9.20609 | BD8: 9.87239 | BG8: 100 | BH8: 6.3981 | BI8: 6.53555 | BJ8: 6.55419 | BK8: 6.34472 | BL8: 6.56044 | BM8: 6.52397 | BN8: 6.16583 | BO8: 6.42406 | BP8: 6.67514 | BQ8: 6.65834 | BR8: 6.672 | BS8: 6.41991 | BT8: 7.15076 | BU8: 6.19809 | BV8: 6.37935 | BW8: 6.31807 | BX8: 6.88938 | BY8: 6.38444 | BZ8: 6.49177 | CA8: 6.3544
N9: 106 | O9: 71.3489 | P9: 70.87724 | Q9: 71.75056 | R9: 71.69756 | S9: 71.62861 | T9: 71.83685 | U9: 71.90904 | V9: 71.22788 | W9: 71.26219 | X9: 70.92893 | Y9: 71.27552 | Z9: 70.80337 | AA9: 70.92137 | AB9: 71.52873 | AC9: 71.81852 | AD9: 70.89693 | AE9: 70.7894 | AF9: 71.52335 | AG9: 71.3312 | AH9: 69.95068 | AJ9: 106 | AK9: 13.48678 | AL9: 11.00913 | AM9: 13.57616 | AN9: 8.11254 | AO9: 7.7611 | AP9: 8.38106 | AQ9: 10.25395 | AR9: 8.89678 | AS9: 11.39859 | AT9: 10.21799 | AU9: 8.17989 | AV9: 9.09107 | AW9: 9.42753 | AX9: 8.25988 | AY9: 9.61208 | AZ9: 9.78479 | BA9: 9.74291 | BB9: 8.29716 | BC9: 9.08926 | BD9: 9.74291 | BG9: 106 | BH9: 6.47484 | BI9: 6.6099 | BJ9: 6.64126 | BK9: 6.4296 | BL9: 6.64199 | BM9: 6.60205 | BN9: 6.25377 | BO9: 6.52449 | BP9: 6.7449 | BQ9: 6.97614 | BR9: 6.72036 | BS9: 6.51557 | BT9: 7.16965 | BU9: 6.28877 | BV9: 6.4456 | BW9: 6.40527 | BX9: 6.95091 | BY9: 6.46606 | BZ9: 6.90385 | CA9: 6.43123
N10: 112 | O10: 71.88348 | P10: 71.15505 | Q10: 72.25202 | R10: 71.89248 | S10: 72.17923 | T10: 72.08724 | U10: 72.41999 | V10: 71.52241 | W10: 71.76806 | X10: 71.2582 | Y10: 71.79716 | Z10: 71.19943 | AA10: 71.44828 | AB10: 72.09108 | AC10: 72.30137 | AD10: 70.89599 | AE10: 71.34982 | AF10: 71.84641 | AG10: 71.84234 | AH10: 70.4965 | AJ10: 112 | AK10: 13.20991 | AL10: 11.01544 | AM10: 13.29645 | AN10: 8.07084 | AO10: 7.66394 | AP10: 8.53291 | AQ10: 10.1132 | AR10: 8.77832 | AS10: 11.2989 | AT10: 10.08145 | AU10: 8.08086 | AV10: 8.95878 | AW10: 9.33553 | AX10: 8.30347 | AY10: 9.58004 | AZ10: 9.68191 | BA10: 9.58852 | BB10: 8.21682 | BC10: 8.96668 | BD10: 9.58852 | BG10: 112 | BH10: 6.52475 | BI10: 6.6673 | BJ10: 6.66663 | BK10: 6.49453 | BL10: 6.64342 | BM10: 6.66331 | BN10: 6.32207 | BO10: 6.54946 | BP10: 6.80069 | BQ10: 6.97924 | BR10: 6.68935 | BS10: 6.58172 | BT10: 7.20499 | BU10: 6.35805 | BV10: 6.51046 | BW10: 6.47079 | BX10: 7.01599 | BY10: 6.5299 | BZ10: 6.84226 | CA10: 6.49315
N11: 118 | O11: 72.80152 | P11: 71.66463 | Q11: 73.16418 | R11: 72.19191 | S11: 73.0928 | T11: 72.50345 | U11: 73.3234 | V11: 71.98801 | W11: 72.68018 | X11: 71.81588 | Y11: 72.72462 | Z11: 71.90911 | AA11: 72.40752 | AB11: 72.82789 | AC11: 73.2004 | AD11: 71.51388 | AE11: 72.27508 | AF11: 72.41735 | AG11: 72.71819 | AH11: 71.05792 | AJ11: 118 | AK11: 13.01706 | AL11: 10.89439 | AM11: 13.04248 | AN11: 7.99829 | AO11: 7.56148 | AP11: 8.557 | AQ11: 9.98068 | AR11: 8.66412 | AS11: 11.18099 | AT11: 9.97982 | AU11: 7.99625 | AV11: 8.84255 | AW11: 9.22035 | AX11: 8.35367 | AY11: 9.48099 | AZ11: 9.6281 | BA11: 9.4868 | BB11: 8.12806 | BC11: 8.84893 | BD11: 9.4868 | BG11: 118 | BH11: 6.57458 | BI11: 6.71443 | BJ11: 6.72112 | BK11: 6.54883 | BL11: 6.70165 | BM11: 6.7146 | BN11: 6.37676 | BO11: 6.60027 | BP11: 6.8495 | BQ11: 7.00822 | BR11: 6.73125 | BS11: 6.63482 | BT11: 7.2821 | BU11: 6.41538 | BV11: 6.56297 | BW11: 6.52449 | BX11: 7.06446 | BY11: 6.58198 | BZ11: 6.86945 | CA11: 6.54326
N12: 125 | O12: 73.84113 | P12: 72.5075 | Q12: 74.16191 | R12: 72.88961 | S12: 74.10543 | T12: 72.9635 | U12: 74.3175 | V12: 72.63481 | W12: 73.66263 | X12: 72.45161 | Y12: 73.70554 | Z12: 72.79216 | AA12: 73.39256 | AB12: 73.51042 | AC12: 74.16551 | AD12: 72.27749 | AE12: 73.33287 | AF12: 72.98566 | AG12: 73.78503 | AH12: 71.91235 | AJ12: 125 | AK12: 12.81276 | AL12: 10.76217 | AM12: 12.77218 | AN12: 7.90053 | AO12: 7.4963 | AP12: 8.57306 | AQ12: 9.83918 | AR12: 8.57093 | AS12: 11.06839 | AT12: 9.86135 | AU12: 7.91243 | AV12: 8.72037 | AW12: 9.15355 | AX12: 8.42032 | AY12: 9.37628 | AZ12: 9.58993 | BA12: 9.37446 | BB12: 8.06598 | BC12: 8.72936 | BD12: 9.37446 | BG12: 125 | BH12: 6.62918 | BI12: 6.76165 | BJ12: 6.77385 | BK12: 6.60282 | BL12: 6.75134 | BM12: 6.76257 | BN12: 6.42998 | BO12: 6.60954 | BP12: 6.89939 | BQ12: 7.02043 | BR12: 6.77773 | BS12: 6.68895 | BT12: 7.33669 | BU12: 6.47144 | BV12: 6.61235 | BW12: 6.57658 | BX12: 7.11589 | BY12: 6.63452 | BZ12: 6.90889 | CA12: 6.59512
N13: 132 | O13: 74.98666 | P13: 73.43502 | Q13: 75.27688 | R13: 73.92531 | S13: 75.23169 | T13: 73.80203 | U13: 75.43148 | V13: 73.64448 | W13: 74.79505 | X13: 73.31178 | Y13: 74.79541 | Z13: 73.78305 | AA13: 74.52578 | AB13: 74.40554 | AC13: 75.24359 | AD13: 73.20415 | AE13: 74.56542 | AF13: 73.85745 | AG13: 74.95856 | AH13: 73.51303 | AJ13: 132 | AK13: 12.38163 | AL13: 10.78775 | AM13: 11.95421 | AN13: 7.76583 | AO13: 7.40708 | AP13: 8.69149 | AQ13: 9.58097 | AR13: 8.39612 | AS13: 10.98008 | AT13: 9.64342 | AU13: 7.71431 | AV13: 8.47013 | AW13: 9.08978 | AX13: 8.43052 | AY13: 9.14064 | AZ13: 9.6108 | BA13: 9.22248 | BB13: 7.94193 | BC13: 8.56732 | BD13: 9.22248 | BG13: 132 | BH13: 6.67128 | BI13: 6.80159 | BJ13: 6.79375 | BK13: 6.64762 | BL13: 6.79479 | BM13: 6.80315 | BN13: 6.47531 | BO13: 6.6402 | BP13: 6.94073 | BQ13: 7.03287 | BR13: 6.81845 | BS13: 6.73371 | BT13: 7.33528 | BU13: 6.51748 | BV13: 6.65568 | BW13: 6.61953 | BX13: 7.15642 | BY13: 6.67806 | BZ13: 6.93843 | CA13: 6.63838
N14: 140 | O14: 76.35282 | P14: 74.81158 | Q14: 76.53795 | R14: 75.03559 | S14: 76.44561 | T14: 75.04468 | U14: 76.64983 | V14: 74.85498 | W14: 76.00284 | X14: 74.52606 | Y14: 76.0354 | Z14: 74.71787 | AA14: 75.8015 | AB14: 75.32642 | AC14: 76.42459 | AD14: 74.73843 | AE14: 75.82908 | AF14: 74.91863 | AG14: 76.18123 | AH14: 74.91132 | AJ14: 140 | AK14: 12.14647 | AL14: 10.79471 | AM14: 11.59191 | AN14: 7.64152 | AO14: 7.34133 | AP14: 8.84334 | AQ14: 9.32578 | AR14: 8.25626 | AS14: 10.79782 | AT14: 9.43661 | AU14: 7.56723 | AV14: 8.28929 | AW14: 8.89559 | AX14: 8.37771 | AY14: 8.97029 | AZ14: 9.66092 | BA14: 9.08254 | BB14: 7.80147 | BC14: 8.39729 | BD14: 9.08254 | BG14: 140 | BH14: 6.67424 | BI14: 6.83973 | BJ14: 6.82487 | BK14: 6.69091 | BL14: 6.83497 | BM14: 6.84524 | BN14: 6.51821 | BO14: 6.68013 | BP14: 6.97857 | BQ14: 7.07155 | BR14: 6.85599 | BS14: 6.77763 | BT14: 7.41721 | BU14: 6.56229 | BV14: 6.79305 | BW14: 6.66142 | BX14: 7.20506 | BY14: 6.72042 | BZ14: 6.96719 | CA14: 6.67823
N15: 150 | O15: 77.63683 | P15: 76.13376 | Q15: 77.79422 | R15: 76.33248 | S15: 77.66377 | T15: 76.18895 | U15: 77.91468 | V15: 76.0856 | W15: 77.24447 | X15: 75.71115 | Y15: 77.27884 | Z15: 75.8701 | AA15: 77.06016 | AB15: 76.37342 | AC15: 77.69101 | AD15: 76.20334 | AE15: 77.12982 | AF15: 76.07701 | AG15: 77.48355 | AH15: 76.22465 | AJ15: 150 | AK15: 11.86267 | AL15: 10.63772 | AM15: 11.27463 | AN15: 7.5744 | AO15: 7.22315 | AP15: 8.94233 | AQ15: 9.1015 | AR15: 8.08558 | AS15: 10.50579 | AT15: 9.24907 | AU15: 7.45632 | AV15: 8.17794 | AW15: 8.70793 | AX15: 8.2706 | AY15: 8.98107 | AZ15: 9.83144 | BA15: 8.94192 | BB15: 7.71429 | BC15: 8.22833 | BD15: 8.94192 | BG15: 150 | BH15: 6.7149 | BI15: 6.87899 | BJ15: 6.87123 | BK15: 6.73786 | BL15: 6.87485 | BM15: 6.88739 | BN15: 6.56493 | BO15: 6.72322 | BP15: 7.02354 | BQ15: 7.11016 | BR15: 6.89636 | BS15: 6.8224 | BT15: 7.46838 | BU15: 6.60939 | BV15: 6.83728 | BW15: 6.70681 | BX15: 7.25558 | BY15: 6.7639 | BZ15: 7.00325 | CA15: 6.72221
N16: 160 | O16: 78.91927 | P16: 77.4465 | Q16: 79.04955 | R16: 77.68986 | S16: 78.90308 | T16: 77.46805 | U16: 79.19942 | V16: 77.34485 | W16: 78.53053 | X16: 76.94591 | Y16: 78.54352 | Z16: 77.13705 | AA16: 78.31239 | AB16: 77.57507 | AC16: 78.9991 | AD16: 77.49018 | AE16: 78.45862 | AF16: 77.31819 | AG16: 78.80176 | AH16: 77.49751 | AJ16: 160 | AK16: 11.1804 | AL16: 10.23446 | AM16: 10.93216 | AN16: 7.61053 | AO16: 7.17092 | AP16: 8.91892 | AQ16: 8.90278 | AR16: 7.96574 | AS16: 10.32022 | AT16: 9.13768 | AU16: 7.41385 | AV16: 8.06907 | AW16: 8.61429 | AX16: 8.32421 | AY16: 8.87192 | AZ16: 9.32623 | BA16: 8.73172 | BB16: 7.65303 | BC16: 8.15124 | BD16: 8.73172 | BG16: 160 | BH16: 6.7579 | BI16: 6.91212 | BJ16: 6.93293 | BK16: 6.77744 | BL16: 6.91163 | BM16: 6.92543 | BN16: 6.60448 | BO16: 6.76413 | BP16: 7.05734 | BQ16: 7.1468 | BR16: 6.93129 | BS16: 6.86015 | BT16: 7.49162 | BU16: 6.64868 | BV16: 6.84514 | BW16: 6.74521 | BX16: 7.2871 | BY16: 6.80002 | BZ16: 7.0391 | CA16: 6.75901
N17: 170 | O17: 80.21963 | P17: 78.77479 | Q17: 80.36069 | R17: 78.94647 | S17: 80.18525 | T17: 78.7263 | U17: 80.50078 | V17: 78.6505 | W17: 79.88182 | X17: 78.22046 | Y17: 79.82192 | Z17: 78.36828 | AA17: 79.57993 | AB17: 78.90291 | AC17: 80.28713 | AD17: 78.68208 | AE17: 79.74639 | AF17: 78.67717 | AG17: 80.09232 | AH17: 78.79286 | AJ17: 170 | AK17: 10.94056 | AL17: 10.11473 | AM17: 10.75563 | AN17: 7.64625 | AO17: 7.17068 | AP17: 8.93583 | AQ17: 8.76854 | AR17: 7.9413 | AS17: 10.18754 | AT17: 9.1153 | AU17: 7.36198 | AV17: 8.0561 | AW17: 8.57221 | AX17: 8.38039 | AY17: 8.75698 | AZ17: 9.08 | BA17: 8.69963 | BB17: 7.61082 | BC17: 8.11325 | BD17: 8.69963 | BG17: 170 | BH17: 6.78507 | BI17: 6.94014 | BJ17: 6.95792 | BK17: 6.80999 | BL17: 6.94189 | BM17: 6.95672 | BN17: 6.63675 | BO17: 6.79257 | BP17: 7.08296 | BQ17: 7.16474 | BR17: 6.95821 | BS17: 6.89297 | BT17: 7.52508 | BU17: 6.68227 | BV17: 6.83264 | BW17: 6.77774 | BX17: 7.32172 | BY17: 6.83053 | BZ17: 7.0726 | CA17: 6.79046
N18: 180 | O18: 81.5625 | P18: 80.02613 | Q18: 81.70797 | R18: 80.20301 | S18: 81.50842 | T18: 79.88524 | U18: 81.78876 | V18: 79.96525 | W18: 81.22764 | X18: 79.4985 | Y18: 81.1471 | Z18: 79.528 | AA18: 80.82675 | AB18: 80.20983 | AC18: 81.51608 | AD18: 79.89139 | AE18: 80.96357 | AF18: 79.92113 | AG18: 81.35056 | AH18: 80.05231 | AJ18: 180 | AK18: 10.69602 | AL18: 10.05774 | AM18: 10.709 | AN18: 7.75506 | AO18: 7.23487 | AP18: 8.93259 | AQ18: 8.72745 | AR18: 7.96922 | AS18: 10.15427 | AT18: 9.1555 | AU18: 7.38289 | AV18: 8.15723 | AW18: 8.61177 | AX18: 8.39129 | AY18: 8.73315 | AZ18: 9.10302 | BA18: 8.72905 | BB18: 7.6597 | BC18: 8.16307 | BD18: 8.72905 | BG18: 180 | BH18: 6.81132 | BI18: 6.9651 | BJ18: 6.96051 | BK18: 6.8384 | BL18: 6.97042 | BM18: 6.98497 | BN18: 6.66527 | BO18: 6.80599 | BP18: 7.10679 | BQ18: 7.15835 | BR18: 6.98194 | BS18: 6.92082 | BT18: 7.57564 | BU18: 6.71153 | BV18: 6.85091 | BW18: 6.80538 | BX18: 7.34175 | BY18: 6.85747 | BZ18: 7.11094 | CA18: 6.81668
L19: Limit | N19: 190 | O19: 82.7877 | P19: 81.24317 | Q19: 82.92399 | R19: 81.51946 | S19: 82.74314 | T19: 81.12644 | U19: 83.02865 | V19: 81.27173 | W19: 82.47082 | X19: 80.85535 | Y19: 82.35702 | Z19: 80.85173 | AA19: 82.0816 | AB19: 81.48598 | AC19: 82.75242 | AD19: 81.15233 | AE19: 82.19129 | AF19: 81.20853 | AG19: 82.57032 | AH19: 81.37903 | AJ19: 190 | AK19: 10.67074 | AL19: 10.06992 | AM19: 10.71148 | AN19: 7.93303 | AO19: 7.39432 | AP19: 9.04982 | AQ19: 8.77623 | AR19: 8.06531 | AS19: 10.2015 | AT19: 9.27538 | AU19: 7.48104 | AV19: 8.29818 | AW19: 8.69636 | AX19: 8.46803 | AY19: 8.77146 | AZ19: 9.19652 | BA19: 8.85626 | BB19: 7.76963 | BC19: 8.3099 | BD19: 8.85626 | BG19: 190 | BH19: 6.83569 | BI19: 6.98619 | BJ19: 6.9804 | BK19: 6.86335 | BL19: 6.99367 | BM19: 7.0095 | BN19: 6.69031 | BO19: 6.7818 | BP19: 7.13023 | BQ19: 7.1762 | BR19: 7.0032 | BS19: 6.94463 | BT19: 7.49764 | BU19: 6.73777 | BV19: 6.87096 | BW19: 6.82955 | BX19: 7.36611 | BY19: 6.88201 | BZ19: 7.12875 | CA19: 6.84094
K20: 100 | L20: 25 | N20: 200 | O20: 83.95513 | P20: 82.40517 | Q20: 84.09646 | R20: 82.70301 | S20: 83.91592 | T20: 82.32415 | U20: 84.1872 | V20: 82.48174 | W20: 83.64232 | X20: 82.10042 | Y20: 83.51217 | Z20: 82.04577 | AA20: 83.281 | AB20: 82.70842 | AC20: 83.90881 | AD20: 82.37003 | AE20: 83.33245 | AF20: 82.40643 | AG20: 83.72788 | AH20: 82.57704 | AJ20: 200 | AK20: 10.73141 | AL20: 10.2588 | AM20: 10.81822 | AN20: 8.2197 | AO20: 7.61027 | AP20: 9.30832 | AQ20: 8.92308 | AR20: 8.26667 | AS20: 10.33714 | AT20: 9.46762 | AU20: 7.65072 | AV20: 8.51193 | AW20: 8.86146 | AX20: 8.58791 | AY20: 8.92706 | AZ20: 9.3349 | BA20: 9.02807 | BB20: 7.94042 | BC20: 8.55028 | BD20: 9.02807 | BG20: 200 | BH20: 6.86325 | BI20: 7.00474 | BJ20: 7.00336 | BK20: 6.88497 | BL20: 7.01633 | BM20: 7.0303 | BN20: 6.71213 | BO20: 6.78863 | BP20: 7.15137 | BQ20: 7.16831 | BR20: 7.02229 | BS20: 6.96821 | BT20: 7.50476 | BU20: 6.76126 | BV20: 6.88786 | BW20: 6.85075 | BX20: 7.38608 | BY20: 6.90363 | BZ20: 7.15994 | CA20: 6.86321
K21: 200 | L21: 22 | N21: 212 | O21: 85.07871 | P21: 83.55513 | Q21: 85.21271 | R21: 83.85103 | S21: 85.03484 | T21: 83.48088 | U21: 85.28615 | V21: 83.68324 | W21: 84.73852 | X21: 83.29201 | Y21: 84.62461 | Z21: 83.16239 | AA21: 84.43666 | AB21: 83.86028 | AC21: 85.00784 | AD21: 83.51873 | AE21: 84.4277 | AF21: 83.56202 | AG21: 84.82705 | AH21: 83.71805 | AJ21: 212 | AK21: 10.92781 | AL21: 10.58476 | AM21: 11.11912 | AN21: 8.72429 | AO21: 7.95203 | AP21: 9.7155 | AQ21: 9.21832 | AR21: 8.57387 | AS21: 10.59471 | AT21: 9.84926 | AU21: 7.94295 | AV21: 8.88388 | AW21: 9.10001 | AX21: 8.83847 | AY21: 9.21187 | AZ21: 9.57309 | BA21: 9.36559 | BB21: 8.22093 | BC21: 8.96135 | BD21: 9.36559 | BG21: 212 | BH21: 6.87938 | BI21: 7.02581 | BJ21: 7.02595 | BK21: 6.90708 | BL21: 7.03987 | BM21: 7.05288 | BN21: 6.73471 | BO21: 6.83168 | BP21: 7.17358 | BQ21: 7.04464 | BR21: 7.04323 | BS21: 6.99201 | BT21: 7.51785 | BU21: 6.78563 | BV21: 6.90848 | BW21: 6.87351 | BX21: 7.41646 | BY21: 6.92618 | BZ21: 7.16281 | CA21: 6.88671
K22: 300 | L22: 26 | N22: 224 | O22: 86.14128 | P22: 84.63721 | Q22: 86.27266 | R22: 84.97101 | S22: 86.09568 | T22: 84.62949 | U22: 86.34999 | V22: 84.81302 | W22: 85.77784 | X22: 84.46595 | Y22: 85.6968 | Z22: 84.30462 | AA22: 85.55917 | AB22: 84.98414 | AC22: 86.08362 | AD22: 84.66253 | AE22: 85.50634 | AF22: 84.66489 | AG22: 85.90333 | AH22: 84.81233 | AJ22: 224 | AK22: 11.2085 | AL22: 10.95532 | AM22: 11.47286 | AN22: 9.27008 | AO22: 8.35441 | AP22: 10.23646 | AQ22: 9.60784 | AR22: 8.92684 | AS22: 10.91964 | AT22: 10.29501 | AU22: 8.3175 | AV22: 9.29529 | AW22: 9.40528 | AX22: 9.26248 | AY22: 9.58404 | AZ22: 9.92485 | BA22: 9.76122 | BB22: 8.59824 | BC22: 9.40767 | BD22: 9.76122 | BG22: 224 | BH22: 6.90082 | BI22: 7.04307 | BJ22: 7.04975 | BK22: 6.92635 | BL22: 7.06211 | BM22: 7.07217 | BN22: 6.75689 | BO22: 6.82945 | BP22: 7.1938 | BQ22: 7.05841 | BR22: 7.06351 | BS22: 7.01141 | BT22: 7.45191 | BU22: 6.80665 | BV22: 6.92853 | BW22: 6.89451 | BX22: 7.42348 | BY22: 6.94669 | BZ22: 7.18144 | CA22: 6.90804
K23: 500 | L23: 21 | N23: 236 | O23: 87.13716 | P23: 85.72739 | Q23: 87.2665 | R23: 86.06766 | S23: 87.08522 | T23: 85.78825 | U23: 87.36776 | V23: 85.88716 | W23: 86.76313 | X23: 85.59004 | Y23: 86.70127 | Z23: 85.42779 | AA23: 86.62296 | AB23: 86.07725 | AC23: 87.12091 | AD23: 85.79295 | AE23: 86.55639 | AF23: 85.74632 | AG23: 86.94866 | AH23: 85.90572 | AJ23: 236 | AK23: 11.44181 | AL23: 11.31519 | AM23: 11.81875 | AN23: 9.812 | AO23: 8.75378 | AP23: 10.75723 | AQ23: 9.9938 | AR23: 9.29082 | AS23: 11.27268 | AT23: 10.74059 | AU23: 8.69519 | AV23: 9.70367 | AW23: 9.7817 | AX23: 9.69678 | AY23: 9.94141 | AZ23: 10.28913 | BA23: 10.16093 | BB23: 8.9964 | BC23: 9.86669 | BD23: 10.16093 | BG23: 236 | BH23: 6.91915 | BI23: 7.05895 | BJ23: 7.06657 | BK23: 6.94526 | BL23: 7.07997 | BM23: 7.09032 | BN23: 6.77645 | BO23: 6.84659 | BP23: 7.20903 | BQ23: 7.07789 | BR23: 7.08032 | BS23: 7.0303 | BT23: 7.47278 | BU23: 6.8256 | BV23: 6.94647 | BW23: 6.91348 | BX23: 7.43797 | BY23: 6.96456 | BZ23: 7.18936 | CA23: 6.9265
K24: 1000 | L24: 8 | N24: 250 | O24: 88.14229 | P24: 86.77807 | Q24: 88.28253 | R24: 87.08589 | S24: 88.09451 | T24: 86.83216 | U24: 88.36891 | V24: 86.87855 | W24: 87.77239 | X24: 86.61409 | Y24: 87.71197 | Z24: 86.44815 | AA24: 87.63967 | AB24: 87.10515 | AC24: 88.12376 | AD24: 86.82794 | AE24: 87.56309 | AF24: 86.7744 | AG24: 87.97454 | AH24: 86.91767 | AJ24: 250 | AK24: 11.78614 | AL24: 11.76713 | AM24: 12.25166 | AN24: 10.31806 | AO24: 9.19094 | AP24: 11.22069 | AQ24: 10.3985 | AR24: 9.71642 | AS24: 11.67265 | AT24: 11.20712 | AU24: 9.10686 | AV24: 10.14989 | AW24: 10.16179 | AX24: 10.09394 | AY24: 10.31833 | AZ24: 10.65313 | BA24: 10.58743 | BB24: 9.41074 | BC24: 10.34417 | BD24: 10.58743 | BG24: 250 | BH24: 6.93835 | BI24: 7.07649 | BJ24: 7.08377 | BK24: 6.96573 | BL24: 7.09929 | BM24: 7.1089 | BN24: 6.79603 | BO24: 6.8648 | BP24: 7.2282 | BQ24: 7.0957 | BR24: 7.09618 | BS24: 7.05124 | BT24: 7.45674 | BU24: 6.84583 | BV24: 6.96522 | BW24: 6.93269 | BX24: 7.45959 | BY24: 6.98342 | BZ24: 7.21766 | CA24: 6.94596
K25: 2000 | L25: 3 | N25: 265 | O25: 89.27727 | P25: 87.91047 | Q25: 89.42239 | R25: 88.20744 | S25: 89.23071 | T25: 87.97296 | U25: 89.49668 | V25: 88.01389 | W25: 88.91133 | X25: 87.75208 | Y25: 88.84825 | Z25: 87.58712 | AA25: 88.77426 | AB25: 88.22997 | AC25: 89.25198 | AD25: 87.94876 | AE25: 88.70766 | AF25: 87.90423 | AG25: 89.10581 | AH25: 88.02817 | AJ25: 265 | AK25: 12.22103 | AL25: 12.17629 | AM25: 12.73456 | AN25: 10.69561 | AO25: 9.61614 | AP25: 11.49778 | AQ25: 10.78613 | AR25: 10.1908 | AS25: 12.13864 | AT25: 11.68425 | AU25: 9.51844 | AV25: 10.5383 | AW25: 10.59385 | AX25: 10.46165 | AY25: 10.71629 | AZ25: 11.05243 | BA25: 11.02981 | BB25: 9.85599 | BC25: 10.78067 | BD25: 11.02981 | BG25: 265 | BH25: 6.95854 | BI25: 7.09326 | BJ25: 7.10074 | BK25: 6.98544 | BL25: 7.1203 | BM25: 7.12852 | BN25: 6.81665 | BO25: 6.88475 | BP25: 7.2469 | BQ25: 7.11535 | BR25: 7.11303 | BS25: 7.0725 | BT25: 7.53169 | BU25: 6.86472 | BV25: 6.98373 | BW25: 6.95216 | BX25: 7.45917 | BY25: 7.00196 | BZ25: 7.24203 | CA25: 6.9647
K26: 3000 | L26: 3 | N26: 280 | O26: 90.42345 | P26: 89.0436 | Q26: 90.57133 | R26: 89.33906 | S26: 90.37705 | T26: 89.1175 | U26: 90.63759 | V26: 89.14713 | W26: 90.06028 | X26: 88.90298 | Y26: 89.98957 | Z26: 88.72945 | AA26: 89.91747 | AB26: 89.37651 | AC26: 90.39144 | AD26: 89.09189 | AE26: 89.85569 | AF26: 89.02889 | AG26: 90.24049 | AH26: 89.18075 | AJ26: 280 | AK26: 12.52748 | AL26: 12.5365 | AM26: 13.12259 | AN26: 10.92488 | AO26: 9.95405 | AP26: 11.66604 | AQ26: 11.04843 | AR26: 10.62379 | AS26: 12.52017 | AT26: 12.11008 | AU26: 9.88283 | AV26: 10.85377 | AW26: 11.01471 | AX26: 10.67207 | AY26: 11.06904 | AZ26: 11.43503 | BA26: 11.45485 | BB26: 10.27481 | BC26: 11.13618 | BD26: 11.45485 | BG26: 280 | BH26: 6.98702 | BI26: 7.11009 | BJ26: 7.11802 | BK26: 7.0028 | BL26: 7.13661 | BM26: 7.14801 | BN26: 6.83485 | BO26: 6.90194 | BP26: 7.26269 | BQ26: 7.1319 | BR26: 7.12902 | BS26: 7.09455 | BT26: 7.53319 | BU26: 6.88379 | BV26: 7.00165 | BW26: 6.97006 | BX26: 7.49371 | BY26: 7.01975 | BZ26: 7.26225 | CA26: 6.98228
K27: 4000 | L27: 3 | N27: 300 | O27: 91.60714 | P27: 90.2528 | Q27: 91.7605 | R27: 90.53597 | S27: 91.56769 | T27: 90.30744 | U27: 91.82019 | V27: 90.34014 | W27: 91.24664 | X27: 90.0872 | Y27: 91.17221 | Z27: 89.91292 | AA27: 91.09628 | AB27: 90.56382 | AC27: 91.572 | AD27: 90.28175 | AE27: 91.04176 | AF27: 90.2344 | AG27: 91.42614 | AH27: 90.38177 | AJ27: 300 | AK27: 12.80841 | AL27: 12.90598 | AM27: 13.53928 | AN27: 11.04243 | AO27: 10.29682 | AP27: 11.61575 | AQ27: 11.1544 | AR27: 11.12577 | AS27: 12.91797 | AT27: 12.55214 | AU27: 10.25709 | AV27: 11.17021 | AW27: 11.56697 | AX27: 10.73218 | AY27: 11.44415 | AZ27: 11.86911 | BA27: 12.00604 | BB27: 10.76506 | BC27: 11.49391 | BD27: 12.00604 | BG27: 300 | BH27: 7.009 | BI27: 7.12956 | BJ27: 7.13877 | BK27: 7.0263 | BL27: 7.15933 | BM27: 7.17488 | BN27: 6.85805 | BO27: 6.92428 | BP27: 7.28358 | BQ27: 7.15211 | BR27: 7.14955 | BS27: 7.11956 | BT27: 7.55266 | BU27: 6.90669 | BV27: 7.02379 | BW27: 6.99279 | BX27: 7.49731 | BY27: 7.04152 | BZ27: 7.28368 | CA27: 7.00473
K28: 5000 | L28: 5 | N28: 315 | O28: 92.80467 | P28: 91.45896 | Q28: 92.95741 | R28: 91.73954 | S28: 92.77102 | T28: 91.51307 | U28: 93.01661 | V28: 91.54569 | W28: 92.44666 | X28: 91.30655 | Y28: 92.36765 | Z28: 91.11557 | AA28: 92.31669 | AB28: 91.76618 | AC28: 92.76935 | AD28: 91.4777 | AE28: 92.24174 | AF28: 91.44234 | AG28: 92.62555 | AH28: 91.58743 | AJ28: 315 | AK28: 12.98319 | AL28: 13.12132 | AM28: 13.84212 | AN28: 11.05432 | AO28: 10.52246 | AP28: 11.38687 | AQ28: 11.08098 | AR28: 11.48902 | AS28: 13.16464 | AT28: 12.82607 | AU28: 10.4957 | AV28: 11.36732 | AW28: 12.00866 | AX28: 10.62654 | AY28: 11.70663 | AZ28: 12.15153 | BA28: 12.41758 | BB28: 11.12192 | BC28: 11.70669 | BD28: 12.41758 | BG28: 315 | BH28: 7.01352 | BI28: 7.14517 | BJ28: 7.15554 | BK28: 7.04302 | BL28: 7.1707 | BM28: 7.19085 | BN28: 6.87494 | BO28: 6.94129 | BP28: 7.29817 | BQ28: 7.16701 | BR28: 7.16248 | BS28: 7.14109 | BT28: 7.56652 | BU28: 6.92252 | BV28: 7.03964 | BW28: 7.00956 | BX28: 7.51239 | BY28: 7.05711 | BZ28: 7.30888 | CA28: 7.02137
K29: 9000 | L29: 5 | N29: 335 | O29: 93.99975 | P29: 92.66411 | Q29: 94.15588 | R29: 92.94621 | S29: 93.97092 | T29: 92.72116 | U29: 94.21505 | V29: 92.77127 | W29: 93.64432 | X29: 92.52407 | Y29: 93.56851 | Z29: 92.35191 | AA29: 93.53542 | AB29: 92.98055 | AC29: 93.96753 | AD29: 92.68366 | AE29: 93.44521 | AF29: 92.65065 | AG29: 93.82048 | AH29: 92.7993 | AJ29: 335 | AK29: 13.1627 | AL29: 13.32058 | AM29: 14.24392 | AN29: 11.01817 | AO29: 10.84709 | AP29: 10.87056 | AQ29: 10.78506 | AR29: 11.92297 | AS29: 13.46018 | AT29: 13.1204 | AU29: 10.77966 | AV29: 11.61298 | AW29: 12.64922 | AX29: 10.34545 | AY29: 12.03899 | AZ29: 12.50408 | BA29: 12.99499 | BB29: 11.63393 | BC29: 11.932 | BD29: 12.99499 | BG29: 335 | BH29: 7.04665 | BI29: 7.16311 | BJ29: 7.17296 | BK29: 7.06349 | BL29: 7.19277 | BM29: 7.21075 | BN29: 6.89522 | BO29: 6.96318 | BP29: 7.3203 | BQ29: 7.18612 | BR29: 7.18047 | BS29: 7.15613 | BT29: 7.58323 | BU29: 6.94369 | BV29: 7.05932 | BW29: 7.02995 | BX29: 7.52705 | BY29: 7.07646 | BZ29: 7.31075 | CA29: 7.04164
K30: 10000 | L30: 2 | N30: 355 | O30: 95.18841 | P30: 93.89475 | Q30: 95.34895 | R30: 94.17087 | S30: 95.16471 | T30: 93.94615 | U30: 95.41056 | V30: 93.99233 | W30: 94.83527 | X30: 93.7183 | Y30: 94.76406 | Z30: 93.56638 | AA30: 94.75066 | AB30: 94.20066 | AC30: 95.16064 | AD30: 93.90593 | AE30: 94.64052 | AF30: 93.86882 | AG30: 95.01918 | AH30: 94.02409 | AJ30: 355 | AK30: 13.31889 | AL30: 13.44343 | AM30: 14.56196 | AN30: 10.8944 | AO30: 11.11525 | AP30: 10.26553 | AQ30: 10.34469 | AR30: 12.31123 | AS30: 13.67323 | AT30: 13.28356 | AU30: 11.02145 | AV30: 11.80904 | AW30: 13.27855 | AX30: 9.93251 | AY30: 12.34183 | AZ30: 12.79755 | BA30: 13.53274 | BB30: 12.1206 | BC30: 12.06433 | BD30: 13.53274 | BG30: 355 | BH30: 7.05653 | BI30: 7.1807 | BJ30: 7.19276 | BK30: 7.08411 | BL30: 7.21139 | BM30: 7.23126 | BN30: 6.91563 | BO30: 6.98289 | BP30: 7.33862 | BQ30: 7.20394 | BR30: 7.19804 | BS30: 7.17113 | BT30: 7.53552 | BU30: 6.96422 | BV30: 7.07786 | BW30: 7.04931 | BX30: 7.54455 | BY30: 7.09459 | BZ30: 7.336 | CA30: 7.0614
K31: 14000 | L31: 2 | N31: 375 | O31: 96.40564 | P31: 95.15084 | Q31: 96.5748 | R31: 95.4193 | S31: 96.39246 | T31: 95.19605 | U31: 96.63616 | V31: 95.23972 | W31: 96.05666 | X31: 94.96553 | Y31: 95.99271 | Z31: 94.87918 | AA31: 95.99444 | AB31: 95.44858 | AC31: 96.38131 | AD31: 95.14881 | AE31: 95.86575 | AF31: 95.11798 | AG31: 96.24521 | AH31: 95.26764 | AJ31: 375 | AK31: 13.42731 | AL31: 13.46241 | AM31: 14.77423 | AN31: 10.69234 | AO31: 11.32717 | AP31: 9.56227 | AQ31: 9.79928 | AR31: 12.62627 | AS31: 13.76658 | AT31: 13.32737 | AU31: 11.19561 | AV31: 11.93256 | AW31: 13.83165 | AX31: 9.4445 | AY31: 12.56945 | AZ31: 13.00474 | BA31: 13.98451 | BB31: 12.53995 | BC31: 12.10832 | BD31: 13.98451 | BG31: 375 | BH31: 7.08719 | BI31: 7.19956 | BJ31: 7.21139 | BK31: 7.1053 | BL31: 7.23164 | BM31: 7.25297 | BN31: 6.93584 | BO31: 7.00401 | BP31: 7.35834 | BQ31: 7.22217 | BR31: 7.21549 | BS31: 7.18908 | BT31: 7.55232 | BU31: 6.98372 | BV31: 7.097 | BW31: 7.06904 | BX31: 7.56245 | BY31: 7.11347 | BZ31: 7.35813 | CA31: 7.08169
N32: 400 | O32: 97.62324 | P32: 96.3856 | Q32: 97.79672 | R32: 96.64571 | S32: 97.61946 | T32: 96.43795 | U32: 97.85518 | V32: 96.47116 | W32: 97.27451 | X32: 96.20177 | Y32: 97.21683 | Z32: 96.16492 | AA32: 97.23209 | AB32: 96.68486 | AC32: 97.59704 | AD32: 96.37705 | AE32: 97.08691 | AF32: 96.34444 | AG32: 97.46496 | AH32: 96.50059 | AJ32: 400 | AK32: 13.48831 | AL32: 13.36381 | AM32: 14.89941 | AN32: 10.39579 | AO32: 11.52279 | AP32: 8.68806 | AQ32: 9.09802 | AR32: 12.9262 | AS32: 13.79309 | AT32: 13.26014 | AU32: 11.34098 | AV32: 11.99554 | AW32: 14.39006 | AX32: 8.84187 | AY32: 12.78994 | AZ32: 13.16588 | BA32: 14.41538 | BB32: 12.97027 | BC32: 12.07196 | BD32: 14.41538 | BG32: 400 | BH32: 7.11193 | BI32: 7.22379 | BJ32: 7.23749 | BK32: 7.13139 | BL32: 7.25821 | BM32: 7.27446 | BN32: 6.9616 | BO32: 7.0296 | BP32: 7.38379 | BQ32: 7.24519 | BR32: 7.23878 | BS32: 7.21353 | BT32: 7.57313 | BU32: 7.00787 | BV32: 7.12129 | BW32: 7.09356 | BX32: 7.58312 | BY32: 7.13831 | BZ32: 7.37728 | CA32: 7.10809
N33: 425 | O33: 98.83713 | P33: 97.61587 | Q33: 99.0174 | R33: 97.87117 | S33: 98.8462 | T33: 97.67943 | U33: 99.07156 | V33: 97.70177 | W33: 98.49005 | X33: 97.42546 | Y33: 98.43989 | Z33: 97.44824 | AA33: 98.45902 | AB33: 97.91867 | AC33: 98.80954 | AD33: 97.60231 | AE33: 98.30494 | AF33: 97.5687 | AG33: 98.68668 | AH33: 97.72977 | AJ33: 425 | AK33: 13.43562 | AL33: 13.19225 | AM33: 14.87047 | AN33: 10.13171 | AO33: 11.63428 | AP33: 7.93946 | AQ33: 8.4672 | AR33: 13.09398 | AS33: 13.74179 | AT33: 13.09397 | AU33: 11.40955 | AV33: 11.95509 | AW33: 14.78375 | AX33: 8.33687 | AY33: 12.92289 | AZ33: 13.2666 | BA33: 14.6607 | BB33: 13.26381 | BC33: 11.97303 | BD33: 14.6607 | BG33: 425 | BH33: 7.13699 | BI33: 7.24917 | BJ33: 7.26292 | BK33: 7.15864 | BL33: 7.2853 | BM33: 7.30143 | BN33: 6.98712 | BO33: 7.05359 | BP33: 7.4097 | BQ33: 7.2693 | BR33: 7.26257 | BS33: 7.23837 | BT33: 7.59405 | BU33: 7.03443 | BV33: 7.1459 | BW33: 7.11838 | BX33: 7.60604 | BY33: 7.16361 | BZ33: 7.41861 | CA33: 7.13408
N34: 450 | O34: 100.04216 | P34: 98.84197 | Q34: 100.23111 | R34: 99.09431 | S34: 100.06714 | T34: 98.91863 | U34: 100.28121 | V34: 98.92653 | W34: 99.69714 | X34: 98.64872 | Y34: 99.65636 | Z34: 98.71015 | AA34: 99.67933 | AB34: 99.14907 | AC34: 100.01518 | AD34: 98.82106 | AE34: 99.51313 | AF34: 98.78832 | AG34: 99.90354 | AH34: 98.95493 | AJ34: 450 | AK34: 13.31837 | AL34: 12.92836 | AM34: 14.69098 | AN34: 9.91396 | AO34: 11.65187 | AP34: 7.29086 | AQ34: 7.90561 | AR34: 13.10237 | AS34: 13.55446 | AT34: 12.82217 | AU34: 11.41216 | AV34: 11.80755 | AW34: 14.90777 | AX34: 7.91033 | AY34: 12.9361 | AZ34: 13.24719 | BA34: 14.69571 | BB34: 13.38322 | BC34: 11.81717 | BD34: 14.69571 | BG34: 450 | BH34: 7.15526 | BI34: 7.27661 | BJ34: 7.28912 | BK34: 7.18782 | BL34: 7.30875 | BM34: 7.32858 | BN34: 7.01409 | BO34: 7.08153 | BP34: 7.43515 | BQ34: 7.29406 | BR34: 7.28685 | BS34: 7.26619 | BT34: 7.61989 | BU34: 7.06239 | BV34: 7.1708 | BW34: 7.14514 | BX34: 7.62974 | BY34: 7.18979 | BZ34: 7.43625 | CA34: 7.16161
N35: 475 | O35: 101.27258 | P35: 100.09081 | Q35: 101.47198 | R35: 100.33951 | S35: 101.31694 | T35: 100.18263 | U35: 101.51927 | V35: 100.17435 | W35: 100.93259 | X35: 99.91184 | Y35: 100.90216 | Z35: 100.00641 | AA35: 100.93032 | AB35: 100.41062 | AC35: 101.24836 | AD35: 100.06571 | AE35: 100.74733 | AF35: 100.03277 | AG35: 101.14343 | AH35: 100.20538 | AJ35: 475 | AK35: 13.04981 | AL35: 12.5667 | AM35: 14.34958 | AN35: 9.71422 | AO35: 11.5767 | AP35: 6.77494 | AQ35: 7.41659 | AR35: 12.96399 | AS35: 13.25442 | AT35: 12.47608 | AU35: 11.3603 | AV35: 11.59037 | AW35: 14.80339 | AX35: 7.54208 | AY35: 12.8345 | AZ35: 13.09701 | BA35: 14.52993 | BB35: 13.33724 | BC35: 11.59054 | BD35: 14.52993 | BG35: 475 | BH35: 7.18362 | BI35: 7.30526 | BJ35: 7.31994 | BK35: 7.21964 | BL35: 7.3388 | BM35: 7.35778 | BN35: 7.04401 | BO35: 7.11238 | BP35: 7.45949 | BQ35: 7.32135 | BR35: 7.31486 | BS35: 7.29583 | BT35: 7.64592 | BU35: 7.09176 | BV35: 7.19867 | BW35: 7.17413 | BX35: 7.65872 | BY35: 7.2187 | BZ35: 7.45417 | CA35: 7.1921
N36: 500 | O36: 102.53003 | P36: 101.36563 | Q36: 102.73679 | R36: 101.61109 | S36: 102.59122 | T36: 101.47718 | U36: 102.78428 | V36: 101.45056 | W36: 102.19195 | X36: 101.18768 | Y36: 102.17307 | Z36: 101.28953 | AA36: 102.21509 | AB36: 101.70298 | AC36: 102.50909 | AD36: 101.3378 | AE36: 102.01281 | AF36: 101.29856 | AG36: 102.42254 | AH36: 101.48127 | AJ36: 500 | AK36: 12.68081 | AL36: 12.11326 | AM36: 13.87148 | AN36: 9.50489 | AO36: 11.39967 | AP36: 6.39258 | AQ36: 7.00242 | AR36: 12.69107 | AS36: 12.83734 | AT36: 12.04585 | AU36: 11.22606 | AV36: 11.31373 | AW36: 14.485 | AX36: 7.21732 | AY36: 12.59645 | AZ36: 12.80301 | BA36: 14.19761 | BB36: 13.13473 | BC36: 11.27564 | BD36: 14.19761 | BG36: 500 | BH36: 7.22481 | BI36: 7.33607 | BJ36: 7.35262 | BK36: 7.25543 | BL36: 7.37094 | BM36: 7.39078 | BN36: 7.07534 | BO36: 7.14606 | BP36: 7.49039 | BQ36: 7.35293 | BR36: 7.34331 | BS36: 7.32693 | BT36: 7.67374 | BU36: 7.12455 | BV36: 7.22819 | BW36: 7.20605 | BX36: 7.69153 | BY36: 7.25001 | BZ36: 7.48911 | CA36: 7.22484
N37: 530 | O37: 103.9238 | P37: 102.78104 | Q37: 104.14084 | R37: 103.02353 | S37: 104.00975 | T37: 102.92352 | U37: 104.19182 | V37: 102.8691 | W37: 103.59103 | X37: 102.60505 | Y37: 103.57424 | Z37: 102.70374 | AA37: 103.65206 | AB37: 103.14512 | AC37: 103.91294 | AD37: 102.75685 | AE37: 103.41172 | AF37: 102.70184 | AG37: 103.83861 | AH37: 102.89498 | AJ37: 530 | AK37: 12.08078 | AL37: 11.44512 | AM37: 13.10392 | AN37: 9.16782 | AO37: 11.01433 | AP37: 6.06587 | AQ37: 6.60058 | AR37: 12.1647 | AS37: 12.18596 | AT37: 11.40628 | AU37: 10.90759 | AV37: 10.85647 | AW37: 13.8691 | AX37: 6.88561 | AY37: 12.12071 | AZ37: 12.25795 | BA37: 13.56203 | BB37: 12.66158 | BC37: 10.76101 | BD37: 13.56203 | BG37: 530 | BH37: 7.26891 | BI37: 7.3797 | BJ37: 7.39621 | BK37: 7.30182 | BL37: 7.41705 | BM37: 7.43346 | BN37: 7.11956 | BO37: 7.189 | BP37: 7.53367 | BQ37: 7.39511 | BR37: 7.38368 | BS37: 7.37154 | BT37: 7.71297 | BU37: 7.16875 | BV37: 7.26817 | BW37: 7.24887 | BX37: 7.72751 | BY37: 7.29221 | BZ37: 7.5511 | CA37: 7.27183
N38: 560 | O38: 105.30982 | P38: 104.18941 | Q38: 105.53636 | R38: 104.424 | S38: 105.42202 | T38: 104.36327 | U38: 105.59166 | V38: 104.27723 | W38: 104.98244 | X38: 104.01367 | Y38: 104.95951 | Z38: 104.09891 | AA38: 105.08035 | AB38: 104.58102 | AC38: 105.3104 | AD38: 104.16859 | AE38: 104.81094 | AF38: 104.09917 | AG38: 105.24134 | AH38: 104.29993 | AJ38: 560 | AK38: 11.34123 | AL38: 10.67852 | AM38: 12.18449 | AN38: 8.72477 | AO38: 10.47595 | AP38: 5.8343 | AQ38: 6.27707 | AR38: 11.47493 | AS38: 11.41113 | AT38: 10.67017 | AU38: 10.43003 | AV38: 10.26608 | AW38: 13.05067 | AX38: 6.5788 | AY38: 11.4829 | AZ38: 11.55683 | BA38: 12.73071 | BB38: 11.99059 | BC38: 10.13496 | BD38: 12.73071 | BG38: 560 | BH38: 7.30539 | BI38: 7.42879 | BJ38: 7.4475 | BK38: 7.35561 | BL38: 7.46604 | BM38: 7.48183 | BN38: 7.16771 | BO38: 7.24022 | BP38: 7.58149 | BQ38: 7.44365 | BR38: 7.43118 | BS38: 7.42488 | BT38: 7.75188 | BU38: 7.2188 | BV38: 7.31547 | BW38: 7.29709 | BX38: 7.76016 | BY38: 7.3418 | BZ38: 7.57017 | CA38: 7.32258
N39: 600 | O39: 106.81528 | P39: 105.72041 | Q39: 107.05052 | R39: 105.94151 | S39: 106.95877 | T39: 105.93511 | U39: 107.10833 | V39: 105.80328 | W39: 106.49162 | X39: 105.54255 | Y39: 106.46085 | Z39: 105.61285 | AA39: 106.63239 | AB39: 106.14065 | AC39: 106.82988 | AD39: 105.70369 | AE39: 106.33476 | AF39: 105.61688 | AG39: 106.76579 | AH39: 105.82101 | AJ39: 600 | AK39: 10.21877 | AL39: 9.59301 | AM39: 10.8357 | AN39: 8.04037 | AO39: 9.59702 | AP39: 5.53245 | AQ39: 5.91981 | AR39: 10.41902 | AS39: 10.29333 | AT39: 9.6369 | AU39: 9.64518 | AV39: 9.33945 | AW39: 11.76787 | AX39: 6.17573 | AY39: 10.48014 | AZ39: 10.51443 | BA39: 11.43757 | BB39: 10.89377 | BC39: 9.22257 | BD39: 11.43757 | BG39: 600 | BH39: 7.38049 | BI39: 7.50884 | BJ39: 7.53157 | BK39: 7.44377 | BL39: 7.54182 | BM39: 7.55912 | BN39: 7.24908 | BO39: 7.32259 | BP39: 7.66083 | BQ39: 7.52273 | BR39: 7.5071 | BS39: 7.51375 | BT39: 7.82128 | BU39: 7.30394 | BV39: 7.39252 | BW39: 7.37699 | BX39: 7.84138 | BY39: 7.42038 | BZ39: 7.65738 | CA39: 7.40669
N40: 630 | O40: 108.38223 | P40: 107.31747 | Q40: 108.62594 | R40: 107.51949 | S40: 108.56259 | T40: 107.57945 | U40: 108.68342 | V40: 107.3883 | W40: 108.0614 | X40: 107.13473 | Y40: 108.03433 | Z40: 107.19823 | AA40: 108.25125 | AB40: 107.76373 | AC40: 108.41524 | AD40: 107.30335 | AE40: 107.92208 | AF40: 107.19984 | AG40: 108.34981 | AH40: 107.3999 | AJ40: 630 | AK40: 9.37648 | AL40: 8.80373 | AM40: 9.84694 | AN40: 7.53013 | AO40: 8.91248 | AP40: 5.3207 | AQ40: 5.69268 | AR40: 9.61155 | AS40: 9.46823 | AT40: 8.89734 | AU40: 9.02797 | AV40: 8.63308 | AW40: 10.78248 | AX40: 5.88626 | AY40: 9.71145 | AZ40: 9.7354 | BA40: 10.47117 | BB40: 10.03923 | BC40: 8.55496 | BD40: 10.47117 | BG40: 630 | BH40: 7.44955 | BI40: 7.58118 | BJ40: 7.60667 | BK40: 7.52112 | BL40: 7.61161 | BM40: 7.63066 | BN40: 7.32175 | BO40: 7.39701 | BP40: 7.73356 | BQ40: 7.5932 | BR40: 7.57015 | BS40: 7.59541 | BT40: 7.90578 | BU40: 7.38154 | BV40: 7.46093 | BW40: 7.44838 | BX40: 7.88234 | BY40: 7.49139 | BZ40: 7.73639 | CA40: 7.48255
N41: 670 | O41: 109.98351 | P41: 108.94442 | Q41: 110.23768 | R41: 109.11987 | S41: 110.20607 | T41: 109.25612 | U41: 110.28816 | V41: 108.99644 | W41: 109.66764 | X41: 108.75542 | Y41: 109.65722 | Z41: 108.82387 | AA41: 109.90529 | AB41: 109.41216 | AC41: 110.03566 | AD41: 108.93398 | AE41: 109.53727 | AF41: 108.81346 | AG41: 109.95931 | AH41: 108.9984 | AJ41: 670 | AK41: 8.32164 | AL41: 7.80942 | AM41: 8.62121 | AN41: 6.89632 | AO41: 8.01821 | AP41: 5.06873 | AQ41: 5.42208 | AR41: 8.56939 | AS41: 8.42769 | AT41: 7.97754 | AU41: 8.20684 | AV41: 7.74004 | AW41: 9.50327 | AX41: 5.49297 | AY41: 8.70968 | AZ41: 8.7154 | BA41: 9.24866 | BB41: 8.91535 | BC41: 7.71722 | BD41: 9.24866 | BG41: 670 | BH41: 7.56901 | BI41: 7.70709 | BJ41: 7.73811 | BK41: 7.65418 | BL41: 7.73263 | BM41: 7.76038 | BN41: 7.44558 | BO41: 7.52234 | BP41: 7.85741 | BQ41: 7.71337 | BR41: 7.67076 | BS41: 7.73919 | BT41: 8.03768 | BU41: 7.51441 | BV41: 7.57912 | BW41: 7.57069 | BX41: 8.00764 | BY41: 7.6136 | BZ41: 7.85379 | CA41: 7.6116
N42: 710 | O42: 111.6291 | P42: 110.60165 | Q42: 111.88643 | R42: 110.73972 | S42: 111.90167 | T42: 110.96543 | U42: 111.92565 | V42: 110.62328 | W42: 111.31932 | X42: 110.40491 | Y42: 111.35264 | Z42: 110.5062 | AA42: 111.60474 | AB42: 111.08682 | AC42: 111.70418 | AD42: 110.59881 | AE42: 111.20756 | AF42: 110.46409 | AG42: 111.58477 | AH42: 110.61547 | AJ42: 710 | AK42: 7.33292 | AL42: 6.89479 | AM42: 7.52718 | AN42: 6.32473 | AO42: 7.18868 | AP42: 4.82091 | AQ42: 5.15237 | AR42: 7.60362 | AS42: 7.45888 | AT42: 7.14823 | AU42: 7.41319 | AV42: 6.94442 | AW42: 8.32766 | AX42: 5.07356 | AY42: 7.76178 | AZ42: 7.73528 | BA42: 8.15085 | BB42: 7.86754 | BC42: 6.96021 | BD42: 8.15085 | BG42: 710 | BH42: 7.72467 | BI42: 7.87004 | BJ42: 7.90955 | BK42: 7.82313 | BL42: 7.89329 | BM42: 7.93491 | BN42: 7.6064 | BO42: 7.67927 | BP42: 8.0114 | BQ42: 7.8678 | BR42: 7.80566 | BS42: 7.92513 | BT42: 8.20125 | BU42: 7.68917 | BV42: 7.73368 | BW42: 7.73034 | BX42: 8.1627 | BY42: 7.7699 | BZ42: 8.02366 | CA42: 7.77614
N43: 750 | O43: 113.23882 | P43: 112.20633 | Q43: 113.48694 | R43: 112.30156 | S43: 113.55912 | T43: 112.61704 | U43: 113.51455 | V43: 112.19485 | W43: 112.93504 | X43: 112.00496 | Y43: 113.03439 | Z43: 112.16219 | AA43: 113.26509 | AB43: 112.70489 | AC43: 113.33791 | AD43: 112.22124 | AE43: 112.84223 | AF43: 112.0737 | AG43: 113.14066 | AH43: 112.17257 | AJ43: 750 | AK43: 6.42909 | AL43: 6.09673 | AM43: 6.57761 | AN43: 5.79718 | AO43: 6.43672 | AP43: 4.61503 | AQ43: 4.8792 | AR43: 6.73615 | AS43: 6.59153 | AT43: 6.40509 | AU43: 6.65369 | AV43: 6.25592 | AW43: 7.30019 | AX43: 4.66577 | AY43: 6.88657 | AZ43: 6.83737 | BA43: 7.19945 | BB43: 6.92521 | BC43: 6.27834 | BD43: 7.19945 | BG43: 750 | BH43: 7.92386 | BI43: 8.07732 | BJ43: 8.12757 | BK43: 8.03609 | BL43: 8.10378 | BM43: 8.16177 | BN43: 7.80749 | BO43: 7.87384 | BP43: 8.20812 | BQ43: 8.06374 | BR43: 7.98772 | BS43: 8.16152 | BT43: 8.41433 | BU43: 7.91306 | BV43: 7.93381 | BW43: 7.93385 | BX43: 8.40785 | BY43: 7.96872 | BZ43: 8.23072 | CA43: 7.98008
... N94: 14000 | O94: 112.15267 | P94: 111.30415 | Q94: 111.76802 | R94: 111.21712 | S94: 112.44382 | T94: 111.88983 | U94: 112.7917 | V94: 112.42324 | W94: 111.82706 | X94: 111.29637 | Y94: 112.45512 | Z94: 112.27271 | AA94: 112.16796 | AB94: 111.98347 | AC94: 112.40143 | AD94: 111.90236 | AE94: 111.30094 | AF94: 110.88005 | AG94: 111.97145 | AH94: 111.74812 | AJ94: 14000 | AK94: 0.08829 | AL94: 0.08183 | AM94: 0.06948 | AN94: 0.13391 | AO94: 0.09114 | AP94: 0.09074 | AQ94: 0.07963 | AR94: 0.12151 | AS94: 0.08912 | AT94: 0.11332 | AU94: 0.151 | AV94: 0.10715 | AW94: 0.12785 | AX94: 0.08653 | AY94: 0.08988 | AZ94: 0.08039 | BA94: 0.07972 | BB94: 0.1237 | BC94: 0.1002 | BD94: 0.07972 | BG94: 14000 | BH94: 9.16074 | BI94: 9.22546 | BJ94: 9.27229 | BK94: 9.1545 | BL94: 9.23104 | BM94: 9.2953 | BN94: 8.91314 | BO94: 8.94497 | BP94: 9.38966 | BQ94: 9.26324 | BR94: 9.21301 | BS94: 9.13322 | BT94: 9.53283 | BU94: 9.10066 | BV94: 9.20041 | BW94: 9.16233 | BX94: 9.64256 | BY94: 9.17843 | BZ94: 9.35548 | CA94: 9.11049
N102: SPL Average | O102: =AVERAGE(O44,O48,O51,O55) | P102: =AVERAGE(P44,P48,P51,P55) | Q102: =AVERAGE(Q44,Q48,Q51,Q55) | R102: =AVERAGE(R44,R48,R51,R55) | S102: =AVERAGE(S44,S48,S51,S55) | T102: =AVERAGE(T44,T48,T51,T55) | U102: =AVERAGE(U44,U48,U51,U55) | V102: =AVERAGE(V44,V48,V51,V55) | ... AH102: =AVERAGE(AH44,AH48,AH51,AH55) | BG102: F0 | BH102: 938.16906 | BI102: 933.02201 | BJ102: 927.04728 | BK102: 926.65689 | BL102: 923.37676 | BM102: 923.15871 | BN102: 919.96066 | BO102: 917.25137 | BP102: 934.4295 | BQ102: 915.81283 | BR102: 945.51418 | BS102: 928.6188 | BT102: 920.4513 | BU102: 942.27094 | BV102: 941.07186 | BW102: 918.14146 | BX102: 942.19522 | BY102: 935.33132 | BZ102: 923.53312 | CA102: 934.36494

Sheet Freely drop
N1: SPL RAW DATA | AL1: THD RAW DATA | BH1: IMPEDANCE RAW DATA
N2: SPL specification / Thông số kĩ thuật SPL | S2: ='Temp and humid 60-90'!S2:X2 | AL2: THD Limit / Giới hạn THD | AQ2: ='Temp and humid 60-90'!AE2:AJ2 | BH2: Imp / F0 Limit / Giới hạn Imp / F0 | BM2: IMP:8 Ω ±15% at 2kHz, 3.58V , F0: 890 ± 120Hz at 3.1V
N3: Evalution standard / Tiêu chuẩn đánh giá | S3: Deviation before test and after test is under ± 2db, and SPL Average value in limit / Độ lệch trước khi kiểm tra và sau khi kiểm tra nhỏ hơn ± 2db và SPL Giá trị trung bình trong giới hạn | AL3: Evalution standard / Tiêu chuẩn đánh giá | AQ3: THD value in limit / Giá trị THD trong giới hạn | BH3: Evalution standard / Tiêu chuẩn đánh giá | BM3: Value in limit / Giá trị trong giới hạn
N4: Test condition / Điều kiện kiểm tra | S4: Height:152cm, Cycle:24 times, ground:25mm Steel , JIG 300g (6 sides->4 corners->4 edges->6 sides->4 corners) | AL4: Test condition / Điều kiện kiểm tra | AQ4: =S4 | BH4: Test condition / Điều kiện kiểm tra | BM4: =S4
N5: Sample No | O5: #1 | Q5: #2 | S5: #3 | U5: #4 | W5: #5 | Y5: #6 | AA5: #7 | AC5: #8 | AE5: #9 | AG5: #10 | AL5: Sample No | AM5: #1 | AO5: #2 | AQ5: #3 | AS5: #4 | AU5: #5 | AW5: #6 | AY5: #7 | BA5: #8 | BC5: #9 | BE5: #10 | BH5: Sample No | BI5: #1 | BK5: #2 | BM5: #3 | BO5: #4 | BQ5: #5 | BS5: #6 | BU5: #7 | BW5: #8 | BY5: #9 | CA5: #10
N6: Result | O6: =IF(AND(O102<=118.8,O102>=114.8),"OK","NG") | P6: =IF(AND(P102<=118.8,P102>=114.8),"OK","NG") | Q6: =IF(AND(Q102<=118.8,Q102>=114.8),"OK","NG") | R6: =IF(AND(R102<=118.8,R102>=114.8),"OK","NG") | S6: =IF(AND(S102<=118.8,S102>=114.8),"OK","NG") | T6: =IF(AND(T102<=118.8,T102>=114.8),"OK","NG") | U6: =IF(AND(U102<=118.8,U102>=114.8),"OK","NG") | V6: =IF(AND(V102<=118.8,V102>=114.8),"OK","NG") | ... AH6: =IF(AND(AH102<=118.8,AH102>=114.8),"OK","NG") | BI6: =IF(AND(BI60<=9.2,BI60>=6.8),"OK","NG") | BJ6: =IF(AND(BJ60<=9.2,BJ60>=6.8),"OK","NG") | BK6: =IF(AND(BK60<=9.2,BK60>=6.8),"OK","NG") | BL6: =IF(AND(BL60<=9.2,BL60>=6.8),"OK","NG") | BM6: =IF(AND(BM60<=9.2,BM60>=6.8),"OK","NG") | BN6: =IF(AND(BN60<=9.2,BN60>=6.8),"OK","NG") | BO6: =IF(AND(BO60<=9.2,BO60>=6.8),"OK","NG") | BP6: =IF(AND(BP60<=9.2,BP60>=6.8),"OK","NG") | ... CB6: =IF(AND(CB60<=9.2,CB60>=6.8),"OK","NG")
O7: Before #1 | P7: After #1 | Q7: Before #2 | R7: After #2 | S7: Before #3 | T7: After #3 | U7: Before #4 | V7: After #4 | W7: Before #5 | X7: After #5 | Y7: Before #6 | Z7: After #6 | AA7: Before #7 | AB7: After #7 | AC7: Before #8 | AD7: After #8 | AE7: Before #9 | AF7: After #9 | AG7: Before #10 | AH7: After #10 | AM7: Before #1 | AN7: After #1 | AO7: Before #2 | AP7: After #2 | AQ7: Before #3 | AR7: After #3 | AS7: Before #4 | AT7: After #4 | AU7: Before #5 | AV7: After #5 | AW7: Before #6 | AX7: After #6 | AY7: Before #7 | AZ7: After #7 | BA7: Before #8 | BB7: After #8 | BC7: Before #9 | BD7: After #9 | BE7: Before #10 | BF7: After #10 | BI7: Before #1 | BJ7: After #1 | BK7: Before #2 | BL7: After #2 | BM7: Before #3 | BN7: After #3 | BO7: Before #4 | BP7: After #4 | BQ7: Before #5 | BR7: After #5 | BS7: Before #6 | BT7: After #6 | BU7: Before #7 | BV7: After #7 | BW7: Before #8 | BX7: After #8 | BY7: Before #9 | BZ7: After #9 | CA7: Before #10 | CB7: After #10
N8: 100 | O8: ='Continuously drop'!P8 | P8: 69.266 | Q8: ='Continuously drop'!R8 | R8: 70.6197 | S8: ='Continuously drop'!T8 | T8: 71.17482 | U8: ='Continuously drop'!V8 | V8: 70.50345 | W8: ='Continuously drop'!X8 | X8: 70.12715 | Y8: ='Continuously drop'!Z8 | Z8: 70.35339 | AA8: ='Continuously drop'!AB8 | AB8: 71.25181 | AC8: ='Continuously drop'!AD8 | AD8: 70.22111 | AE8: ='Continuously drop'!AF8 | AF8: 70.96837 | AG8: ='Continuously drop'!AH8 | AH8: 70.85869 | AL8: 100 | AM8: ='Continuously drop'!AL8 | AN8: 16.56292 | AO8: ='Continuously drop'!AN8 | AP8: 13.63791 | AQ8: ='Continuously drop'!AP8 | AR8: 8.92408 | AS8: ='Continuously drop'!AR8 | AT8: 14.13634 | AU8: ='Continuously drop'!AT8 | AV8: 10.80987 | AW8: ='Continuously drop'!AV8 | AX8: 15.51666 | AY8: ='Continuously drop'!AX8 | AZ8: 9.36538 | BA8: ='Continuously drop'!AZ8 | BB8: 10.85192 | BC8: ='Continuously drop'!BB8 | BD8: 12.81263 | BE8: ='Continuously drop'!BD8 | BF8: 12.10648 | BH8: 100 | BI8: ='Continuously drop'!BI8 | BJ8: 7.35878 | BK8: ='Continuously drop'!BK8 | BL8: 6.42135 | BM8: ='Continuously drop'!BM8 | BN8: 6.31638 | BO8: ='Continuously drop'!BO8 | BP8: 6.19893 | BQ8: ='Continuously drop'!BQ8 | BR8: 6.41991 | BS8: ='Continuously drop'!BS8 | BT8: 6.00232 | BU8: ='Continuously drop'!BU8 | BV8: 6.12079 | BW8: ='Continuously drop'!BW8 | BX8: 6.55977 | BY8: ='Continuously drop'!BY8 | BZ8: 6.03514 | CA8: ='Continuously drop'!CA8 | CB8: 6.04119
N9: 106 | O9: ='Continuously drop'!P9 | P9: 69.84893 | Q9: ='Continuously drop'!R9 | R9: 71.09432 | S9: ='Continuously drop'!T9 | T9: 71.6454 | U9: ='Continuously drop'!V9 | V9: 70.99165 | W9: ='Continuously drop'!X9 | X9: 70.66786 | Y9: ='Continuously drop'!Z9 | Z9: 70.85429 | AA9: ='Continuously drop'!AB9 | AB9: 71.6768 | AC9: ='Continuously drop'!AD9 | AD9: 70.76788 | AE9: ='Continuously drop'!AF9 | AF9: 71.44694 | AG9: ='Continuously drop'!AH9 | AH9: 71.41906 | AL9: 106 | AM9: ='Continuously drop'!AL9 | AN9: 16.71644 | AO9: ='Continuously drop'!AN9 | AP9: 13.43885 | AQ9: ='Continuously drop'!AP9 | AR9: 8.89934 | AS9: ='Continuously drop'!AR9 | AT9: 13.89985 | AU9: ='Continuously drop'!AT9 | AV9: 10.58757 | AW9: ='Continuously drop'!AV9 | AX9: 15.35391 | AY9: ='Continuously drop'!AX9 | AZ9: 9.22905 | BA9: ='Continuously drop'!AZ9 | BB9: 12.46795 | BC9: ='Continuously drop'!BB9 | BD9: 12.6721 | BE9: ='Continuously drop'!BD9 | BF9: 11.92914 | BH9: 106 | BI9: ='Continuously drop'!BI9 | BJ9: 7.45716 | BK9: ='Continuously drop'!BK9 | BL9: 6.48935 | BM9: ='Continuously drop'!BM9 | BN9: 6.38263 | BO9: ='Continuously drop'!BO9 | BP9: 6.27891 | BQ9: ='Continuously drop'!BQ9 | BR9: 6.51557 | BS9: ='Continuously drop'!BS9 | BT9: 6.09667 | BU9: ='Continuously drop'!BU9 | BV9: 6.20639 | BW9: ='Continuously drop'!BW9 | BX9: 6.62578 | BY9: ='Continuously drop'!BY9 | BZ9: 6.12821 | CA9: ='Continuously drop'!CA9 | CB9: 6.13215
N10: 112 | O10: ='Continuously drop'!P10 | P10: 70.4567 | Q10: ='Continuously drop'!R10 | R10: 71.64968 | S10: ='Continuously drop'!T10 | T10: 72.16906 | U10: ='Continuously drop'!V10 | V10: 71.6765 | W10: ='Continuously drop'!X10 | X10: 71.20791 | Y10: ='Continuously drop'!Z10 | Z10: 71.40591 | AA10: ='Continuously drop'!AB10 | AB10: 72.19709 | AC10: ='Continuously drop'!AD10 | AD10: 71.29873 | AE10: ='Continuously drop'!AF10 | AF10: 72.02793 | AG10: ='Continuously drop'!AH10 | AH10: 71.97435 | AL10: 112 | AM10: ='Continuously drop'!AL10 | AN10: 16.72288 | AO10: ='Continuously drop'!AN10 | AP10: 13.26871 | AQ10: ='Continuously drop'!AP10 | AR10: 8.83267 | AS10: ='Continuously drop'!AR10 | AT10: 13.71855 | AU10: ='Continuously drop'!AT10 | AV10: 10.41934 | AW10: ='Continuously drop'!AV10 | AX10: 15.17886 | AY10: ='Continuously drop'!AX10 | AZ10: 9.15144 | BA10: ='Continuously drop'!AZ10 | BB10: 17.74366 | BC10: ='Continuously drop'!BB10 | BD10: 12.54031 | BE10: ='Continuously drop'!BD10 | BF10: 11.72852 | BH10: 112 | BI10: ='Continuously drop'!BI10 | BJ10: 7.37105 | BK10: ='Continuously drop'!BK10 | BL10: 6.54903 | BM10: ='Continuously drop'!BM10 | BN10: 6.43638 | BO10: ='Continuously drop'!BO10 | BP10: 6.34546 | BQ10: ='Continuously drop'!BQ10 | BR10: 6.58172 | BS10: ='Continuously drop'!BS10 | BT10: 6.16833 | BU10: ='Continuously drop'!BU10 | BV10: 6.27802 | BW10: ='Continuously drop'!BW10 | BX10: 6.69023 | BY10: ='Continuously drop'!BY10 | BZ10: 6.20107 | CA10: ='Continuously drop'!CA10 | CB10: 6.20478
N11: 118 | O11: ='Continuously drop'!P11 | P11: 71.5985 | Q11: ='Continuously drop'!R11 | R11: 72.64974 | S11: ='Continuously drop'!T11 | T11: 73.12778 | U11: ='Continuously drop'!V11 | V11: 72.80747 | W11: ='Continuously drop'!X11 | X11: 72.24464 | Y11: ='Continuously drop'!Z11 | Z11: 72.37216 | AA11: ='Continuously drop'!AB11 | AB11: 73.21661 | AC11: ='Continuously drop'!AD11 | AD11: 72.27449 | AE11: ='Continuously drop'!AF11 | AF11: 73.0096 | AG11: ='Continuously drop'!AH11 | AH11: 72.91599 | AL11: 118 | AM11: ='Continuously drop'!AL11 | AN11: 16.71132 | AO11: ='Continuously drop'!AN11 | AP11: 13.1147 | AQ11: ='Continuously drop'!AP11 | AR11: 8.77341 | AS11: ='Continuously drop'!AR11 | AT11: 13.68908 | AU11: ='Continuously drop'!AT11 | AV11: 10.25786 | AW11: ='Continuously drop'!AV11 | AX11: 15.04042 | AY11: ='Continuously drop'!AX11 | AZ11: 9.05412 | BA11: ='Continuously drop'!AZ11 | BB11: 18.28347 | BC11: ='Continuously drop'!BB11 | BD11: 12.40956 | BE11: ='Continuously drop'!BD11 | BF11: 11.57214 | BH11: 118 | BI11: ='Continuously drop'!BI11 | BJ11: 7.31462 | BK11: ='Continuously drop'!BK11 | BL11: 6.5976 | BM11: ='Continuously drop'!BM11 | BN11: 6.48425 | BO11: ='Continuously drop'!BO11 | BP11: 6.39448 | BQ11: ='Continuously drop'!BQ11 | BR11: 6.63482 | BS11: ='Continuously drop'!BS11 | BT11: 6.22706 | BU11: ='Continuously drop'!BU11 | BV11: 6.33418 | BW11: ='Continuously drop'!BW11 | BX11: 6.74453 | BY11: ='Continuously drop'!BY11 | BZ11: 6.26085 | CA11: ='Continuously drop'!CA11 | CB11: 6.26372
N12: 125 | O12: ='Continuously drop'!P12 | P12: 72.78125 | Q12: ='Continuously drop'!R12 | R12: 73.66358 | S12: ='Continuously drop'!T12 | T12: 74.06474 | U12: ='Continuously drop'!V12 | V12: 73.87041 | W12: ='Continuously drop'!X12 | X12: 73.2608 | Y12: ='Continuously drop'!Z12 | Z12: 73.46531 | AA12: ='Continuously drop'!AB12 | AB12: 74.20916 | AC12: ='Continuously drop'!AD12 | AD12: 73.20593 | AE12: ='Continuously drop'!AF12 | AF12: 74.07777 | AG12: ='Continuously drop'!AH12 | AH12: 74.00454 | AL12: 125 | AM12: ='Continuously drop'!AL12 | AN12: 16.63951 | AO12: ='Continuously drop'!AN12 | AP12: 12.93908 | AQ12: ='Continuously drop'!AP12 | AR12: 8.75449 | AS12: ='Continuously drop'!AR12 | AT12: 13.57062 | AU12: ='Continuously drop'!AT12 | AV12: 10.10689 | AW12: ='Continuously drop'!AV12 | AX12: 14.90096 | AY12: ='Continuously drop'!AX12 | AZ12: 8.93631 | BA12: ='Continuously drop'!AZ12 | BB12: 18.32059 | BC12: ='Continuously drop'!BB12 | BD12: 12.29819 | BE12: ='Continuously drop'!BD12 | BF12: 11.38829 | BH12: 125 | BI12: ='Continuously drop'!BI12 | BJ12: 7.31232 | BK12: ='Continuously drop'!BK12 | BL12: 6.647 | BM12: ='Continuously drop'!BM12 | BN12: 6.53258 | BO12: ='Continuously drop'!BO12 | BP12: 6.44601 | BQ12: ='Continuously drop'!BQ12 | BR12: 6.68895 | BS12: ='Continuously drop'!BS12 | BT12: 6.28377 | BU12: ='Continuously drop'!BU12 | BV12: 6.3904 | BW12: ='Continuously drop'!BW12 | BX12: 6.80678 | BY12: ='Continuously drop'!BY12 | BZ12: 6.3184 | CA12: ='Continuously drop'!CA12 | CB12: 6.32133
N13: 132 | O13: ='Continuously drop'!P13 | P13: 73.9828 | Q13: ='Continuously drop'!R13 | R13: 74.80976 | S13: ='Continuously drop'!T13 | T13: 75.23372 | U13: ='Continuously drop'!V13 | V13: 75.00224 | W13: ='Continuously drop'!X13 | X13: 74.3781 | Y13: ='Continuously drop'!Z13 | Z13: 74.65062 | AA13: ='Continuously drop'!AB13 | AB13: 75.32854 | AC13: ='Continuously drop'!AD13 | AD13: 74.34492 | AE13: ='Continuously drop'!AF13 | AF13: 75.22667 | AG13: ='Continuously drop'!AH13 | AH13: 75.21829 | AL13: 132 | AM13: ='Continuously drop'!AL13 | AN13: 16.86527 | AO13: ='Continuously drop'!AN13 | AP13: 12.69094 | AQ13: ='Continuously drop'!AP13 | AR13: 8.6894 | AS13: ='Continuously drop'!AR13 | AT13: 13.32562 | AU13: ='Continuously drop'!AT13 | AV13: 9.85991 | AW13: ='Continuously drop'!AV13 | AX13: 14.70799 | AY13: ='Continuously drop'!AX13 | AZ13: 8.74618 | BA13: ='Continuously drop'!AZ13 | BB13: 18.68579 | BC13: ='Continuously drop'!BB13 | BD13: 12.15556 | BE13: ='Continuously drop'!BD13 | BF13: 11.18595 | BH13: 132 | BI13: ='Continuously drop'!BI13 | BJ13: 7.23586 | BK13: ='Continuously drop'!BK13 | BL13: 6.68726 | BM13: ='Continuously drop'!BM13 | BN13: 6.57308 | BO13: ='Continuously drop'!BO13 | BP13: 6.49206 | BQ13: ='Continuously drop'!BQ13 | BR13: 6.73371 | BS13: ='Continuously drop'!BS13 | BT13: 6.33027 | BU13: ='Continuously drop'!BU13 | BV13: 6.43844 | BW13: ='Continuously drop'!BW13 | BX13: 6.91096 | BY13: ='Continuously drop'!BY13 | BZ13: 6.36572 | CA13: ='Continuously drop'!CA13 | CB13: 6.36875
N14: 140 | O14: ='Continuously drop'!P14 | P14: 75.2528 | Q14: ='Continuously drop'!R14 | R14: 76.07914 | S14: ='Continuously drop'!T14 | T14: 76.4501 | U14: ='Continuously drop'!V14 | V14: 76.26231 | W14: ='Continuously drop'!X14 | X14: 75.59813 | Y14: ='Continuously drop'!Z14 | Z14: 75.91576 | AA14: ='Continuously drop'!AB14 | AB14: 76.57244 | AC14: ='Continuously drop'!AD14 | AD14: 75.53925 | AE14: ='Continuously drop'!AF14 | AF14: 76.48781 | AG14: ='Continuously drop'!AH14 | AH14: 76.44878 | AL14: 140 | AM14: ='Continuously drop'!AL14 | AN14: 16.82082 | AO14: ='Continuously drop'!AN14 | AP14: 12.12734 | AQ14: ='Continuously drop'!AP14 | AR14: 8.69528 | AS14: ='Continuously drop'!AR14 | AT14: 13.11898 | AU14: ='Continuously drop'!AT14 | AV14: 9.6326 | AW14: ='Continuously drop'!AV14 | AX14: 14.44631 | AY14: ='Continuously drop'!AX14 | AZ14: 8.574 | BA14: ='Continuously drop'!AZ14 | BB14: 19.11256 | BC14: ='Continuously drop'!BB14 | BD14: 11.97836 | BE14: ='Continuously drop'!BD14 | BF14: 10.88285 | BH14: 140 | BI14: ='Continuously drop'!BI14 | BJ14: 7.33471 | BK14: ='Continuously drop'!BK14 | BL14: 6.72726 | BM14: ='Continuously drop'!BM14 | BN14: 6.61331 | BO14: ='Continuously drop'!BO14 | BP14: 6.54237 | BQ14: ='Continuously drop'!BQ14 | BR14: 6.77763 | BS14: ='Continuously drop'!BS14 | BT14: 6.37494 | BU14: ='Continuously drop'!BU14 | BV14: 6.48429 | BW14: ='Continuously drop'!BW14 | BX14: 7.1669 | BY14: ='Continuously drop'!BY14 | BZ14: 6.41161 | CA14: ='Continuously drop'!CA14 | CB14: 6.41617
N15: 150 | O15: ='Continuously drop'!P15 | P15: 76.53998 | Q15: ='Continuously drop'!R15 | R15: 77.57358 | S15: ='Continuously drop'!T15 | T15: 77.70112 | U15: ='Continuously drop'!V15 | V15: 77.46035 | W15: ='Continuously drop'!X15 | X15: 76.86841 | Y15: ='Continuously drop'!Z15 | Z15: 77.19085 | AA15: ='Continuously drop'!AB15 | AB15: 77.83289 | AC15: ='Continuously drop'!AD15 | AD15: 76.8097 | AE15: ='Continuously drop'!AF15 | AF15: 77.73682 | AG15: ='Continuously drop'!AH15 | AH15: 77.69899 | AL15: 150 | AM15: ='Continuously drop'!AL15 | AN15: 16.43946 | AO15: ='Continuously drop'!AN15 | AP15: 11.74139 | AQ15: ='Continuously drop'!AP15 | AR15: 8.57176 | AS15: ='Continuously drop'!AR15 | AT15: 12.98007 | AU15: ='Continuously drop'!AT15 | AV15: 9.22194 | AW15: ='Continuously drop'!AV15 | AX15: 14.1319 | AY15: ='Continuously drop'!AX15 | AZ15: 8.38334 | BA15: ='Continuously drop'!AZ15 | BB15: 19.62871 | BC15: ='Continuously drop'!BB15 | BD15: 11.78653 | BE15: ='Continuously drop'!BD15 | BF15: 10.46212 | BH15: 150 | BI15: ='Continuously drop'!BI15 | BJ15: 7.41305 | BK15: ='Continuously drop'!BK15 | BL15: 6.76982 | BM15: ='Continuously drop'!BM15 | BN15: 6.65748 | BO15: ='Continuously drop'!BO15 | BP15: 6.5878 | BQ15: ='Continuously drop'!BQ15 | BR15: 6.8224 | BS15: ='Continuously drop'!BS15 | BT15: 6.4218 | BU15: ='Continuously drop'!BU15 | BV15: 6.53194 | BW15: ='Continuously drop'!BW15 | BX15: 7.08114 | BY15: ='Continuously drop'!BY15 | BZ15: 6.46238 | CA15: ='Continuously drop'!CA15 | CB15: 6.46467
N16: 160 | O16: ='Continuously drop'!P16 | P16: 77.83127 | Q16: ='Continuously drop'!R16 | R16: 79.44846 | S16: ='Continuously drop'!T16 | T16: 78.95225 | U16: ='Continuously drop'!V16 | V16: 78.70256 | W16: ='Continuously drop'!X16 | X16: 78.16292 | Y16: ='Continuously drop'!Z16 | Z16: 78.50039 | AA16: ='Continuously drop'!AB16 | AB16: 79.0683 | AC16: ='Continuously drop'!AD16 | AD16: 78.09976 | AE16: ='Continuously drop'!AF16 | AF16: 79.02259 | AG16: ='Continuously drop'!AH16 | AH16: 78.96642 | AL16: 160 | AM16: ='Continuously drop'!AL16 | AN16: 16.27569 | AO16: ='Continuously drop'!AN16 | AP16: 11.42941 | AQ16: ='Continuously drop'!AP16 | AR16: 8.4651 | AS16: ='Continuously drop'!AR16 | AT16: 12.74504 | AU16: ='Continuously drop'!AT16 | AV16: 9.08335 | AW16: ='Continuously drop'!AV16 | AX16: 13.80531 | AY16: ='Continuously drop'!AX16 | AZ16: 8.17833 | BA16: ='Continuously drop'!AZ16 | BB16: 19.98746 | BC16: ='Continuously drop'!BB16 | BD16: 11.56691 | BE16: ='Continuously drop'!BD16 | BF16: 10.19199 | BH16: 160 | BI16: ='Continuously drop'!BI16 | BJ16: 7.44107 | BK16: ='Continuously drop'!BK16 | BL16: 6.80581 | BM16: ='Continuously drop'!BM16 | BN16: 6.69323 | BO16: ='Continuously drop'!BO16 | BP16: 6.63053 | BQ16: ='Continuously drop'!BQ16 | BR16: 6.86015 | BS16: ='Continuously drop'!BS16 | BT16: 6.46168 | BU16: ='Continuously drop'!BU16 | BV16: 6.57146 | BW16: ='Continuously drop'!BW16 | BX16: 7.08291 | BY16: ='Continuously drop'!BY16 | BZ16: 6.50295 | CA16: ='Continuously drop'!CA16 | CB16: 6.50567
N17: 170 | O17: ='Continuously drop'!P17 | P17: 79.22931 | Q17: ='Continuously drop'!R17 | R17: 80.67463 | S17: ='Continuously drop'!T17 | T17: 80.25587 | U17: ='Continuously drop'!V17 | V17: 80.0376 | W17: ='Continuously drop'!X17 | X17: 79.52961 | Y17: ='Continuously drop'!Z17 | Z17: 79.89554 | AA17: ='Continuously drop'!AB17 | AB17: 80.37428 | AC17: ='Continuously drop'!AD17 | AD17: 79.43971 | AE17: ='Continuously drop'!AF17 | AF17: 80.35818 | AG17: ='Continuously drop'!AH17 | AH17: 80.29585 | AL17: 170 | AM17: ='Continuously drop'!AL17 | AN17: 16.09246 | AO17: ='Continuously drop'!AN17 | AP17: 11.24508 | AQ17: ='Continuously drop'!AP17 | AR17: 8.42278 | AS17: ='Continuously drop'!AR17 | AT17: 12.6156 | AU17: ='Continuously drop'!AT17 | AV17: 9.02153 | AW17: ='Continuously drop'!AV17 | AX17: 13.62435 | AY17: ='Continuously drop'!AX17 | AZ17: 8.08952 | BA17: ='Continuously drop'!AZ17 | BB17: 20.10806 | BC17: ='Continuously drop'!BB17 | BD17: 11.4781 | BE17: ='Continuously drop'!BD17 | BF17: 10.00857 | BH17: 170 | BI17: ='Continuously drop'!BI17 | BJ17: 7.44472 | BK17: ='Continuously drop'!BK17 | BL17: 6.83698 | BM17: ='Continuously drop'!BM17 | BN17: 6.7251 | BO17: ='Continuously drop'!BO17 | BP17: 6.66212 | BQ17: ='Continuously drop'!BQ17 | BR17: 6.89297 | BS17: ='Continuously drop'!BS17 | BT17: 6.49496 | BU17: ='Continuously drop'!BU17 | BV17: 6.60629 | BW17: ='Continuously drop'!BW17 | BX17: 7.10223 | BY17: ='Continuously drop'!BY17 | BZ17: 6.53719 | CA17: ='Continuously drop'!CA17 | CB17: 6.53988
N18: 180 | O18: ='Continuously drop'!P18 | P18: 80.69349 | Q18: ='Continuously drop'!R18 | R18: 81.98022 | S18: ='Continuously drop'!T18 | T18: 81.57888 | U18: ='Continuously drop'!V18 | V18: 81.43424 | W18: ='Continuously drop'!X18 | X18: 80.94874 | Y18: ='Continuously drop'!Z18 | Z18: 81.33444 | AA18: ='Continuously drop'!AB18 | AB18: 81.70781 | AC18: ='Continuously drop'!AD18 | AD18: 80.8045 | AE18: ='Continuously drop'!AF18 | AF18: 81.75147 | AG18: ='Continuously drop'!AH18 | AH18: 81.67614 | AL18: 180 | AM18: ='Continuously drop'!AL18 | AN18: 15.82121 | AO18: ='Continuously drop'!AN18 | AP18: 11.15888 | AQ18: ='Continuously drop'!AP18 | AR18: 8.44612 | AS18: ='Continuously drop'!AR18 | AT18: 12.57116 | AU18: ='Continuously drop'!AT18 | AV18: 9.02693 | AW18: ='Continuously drop'!AV18 | AX18: 13.49149 | AY18: ='Continuously drop'!AX18 | AZ18: 8.08093 | BA18: ='Continuously drop'!AZ18 | BB18: 18.61413 | BC18: ='Continuously drop'!BB18 | BD18: 11.44729 | BE18: ='Continuously drop'!BD18 | BF18: 9.91118 | BH18: 180 | BI18: ='Continuously drop'!BI18 | BJ18: 7.47857 | BK18: ='Continuously drop'!BK18 | BL18: 6.86351 | BM18: ='Continuously drop'!BM18 | BN18: 6.7523 | BO18: ='Continuously drop'!BO18 | BP18: 6.68926 | BQ18: ='Continuously drop'!BQ18 | BR18: 6.92082 | BS18: ='Continuously drop'!BS18 | BT18: 6.52357 | BU18: ='Continuously drop'!BU18 | BV18: 6.63557 | BW18: ='Continuously drop'!BW18 | BX18: 7.11711 | BY18: ='Continuously drop'!BY18 | BZ18: 6.56635 | CA18: ='Continuously drop'!CA18 | CB18: 6.56902
L19: Limit | N19: 190 | O19: ='Continuously drop'!P19 | P19: 81.99015 | Q19: ='Continuously drop'!R19 | R19: 83.17872 | S19: ='Continuously drop'!T19 | T19: 82.82386 | U19: ='Continuously drop'!V19 | V19: 82.72172 | W19: ='Continuously drop'!X19 | X19: 82.23689 | Y19: ='Continuously drop'!Z19 | Z19: 82.58989 | AA19: ='Continuously drop'!AB19 | AB19: 82.95714 | AC19: ='Continuously drop'!AD19 | AD19: 82.07415 | AE19: ='Continuously drop'!AF19 | AF19: 83.02514 | AG19: ='Continuously drop'!AH19 | AH19: 82.91846 | AL19: 190 | AM19: ='Continuously drop'!AL19 | AN19: 15.71508 | AO19: ='Continuously drop'!AN19 | AP19: 11.1673 | AQ19: ='Continuously drop'!AP19 | AR19: 8.58815 | AS19: ='Continuously drop'!AR19 | AT19: 12.57137 | AU19: ='Continuously drop'!AT19 | AV19: 9.10463 | AW19: ='Continuously drop'!AV19 | AX19: 13.41344 | AY19: ='Continuously drop'!AX19 | AZ19: 8.13128 | BA19: ='Continuously drop'!AZ19 | BB19: 15.29283 | BC19: ='Continuously drop'!BB19 | BD19: 11.50617 | BE19: ='Continuously drop'!BD19 | BF19: 9.92649 | BH19: 190 | BI19: ='Continuously drop'!BI19 | BJ19: 7.50595 | BK19: ='Continuously drop'!BK19 | BL19: 6.88729 | BM19: ='Continuously drop'!BM19 | BN19: 6.77648 | BO19: ='Continuously drop'!BO19 | BP19: 6.70848 | BQ19: ='Continuously drop'!BQ19 | BR19: 6.94463 | BS19: ='Continuously drop'!BS19 | BT19: 6.54883 | BU19: ='Continuously drop'!BU19 | BV19: 6.66167 | BW19: ='Continuously drop'!BW19 | BX19: 7.13765 | BY19: ='Continuously drop'!BY19 | BZ19: 6.59222 | CA19: ='Continuously drop'!CA19 | CB19: 6.59568
K20: 100 | L20: 25 | N20: 200 | O20: ='Continuously drop'!P20 | P20: 83.23146 | Q20: ='Continuously drop'!R20 | R20: 84.19516 | S20: ='Continuously drop'!T20 | T20: 84.00813 | U20: ='Continuously drop'!V20 | V20: 83.92766 | W20: ='Continuously drop'!X20 | X20: 83.43225 | Y20: ='Continuously drop'!Z20 | Z20: 83.79405 | AA20: ='Continuously drop'!AB20 | AB20: 84.14736 | AC20: ='Continuously drop'!AD20 | AD20: 83.27147 | AE20: ='Continuously drop'!AF20 | AF20: 84.2276 | AG20: ='Continuously drop'!AH20 | AH20: 84.11211 | AL20: 200 | AM20: ='Continuously drop'!AL20 | AN20: 15.68791 | AO20: ='Continuously drop'!AN20 | AP20: 11.28112 | AQ20: ='Continuously drop'!AP20 | AR20: 8.80658 | AS20: ='Continuously drop'!AR20 | AT20: 12.57233 | AU20: ='Continuously drop'!AT20 | AV20: 9.23706 | AW20: ='Continuously drop'!AV20 | AX20: 13.39165 | AY20: ='Continuously drop'!AX20 | AZ20: 8.28493 | BA20: ='Continuously drop'!AZ20 | BB20: 14.62404 | BC20: ='Continuously drop'!BB20 | BD20: 11.67999 | BE20: ='Continuously drop'!BD20 | BF20: 10.02844 | BH20: 200 | BI20: ='Continuously drop'!BI20 | BJ20: 7.53963 | BK20: ='Continuously drop'!BK20 | BL20: 6.90817 | BM20: ='Continuously drop'!BM20 | BN20: 6.79758 | BO20: ='Continuously drop'!BO20 | BP20: 6.73023 | BQ20: ='Continuously drop'!BQ20 | BR20: 6.96821 | BS20: ='Continuously drop'!BS20 | BT20: 6.57174 | BU20: ='Continuously drop'!BU20 | BV20: 6.68399 | BW20: ='Continuously drop'!BW20 | BX20: 7.15651 | BY20: ='Continuously drop'!BY20 | BZ20: 6.61482 | CA20: ='Continuously drop'!CA20 | CB20: 6.61971
K21: 200 | L21: 22 | N21: 212 | O21: ='Continuously drop'!P21 | P21: 84.36451 | Q21: ='Continuously drop'!R21 | R21: 84.95886 | S21: ='Continuously drop'!T21 | T21: 85.14735 | U21: ='Continuously drop'!V21 | V21: 85.0504 | W21: ='Continuously drop'!X21 | X21: 84.55748 | Y21: ='Continuously drop'!Z21 | Z21: 84.91104 | AA21: ='Continuously drop'!AB21 | AB21: 85.27842 | AC21: ='Continuously drop'!AD21 | AD21: 84.41765 | AE21: ='Continuously drop'!AF21 | AF21: 85.36142 | AG21: ='Continuously drop'!AH21 | AH21: 85.22968 | AL21: 212 | AM21: ='Continuously drop'!AL21 | AN21: 15.84665 | AO21: ='Continuously drop'!AN21 | AP21: 11.5397 | AQ21: ='Continuously drop'!AP21 | AR21: 9.14255 | AS21: ='Continuously drop'!AR21 | AT21: 12.77675 | AU21: ='Continuously drop'!AT21 | AV21: 9.42628 | AW21: ='Continuously drop'!AV21 | AX21: 13.44348 | AY21: ='Continuously drop'!AX21 | AZ21: 8.61192 | BA21: ='Continuously drop'!AZ21 | BB21: 14.26031 | BC21: ='Continuously drop'!BB21 | BD21: 12.0014 | BE21: ='Continuously drop'!BD21 | BF21: 10.28779 | BH21: 212 | BI21: ='Continuously drop'!BI21 | BJ21: 7.53318 | BK21: ='Continuously drop'!BK21 | BL21: 6.93068 | BM21: ='Continuously drop'!BM21 | BN21: 6.8212 | BO21: ='Continuously drop'!BO21 | BP21: 6.75416 | BQ21: ='Continuously drop'!BQ21 | BR21: 6.99201 | BS21: ='Continuously drop'!BS21 | BT21: 6.59643 | BU21: ='Continuously drop'!BU21 | BV21: 6.70907 | BW21: ='Continuously drop'!BW21 | BX21: 7.17781 | BY21: ='Continuously drop'!BY21 | BZ21: 6.64015 | CA21: ='Continuously drop'!CA21 | CB21: 6.64532
K22: 300 | L22: 26 | N22: 224 | O22: ='Continuously drop'!P22 | P22: 85.38988 | Q22: ='Continuously drop'!R22 | R22: 86.00678 | S22: ='Continuously drop'!T22 | T22: 86.22863 | U22: ='Continuously drop'!V22 | V22: 86.12179 | W22: ='Continuously drop'!X22 | X22: 85.61323 | Y22: ='Continuously drop'!Z22 | Z22: 85.93049 | AA22: ='Continuously drop'!AB22 | AB22: 86.35244 | AC22: ='Continuously drop'!AD22 | AD22: 85.49459 | AE22: ='Continuously drop'!AF22 | AF22: 86.40942 | AG22: ='Continuously drop'!AH22 | AH22: 86.27966 | AL22: 224 | AM22: ='Continuously drop'!AL22 | AN22: 16.16743 | AO22: ='Continuously drop'!AN22 | AP22: 11.85239 | AQ22: ='Continuously drop'!AP22 | AR22: 9.58219 | AS22: ='Continuously drop'!AR22 | AT22: 13.05258 | AU22: ='Continuously drop'!AT22 | AV22: 9.71009 | AW22: ='Continuously drop'!AV22 | AX22: 13.57077 | AY22: ='Continuously drop'!AX22 | AZ22: 9.00967 | BA22: ='Continuously drop'!AZ22 | BB22: 14.36351 | BC22: ='Continuously drop'!BB22 | BD22: 12.39258 | BE22: ='Continuously drop'!BD22 | BF22: 10.58668 | BH22: 224 | BI22: ='Continuously drop'!BI22 | BJ22: 7.50164 | BK22: ='Continuously drop'!BK22 | BL22: 6.94976 | BM22: ='Continuously drop'!BM22 | BN22: 6.84064 | BO22: ='Continuously drop'!BO22 | BP22: 6.77781 | BQ22: ='Continuously drop'!BQ22 | BR22: 7.01141 | BS22: ='Continuously drop'!BS22 | BT22: 6.61777 | BU22: ='Continuously drop'!BU22 | BV22: 6.7305 | BW22: ='Continuously drop'!BW22 | BX22: 7.18852 | BY22: ='Continuously drop'!BY22 | BZ22: 6.66198 | CA22: ='Continuously drop'!CA22 | CB22: 6.66686
K23: 500 | L23: 21 | N23: 236 | O23: ='Continuously drop'!P23 | P23: 86.35913 | Q23: ='Continuously drop'!R23 | R23: 86.99956 | S23: ='Continuously drop'!T23 | T23: 87.26516 | U23: ='Continuously drop'!V23 | V23: 87.12587 | W23: ='Continuously drop'!X23 | X23: 86.60207 | Y23: ='Continuously drop'!Z23 | Z23: 86.90658 | AA23: ='Continuously drop'!AB23 | AB23: 87.37335 | AC23: ='Continuously drop'!AD23 | AD23: 86.51817 | AE23: ='Continuously drop'!AF23 | AF23: 87.40786 | AG23: ='Continuously drop'!AH23 | AH23: 87.27107 | AL23: 236 | AM23: ='Continuously drop'!AL23 | AN23: 16.60831 | AO23: ='Continuously drop'!AN23 | AP23: 12.54497 | AQ23: ='Continuously drop'!AP23 | AR23: 9.96764 | AS23: ='Continuously drop'!AR23 | AT23: 13.35125 | AU23: ='Continuously drop'!AT23 | AV23: 10.07616 | AW23: ='Continuously drop'!AV23 | AX23: 13.71718 | AY23: ='Continuously drop'!AX23 | AZ23: 9.40505 | BA23: ='Continuously drop'!AZ23 | BB23: 14.49394 | BC23: ='Continuously drop'!BB23 | BD23: 12.80883 | BE23: ='Continuously drop'!BD23 | BF23: 10.88981 | BH23: 236 | BI23: ='Continuously drop'!BI23 | BJ23: 7.56902 | BK23: ='Continuously drop'!BK23 | BL23: 6.96696 | BM23: ='Continuously drop'!BM23 | BN23: 6.85799 | BO23: ='Continuously drop'!BO23 | BP23: 6.79525 | BQ23: ='Continuously drop'!BQ23 | BR23: 7.0303 | BS23: ='Continuously drop'!BS23 | BT23: 6.63695 | BU23: ='Continuously drop'!BU23 | BV23: 6.74987 | BW23: ='Continuously drop'!BW23 | BX23: 7.20043 | BY23: ='Continuously drop'!BY23 | BZ23: 6.6821 | CA23: ='Continuously drop'!CA23 | CB23: 6.68673
K24: 1000 | L24: 8 | N24: 250 | O24: ='Continuously drop'!P24 | P24: 87.36614 | Q24: ='Continuously drop'!R24 | R24: 87.99508 | S24: ='Continuously drop'!T24 | T24: 88.29334 | U24: ='Continuously drop'!V24 | V24: 88.12932 | W24: ='Continuously drop'!X24 | X24: 87.60788 | Y24: ='Continuously drop'!Z24 | Z24: 87.89901 | AA24: ='Continuously drop'!AB24 | AB24: 88.39116 | AC24: ='Continuously drop'!AD24 | AD24: 87.5452 | AE24: ='Continuously drop'!AF24 | AF24: 88.41723 | AG24: ='Continuously drop'!AH24 | AH24: 88.28875 | AL24: 250 | AM24: ='Continuously drop'!AL24 | AN24: 17.10723 | AO24: ='Continuously drop'!AN24 | AP24: 13.00555 | AQ24: ='Continuously drop'!AP24 | AR24: 10.38783 | AS24: ='Continuously drop'!AR24 | AT24: 13.6788 | AU24: ='Continuously drop'!AT24 | AV24: 10.42604 | AW24: ='Continuously drop'!AV24 | AX24: 13.99073 | AY24: ='Continuously drop'!AX24 | AZ24: 9.83849 | BA24: ='Continuously drop'!AZ24 | BB24: 14.64453 | BC24: ='Continuously drop'!BB24 | BD24: 13.26145 | BE24: ='Continuously drop'!BD24 | BF24: 11.26397 | BH24: 250 | BI24: ='Continuously drop'!BI24 | BJ24: 7.62605 | BK24: ='Continuously drop'!BK24 | BL24: 6.98657 | BM24: ='Continuously drop'!BM24 | BN24: 6.87584 | BO24: ='Continuously drop'!BO24 | BP24: 6.81691 | BQ24: ='Continuously drop'!BQ24 | BR24: 7.05124 | BS24: ='Continuously drop'!BS24 | BT24: 6.65854 | BU24: ='Continuously drop'!BU24 | BV24: 6.77029 | BW24: ='Continuously drop'!BW24 | BX24: 7.21966 | BY24: ='Continuously drop'!BY24 | BZ24: 6.70368 | CA24: ='Continuously drop'!CA24 | CB24: 6.70812
K25: 2000 | L25: 3 | N25: 265 | O25: ='Continuously drop'!P25 | P25: 88.47186 | Q25: ='Continuously drop'!R25 | R25: 89.12285 | S25: ='Continuously drop'!T25 | T25: 89.42612 | U25: ='Continuously drop'!V25 | V25: 89.25085 | W25: ='Continuously drop'!X25 | X25: 88.72588 | Y25: ='Continuously drop'!Z25 | Z25: 89.01943 | AA25: ='Continuously drop'!AB25 | AB25: 89.51034 | AC25: ='Continuously drop'!AD25 | AD25: 88.66934 | AE25: ='Continuously drop'!AF25 | AF25: 89.53608 | AG25: ='Continuously drop'!AH25 | AH25: 89.40922 | AL25: 265 | AM25: ='Continuously drop'!AL25 | AN25: 17.74752 | AO25: ='Continuously drop'!AN25 | AP25: 13.5352 | AQ25: ='Continuously drop'!AP25 | AR25: 10.7501 | AS25: ='Continuously drop'!AR25 | AT25: 14.03669 | AU25: ='Continuously drop'!AT25 | AV25: 10.74588 | AW25: ='Continuously drop'!AV25 | AX25: 14.42727 | AY25: ='Continuously drop'!AX25 | AZ25: 10.2245 | BA25: ='Continuously drop'!AZ25 | BB25: 14.91077 | BC25: ='Continuously drop'!BB25 | BD25: 13.75366 | BE25: ='Continuously drop'!BD25 | BF25: 11.69513 | BH25: 265 | BI25: ='Continuously drop'!BI25 | BJ25: 7.64138 | BK25: ='Continuously drop'!BK25 | BL25: 7.00317 | BM25: ='Continuously drop'!BM25 | BN25: 6.89424 | BO25: ='Continuously drop'!BO25 | BP25: 6.83708 | BQ25: ='Continuously drop'!BQ25 | BR25: 7.0725 | BS25: ='Continuously drop'!BS25 | BT25: 6.67817 | BU25: ='Continuously drop'!BU25 | BV25: 6.79008 | BW25: ='Continuously drop'!BW25 | BX25: 7.23722 | BY25: ='Continuously drop'!BY25 | BZ25: 6.72492 | CA25: ='Continuously drop'!CA25 | CB25: 6.7287
K26: 3000 | L26: 3 | N26: 280 | O26: ='Continuously drop'!P26 | P26: 89.60484 | Q26: ='Continuously drop'!R26 | R26: 90.25491 | S26: ='Continuously drop'!T26 | T26: 90.55521 | U26: ='Continuously drop'!V26 | V26: 90.3818 | W26: ='Continuously drop'!X26 | X26: 89.8311 | Y26: ='Continuously drop'!Z26 | Z26: 90.15349 | AA26: ='Continuously drop'!AB26 | AB26: 90.64061 | AC26: ='Continuously drop'!AD26 | AD26: 89.79899 | AE26: ='Continuously drop'!AF26 | AF26: 90.66456 | AG26: ='Continuously drop'!AH26 | AH26: 90.5421 | AL26: 280 | AM26: ='Continuously drop'!AL26 | AN26: 18.27613 | AO26: ='Continuously drop'!AN26 | AP26: 14.02047 | AQ26: ='Continuously drop'!AP26 | AR26: 10.91368 | AS26: ='Continuously drop'!AR26 | AT26: 14.29796 | AU26: ='Continuously drop'!AT26 | AV26: 10.93621 | AW26: ='Continuously drop'!AV26 | AX26: 14.75949 | AY26: ='Continuously drop'!AX26 | AZ26: 10.47088 | BA26: ='Continuously drop'!AZ26 | BB26: 15.16265 | BC26: ='Continuously drop'!BB26 | BD26: 14.11817 | BE26: ='Continuously drop'!BD26 | BF26: 12.04268 | BH26: 280 | BI26: ='Continuously drop'!BI26 | BJ26: 7.65336 | BK26: ='Continuously drop'!BK26 | BL26: 7.01992 | BM26: ='Continuously drop'!BM26 | BN26: 6.91078 | BO26: ='Continuously drop'!BO26 | BP26: 6.85901 | BQ26: ='Continuously drop'!BQ26 | BR26: 7.09455 | BS26: ='Continuously drop'!BS26 | BT26: 6.69695 | BU26: ='Continuously drop'!BU26 | BV26: 6.80898 | BW26: ='Continuously drop'!BW26 | BX26: 7.24979 | BY26: ='Continuously drop'!BY26 | BZ26: 6.74448 | CA26: ='Continuously drop'!CA26 | CB26: 6.7481
K27: 4000 | L27: 3 | N27: 300 | O27: ='Continuously drop'!P27 | P27: 90.81188 | Q27: ='Continuously drop'!R27 | R27: 91.4487 | S27: ='Continuously drop'!T27 | T27: 91.74714 | U27: ='Continuously drop'!V27 | V27: 91.56636 | W27: ='Continuously drop'!X27 | X27: 91.00259 | Y27: ='Continuously drop'!Z27 | Z27: 91.34886 | AA27: ='Continuously drop'!AB27 | AB27: 91.82556 | AC27: ='Continuously drop'!AD27 | AD27: 90.99094 | AE27: ='Continuously drop'!AF27 | AF27: 91.85855 | AG27: ='Continuously drop'!AH27 | AH27: 91.72915 | AL27: 300 | AM27: ='Continuously drop'!AL27 | AN27: 19.46621 | AO27: ='Continuously drop'!AN27 | AP27: 14.59676 | AQ27: ='Continuously drop'!AP27 | AR27: 10.89922 | AS27: ='Continuously drop'!AR27 | AT27: 14.39849 | AU27: ='Continuously drop'!AT27 | AV27: 11.07255 | AW27: ='Continuously drop'!AV27 | AX27: 15.07171 | AY27: ='Continuously drop'!AX27 | AZ27: 10.55542 | BA27: ='Continuously drop'!AZ27 | BB27: 15.29094 | BC27: ='Continuously drop'!BB27 | BD27: 14.39634 | BE27: ='Continuously drop'!BD27 | BF27: 12.40241 | BH27: 300 | BI27: ='Continuously drop'!BI27 | BJ27: 7.6855 | BK27: ='Continuously drop'!BK27 | BL27: 7.03928 | BM27: ='Continuously drop'!BM27 | BN27: 6.93209 | BO27: ='Continuously drop'!BO27 | BP27: 6.88139 | BQ27: ='Continuously drop'!BQ27 | BR27: 7.11956 | BS27: ='Continuously drop'!BS27 | BT27: 6.71959 | BU27: ='Continuously drop'!BU27 | BV27: 6.83187 | BW27: ='Continuously drop'!BW27 | BX27: 7.27455 | BY27: ='Continuously drop'!BY27 | BZ27: 6.76787 | CA27: ='Continuously drop'!CA27 | CB27: 6.77167
K28: 5000 | L28: 5 | N28: 315 | O28: ='Continuously drop'!P28 | P28: 92.04769 | Q28: ='Continuously drop'!R28 | R28: 92.64798 | S28: ='Continuously drop'!T28 | T28: 92.94248 | U28: ='Continuously drop'!V28 | V28: 92.75846 | W28: ='Continuously drop'!X28 | X28: 92.17622 | Y28: ='Continuously drop'!Z28 | Z28: 92.54028 | AA28: ='Continuously drop'!AB28 | AB28: 93.01919 | AC28: ='Continuously drop'!AD28 | AD28: 92.18324 | AE28: ='Continuously drop'!AF28 | AF28: 93.05123 | AG28: ='Continuously drop'!AH28 | AH28: 92.92133 | AL28: 315 | AM28: ='Continuously drop'!AL28 | AN28: 20.29986 | AO28: ='Continuously drop'!AN28 | AP28: 14.99836 | AQ28: ='Continuously drop'!AP28 | AR28: 10.71365 | AS28: ='Continuously drop'!AR28 | AT28: 14.30193 | AU28: ='Continuously drop'!AT28 | AV28: 11.03421 | AW28: ='Continuously drop'!AV28 | AX28: 15.19808 | AY28: ='Continuously drop'!AX28 | AZ28: 10.48287 | BA28: ='Continuously drop'!AZ28 | BB28: 15.29973 | BC28: ='Continuously drop'!BB28 | BD28: 14.47026 | BE28: ='Continuously drop'!BD28 | BF28: 12.61337 | BH28: 315 | BI28: ='Continuously drop'!BI28 | BJ28: 7.68064 | BK28: ='Continuously drop'!BK28 | BL28: 7.05156 | BM28: ='Continuously drop'!BM28 | BN28: 6.94711 | BO28: ='Continuously drop'!BO28 | BP28: 6.90063 | BQ28: ='Continuously drop'!BQ28 | BR28: 7.14109 | BS28: ='Continuously drop'!BS28 | BT28: 6.73465 | BU28: ='Continuously drop'!BU28 | BV28: 6.84853 | BW28: ='Continuously drop'!BW28 | BX28: 7.28056 | BY28: ='Continuously drop'!BY28 | BZ28: 6.78503 | CA28: ='Continuously drop'!CA28 | CB28: 6.789
K29: 9000 | L29: 5 | N29: 335 | O29: ='Continuously drop'!P29 | P29: 93.27605 | Q29: ='Continuously drop'!R29 | R29: 93.84339 | S29: ='Continuously drop'!T29 | T29: 94.1387 | U29: ='Continuously drop'!V29 | V29: 93.94661 | W29: ='Continuously drop'!X29 | X29: 93.35607 | Y29: ='Continuously drop'!Z29 | Z29: 93.74373 | AA29: ='Continuously drop'!AB29 | AB29: 94.21322 | AC29: ='Continuously drop'!AD29 | AD29: 93.37834 | AE29: ='Continuously drop'!AF29 | AF29: 94.2413 | AG29: ='Continuously drop'!AH29 | AH29: 94.10979 | AL29: 335 | AM29: ='Continuously drop'!AL29 | AN29: 21.33989 | AO29: ='Continuously drop'!AN29 | AP29: 15.49348 | AQ29: ='Continuously drop'!AP29 | AR29: 10.30581 | AS29: ='Continuously drop'!AR29 | AT29: 13.9412 | AU29: ='Continuously drop'!AT29 | AV29: 10.9697 | AW29: ='Continuously drop'!AV29 | AX29: 15.1928 | AY29: ='Continuously drop'!AX29 | AZ29: 10.23295 | BA29: ='Continuously drop'!AZ29 | BB29: 15.28699 | BC29: ='Continuously drop'!BB29 | BD29: 14.37187 | BE29: ='Continuously drop'!BD29 | BF29: 12.82019 | BH29: 335 | BI29: ='Continuously drop'!BI29 | BJ29: 7.66867 | BK29: ='Continuously drop'!BK29 | BL29: 7.06998 | BM29: ='Continuously drop'!BM29 | BN29: 6.96497 | BO29: ='Continuously drop'!BO29 | BP29: 6.92584 | BQ29: ='Continuously drop'!BQ29 | BR29: 7.15613 | BS29: ='Continuously drop'!BS29 | BT29: 6.75496 | BU29: ='Continuously drop'!BU29 | BV29: 6.86935 | BW29: ='Continuously drop'!BW29 | BX29: 7.29939 | BY29: ='Continuously drop'!BY29 | BZ29: 6.80593 | CA29: ='Continuously drop'!CA29 | CB29: 6.80975
K30: 10000 | L30: 2 | N30: 355 | O30: ='Continuously drop'!P30 | P30: 94.50739 | Q30: ='Continuously drop'!R30 | R30: 95.04311 | S30: ='Continuously drop'!T30 | T30: 95.34484 | U30: ='Continuously drop'!V30 | V30: 95.14364 | W30: ='Continuously drop'!X30 | X30: 94.5472 | Y30: ='Continuously drop'!Z30 | Z30: 94.94146 | AA30: ='Continuously drop'!AB30 | AB30: 95.41506 | AC30: ='Continuously drop'!AD30 | AD30: 94.58516 | AE30: ='Continuously drop'!AF30 | AF30: 95.44024 | AG30: ='Continuously drop'!AH30 | AH30: 95.30601 | AL30: 355 | AM30: ='Continuously drop'!AL30 | AN30: 22.32144 | AO30: ='Continuously drop'!AN30 | AP30: 15.91446 | AQ30: ='Continuously drop'!AP30 | AR30: 9.77198 | AS30: ='Continuously drop'!AR30 | AT30: 13.38391 | AU30: ='Continuously drop'!AT30 | AV30: 10.9202 | AW30: ='Continuously drop'!AV30 | AX30: 15.04174 | AY30: ='Continuously drop'!AX30 | AZ30: 9.86451 | BA30: ='Continuously drop'!AZ30 | BB30: 15.27775 | BC30: ='Continuously drop'!BB30 | BD30: 14.10253 | BE30: ='Continuously drop'!BD30 | BF30: 12.95049 | BH30: 355 | BI30: ='Continuously drop'!BI30 | BJ30: 7.577 | BK30: ='Continuously drop'!BK30 | BL30: 7.08556 | BM30: ='Continuously drop'!BM30 | BN30: 6.98355 | BO30: ='Continuously drop'!BO30 | BP30: 6.95061 | BQ30: ='Continuously drop'!BQ30 | BR30: 7.17113 | BS30: ='Continuously drop'!BS30 | BT30: 6.77423 | BU30: ='Continuously drop'!BU30 | BV30: 6.88885 | BW30: ='Continuously drop'!BW30 | BX30: 7.32021 | BY30: ='Continuously drop'!BY30 | BZ30: 6.82703 | CA30: ='Continuously drop'!CA30 | CB30: 6.83077
K31: 14000 | L31: 2 | N31: 375 | O31: ='Continuously drop'!P31 | P31: 95.7664 | Q31: ='Continuously drop'!R31 | R31: 96.27931 | S31: ='Continuously drop'!T31 | T31: 96.59188 | U31: ='Continuously drop'!V31 | V31: 96.37207 | W31: ='Continuously drop'!X31 | X31: 95.80627 | Y31: ='Continuously drop'!Z31 | Z31: 96.1723 | AA31: ='Continuously drop'!AB31 | AB31: 96.65273 | AC31: ='Continuously drop'!AD31 | AD31: 95.8233 | AE31: ='Continuously drop'!AF31 | AF31: 96.6737 | AG31: ='Continuously drop'!AH31 | AH31: 96.53756 | AL31: 375 | AM31: ='Continuously drop'!AL31 | AN31: 23.03414 | AO31: ='Continuously drop'!AN31 | AP31: 16.21493 | AQ31: ='Continuously drop'!AP31 | AR31: 9.18689 | AS31: ='Continuously drop'!AR31 | AT31: 12.65453 | AU31: ='Continuously drop'!AT31 | AV31: 10.80255 | AW31: ='Continuously drop'!AV31 | AX31: 14.74829 | AY31: ='Continuously drop'!AX31 | AZ31: 9.42662 | BA31: ='Continuously drop'!AZ31 | BB31: 15.06464 | BC31: ='Continuously drop'!BB31 | BD31: 13.70412 | BE31: ='Continuously drop'!BD31 | BF31: 12.99936 | BH31: 375 | BI31: ='Continuously drop'!BI31 | BJ31: 7.59123 | BK31: ='Continuously drop'!BK31 | BL31: 7.10152 | BM31: ='Continuously drop'!BM31 | BN31: 7.00009 | BO31: ='Continuously drop'!BO31 | BP31: 6.97205 | BQ31: ='Continuously drop'!BQ31 | BR31: 7.18908 | BS31: ='Continuously drop'!BS31 | BT31: 6.79378 | BU31: ='Continuously drop'!BU31 | BV31: 6.90863 | BW31: ='Continuously drop'!BW31 | BX31: 7.31724 | BY31: ='Continuously drop'!BY31 | BZ31: 6.84749 | CA31: ='Continuously drop'!CA31 | CB31: 6.85105
N32: 400 | O32: ='Continuously drop'!P32 | P32: 97.00445 | Q32: ='Continuously drop'!R32 | R32: 97.50164 | S32: ='Continuously drop'!T32 | T32: 97.82518 | U32: ='Continuously drop'!V32 | V32: 97.58703 | W32: ='Continuously drop'!X32 | X32: 97.04387 | Y32: ='Continuously drop'!Z32 | Z32: 97.38938 | AA32: ='Continuously drop'!AB32 | AB32: 97.87917 | AC32: ='Continuously drop'!AD32 | AD32: 97.04507 | AE32: ='Continuously drop'!AF32 | AF32: 97.89355 | AG32: ='Continuously drop'!AH32 | AH32: 97.75537 | AL32: 400 | AM32: ='Continuously drop'!AL32 | AN32: 23.54791 | AO32: ='Continuously drop'!AN32 | AP32: 16.41914 | AQ32: ='Continuously drop'!AP32 | AR32: 8.45713 | AS32: ='Continuously drop'!AR32 | AT32: 11.69895 | AU32: ='Continuously drop'!AT32 | AV32: 10.48229 | AW32: ='Continuously drop'!AV32 | AX32: 14.28006 | AY32: ='Continuously drop'!AX32 | AZ32: 8.88996 | BA32: ='Continuously drop'!AZ32 | BB32: 14.82126 | BC32: ='Continuously drop'!BB32 | BD32: 13.10629 | BE32: ='Continuously drop'!BD32 | BF32: 12.99604 | BH32: 400 | BI32: ='Continuously drop'!BI32 | BJ32: 7.61677 | BK32: ='Continuously drop'!BK32 | BL32: 7.12349 | BM32: ='Continuously drop'!BM32 | BN32: 7.02335 | BO32: ='Continuously drop'!BO32 | BP32: 7.00076 | BQ32: ='Continuously drop'!BQ32 | BR32: 7.21353 | BS32: ='Continuously drop'!BS32 | BT32: 6.81904 | BU32: ='Continuously drop'!BU32 | BV32: 6.93349 | BW32: ='Continuously drop'!BW32 | BX32: 7.332 | BY32: ='Continuously drop'!BY32 | BZ32: 6.87355 | CA32: ='Continuously drop'!CA32 | CB32: 6.87652
N33: 425 | O33: ='Continuously drop'!P33 | P33: 98.22257 | Q33: ='Continuously drop'!R33 | R33: 98.71815 | S33: ='Continuously drop'!T33 | T33: 99.05588 | U33: ='Continuously drop'!V33 | V33: 98.7991 | W33: ='Continuously drop'!X33 | X33: 98.25015 | Y33: ='Continuously drop'!Z33 | Z33: 98.6038 | AA33: ='Continuously drop'!AB33 | AB33: 99.10234 | AC33: ='Continuously drop'!AD33 | AD33: 98.26318 | AE33: ='Continuously drop'!AF33 | AF33: 99.1101 | AG33: ='Continuously drop'!AH33 | AH33: 98.96922 | AL33: 425 | AM33: ='Continuously drop'!AL33 | AN33: 23.77967 | AO33: ='Continuously drop'!AN33 | AP33: 16.43634 | AQ33: ='Continuously drop'!AP33 | AR33: 7.76737 | AS33: ='Continuously drop'!AR33 | AT33: 10.78182 | AU33: ='Continuously drop'!AT33 | AV33: 10.13598 | AW33: ='Continuously drop'!AV33 | AX33: 13.70845 | AY33: ='Continuously drop'!AX33 | AZ33: 8.42401 | BA33: ='Continuously drop'!AZ33 | BB33: 14.55853 | BC33: ='Continuously drop'!BB33 | BD33: 12.51523 | BE33: ='Continuously drop'!BD33 | BF33: 12.9213 | BH33: 425 | BI33: ='Continuously drop'!BI33 | BJ33: 7.64288 | BK33: ='Continuously drop'!BK33 | BL33: 7.14616 | BM33: ='Continuously drop'!BM33 | BN33: 7.04728 | BO33: ='Continuously drop'!BO33 | BP33: 7.03213 | BQ33: ='Continuously drop'!BQ33 | BR33: 7.23837 | BS33: ='Continuously drop'!BS33 | BT33: 6.84473 | BU33: ='Continuously drop'!BU33 | BV33: 6.95896 | BW33: ='Continuously drop'!BW33 | BX33: 7.35682 | BY33: ='Continuously drop'!BY33 | BZ33: 6.90029 | CA33: ='Continuously drop'!CA33 | CB33: 6.90362
N34: 450 | O34: ='Continuously drop'!P34 | P34: 99.43649 | Q34: ='Continuously drop'!R34 | R34: 99.93368 | S34: ='Continuously drop'!T34 | T34: 100.28681 | U34: ='Continuously drop'!V34 | V34: 100.00777 | W34: ='Continuously drop'!X34 | X34: 99.45788 | Y34: ='Continuously drop'!Z34 | Z34: 99.81523 | AA34: ='Continuously drop'!AB34 | AB34: 100.32378 | AC34: ='Continuously drop'!AD34 | AD34: 99.47413 | AE34: ='Continuously drop'!AF34 | AF34: 100.32465 | AG34: ='Continuously drop'!AH34 | AH34: 100.1807 | AL34: 450 | AM34: ='Continuously drop'!AL34 | AN34: 23.66116 | AO34: ='Continuously drop'!AN34 | AP34: 16.25046 | AQ34: ='Continuously drop'!AP34 | AR34: 7.15307 | AS34: ='Continuously drop'!AR34 | AT34: 9.93566 | AU34: ='Continuously drop'!AT34 | AV34: 9.79313 | AW34: ='Continuously drop'!AV34 | AX34: 12.99279 | AY34: ='Continuously drop'!AX34 | AZ34: 8.0191 | BA34: ='Continuously drop'!AZ34 | BB34: 14.2138 | BC34: ='Continuously drop'!BB34 | BD34: 11.92256 | BE34: ='Continuously drop'!BD34 | BF34: 12.73775 | BH34: 450 | BI34: ='Continuously drop'!BI34 | BJ34: 7.6685 | BK34: ='Continuously drop'!BK34 | BL34: 7.17112 | BM34: ='Continuously drop'!BM34 | BN34: 7.07385 | BO34: ='Continuously drop'!BO34 | BP34: 7.06333 | BQ34: ='Continuously drop'!BQ34 | BR34: 7.26619 | BS34: ='Continuously drop'!BS34 | BT34: 6.87181 | BU34: ='Continuously drop'!BU34 | BV34: 6.98572 | BW34: ='Continuously drop'!BW34 | BX34: 7.3824 | BY34: ='Continuously drop'!BY34 | BZ34: 6.92932 | CA34: ='Continuously drop'!CA34 | CB34: 6.93079
N35: 475 | O35: ='Continuously drop'!P35 | P35: 100.6734 | Q35: ='Continuously drop'!R35 | R35: 101.17539 | S35: ='Continuously drop'!T35 | T35: 101.54558 | U35: ='Continuously drop'!V35 | V35: 101.24427 | W35: ='Continuously drop'!X35 | X35: 100.68885 | Y35: ='Continuously drop'!Z35 | Z35: 101.05275 | AA35: ='Continuously drop'!AB35 | AB35: 101.57632 | AC35: ='Continuously drop'!AD35 | AD35: 100.7254 | AE35: ='Continuously drop'!AF35 | AF35: 101.5676 | AG35: ='Continuously drop'!AH35 | AH35: 101.41746 | AL35: 475 | AM35: ='Continuously drop'!AL35 | AN35: 23.21146 | AO35: ='Continuously drop'!AN35 | AP35: 15.86074 | AQ35: ='Continuously drop'!AP35 | AR35: 6.66382 | AS35: ='Continuously drop'!AR35 | AT35: 9.16325 | AU35: ='Continuously drop'!AT35 | AV35: 9.46373 | AW35: ='Continuously drop'!AV35 | AX35: 12.14971 | AY35: ='Continuously drop'!AX35 | AZ35: 7.65982 | BA35: ='Continuously drop'!AZ35 | BB35: 13.76314 | BC35: ='Continuously drop'!BB35 | BD35: 11.3371 | BE35: ='Continuously drop'!BD35 | BF35: 12.44934 | BH35: 475 | BI35: ='Continuously drop'!BI35 | BJ35: 7.69532 | BK35: ='Continuously drop'!BK35 | BL35: 7.19821 | BM35: ='Continuously drop'!BM35 | BN35: 7.1037 | BO35: ='Continuously drop'!BO35 | BP35: 7.09972 | BQ35: ='Continuously drop'!BQ35 | BR35: 7.29583 | BS35: ='Continuously drop'!BS35 | BT35: 6.90126 | BU35: ='Continuously drop'!BU35 | BV35: 7.01674 | BW35: ='Continuously drop'!BW35 | BX35: 7.40998 | BY35: ='Continuously drop'!BY35 | BZ35: 6.95992 | CA35: ='Continuously drop'!CA35 | CB35: 6.96044
N36: 500 | O36: ='Continuously drop'!P36 | P36: 101.92193 | Q36: ='Continuously drop'!R36 | R36: 102.4328 | S36: ='Continuously drop'!T36 | T36: 102.82296 | U36: ='Continuously drop'!V36 | V36: 102.50244 | W36: ='Continuously drop'!X36 | X36: 101.9267 | Y36: ='Continuously drop'!Z36 | Z36: 102.30428 | AA36: ='Continuously drop'!AB36 | AB36: 102.85255 | AC36: ='Continuously drop'!AD36 | AD36: 101.99929 | AE36: ='Continuously drop'!AF36 | AF36: 102.83089 | AG36: ='Continuously drop'!AH36 | AH36: 102.6703 | AL36: 500 | AM36: ='Continuously drop'!AL36 | AN36: 22.43692 | AO36: ='Continuously drop'!AN36 | AP36: 15.30253 | AQ36: ='Continuously drop'!AP36 | AR36: 6.31564 | AS36: ='Continuously drop'!AR36 | AT36: 8.47315 | AU36: ='Continuously drop'!AT36 | AV36: 9.13597 | AW36: ='Continuously drop'!AV36 | AX36: 11.25802 | AY36: ='Continuously drop'!AX36 | AZ36: 7.35655 | BA36: ='Continuously drop'!AZ36 | BB36: 13.28386 | BC36: ='Continuously drop'!BB36 | BD36: 10.76064 | BE36: ='Continuously drop'!BD36 | BF36: 12.05027 | BH36: 500 | BI36: ='Continuously drop'!BI36 | BJ36: 7.72657 | BK36: ='Continuously drop'!BK36 | BL36: 7.2282 | BM36: ='Continuously drop'!BM36 | BN36: 7.13532 | BO36: ='Continuously drop'!BO36 | BP36: 7.14026 | BQ36: ='Continuously drop'!BQ36 | BR36: 7.32693 | BS36: ='Continuously drop'!BS36 | BT36: 6.93283 | BU36: ='Continuously drop'!BU36 | BV36: 7.04833 | BW36: ='Continuously drop'!BW36 | BX36: 7.43939 | BY36: ='Continuously drop'!BY36 | BZ36: 6.99293 | CA36: ='Continuously drop'!CA36 | CB36: 6.9933
N37: 530 | O37: ='Continuously drop'!P37 | P37: 103.30211 | Q37: ='Continuously drop'!R37 | R37: 103.82583 | S37: ='Continuously drop'!T37 | T37: 104.24007 | U37: ='Continuously drop'!V37 | V37: 103.89652 | W37: ='Continuously drop'!X37 | X37: 103.3036 | Y37: ='Continuously drop'!Z37 | Z37: 103.67305 | AA37: ='Continuously drop'!AB37 | AB37: 104.27244 | AC37: ='Continuously drop'!AD37 | AD37: 103.40719 | AE37: ='Continuously drop'!AF37 | AF37: 104.22834 | AG37: ='Continuously drop'!AH37 | AH37: 104.05479 | AL37: 530 | AM37: ='Continuously drop'!AL37 | AN37: 21.28035 | AO37: ='Continuously drop'!AN37 | AP37: 14.41649 | AQ37: ='Continuously drop'!AP37 | AR37: 6.0373 | AS37: ='Continuously drop'!AR37 | AT37: 7.79602 | AU37: ='Continuously drop'!AT37 | AV37: 8.79205 | AW37: ='Continuously drop'!AV37 | AX37: 10.31258 | AY37: ='Continuously drop'!AX37 | AZ37: 7.04099 | BA37: ='Continuously drop'!AZ37 | BB37: 12.66698 | BC37: ='Continuously drop'!BB37 | BD37: 10.09445 | BE37: ='Continuously drop'!BD37 | BF37: 11.4554 | BH37: 530 | BI37: ='Continuously drop'!BI37 | BJ37: 7.77112 | BK37: ='Continuously drop'!BK37 | BL37: 7.26811 | BM37: ='Continuously drop'!BM37 | BN37: 7.17944 | BO37: ='Continuously drop'!BO37 | BP37: 7.18254 | BQ37: ='Continuously drop'!BQ37 | BR37: 7.37154 | BS37: ='Continuously drop'!BS37 | BT37: 6.97713 | BU37: ='Continuously drop'!BU37 | BV37: 7.09185 | BW37: ='Continuously drop'!BW37 | BX37: 7.42987 | BY37: ='Continuously drop'!BY37 | BZ37: 7.03812 | CA37: ='Continuously drop'!CA37 | CB37: 7.03687
N38: 560 | O38: ='Continuously drop'!P38 | P38: 104.66647 | Q38: ='Continuously drop'!R38 | R38: 105.21011 | S38: ='Continuously drop'!T38 | T38: 105.6516 | U38: ='Continuously drop'!V38 | V38: 105.28172 | W38: ='Continuously drop'!X38 | X38: 104.69312 | Y38: ='Continuously drop'!Z38 | Z38: 105.0197 | AA38: ='Continuously drop'!AB38 | AB38: 105.68433 | AC38: ='Continuously drop'!AD38 | AD38: 104.8016 | AE38: ='Continuously drop'!AF38 | AF38: 105.61487 | AG38: ='Continuously drop'!AH38 | AH38: 105.42958 | AL38: 560 | AM38: ='Continuously drop'!AL38 | AN38: 19.96519 | AO38: ='Continuously drop'!AN38 | AP38: 13.35687 | AQ38: ='Continuously drop'!AP38 | AR38: 5.8204 | AS38: ='Continuously drop'!AR38 | AT38: 7.25502 | AU38: ='Continuously drop'!AT38 | AV38: 8.376 | AW38: ='Continuously drop'!AV38 | AX38: 9.48951 | AY38: ='Continuously drop'!AX38 | AZ38: 6.74576 | BA38: ='Continuously drop'!AZ38 | BB38: 11.91247 | BC38: ='Continuously drop'!BB38 | BD38: 9.45604 | BE38: ='Continuously drop'!BD38 | BF38: 10.75773 | BH38: 560 | BI38: ='Continuously drop'!BI38 | BJ38: 7.82367 | BK38: ='Continuously drop'!BK38 | BL38: 7.31557 | BM38: ='Continuously drop'!BM38 | BN38: 7.23074 | BO38: ='Continuously drop'!BO38 | BP38: 7.23193 | BQ38: ='Continuously drop'!BQ38 | BR38: 7.42488 | BS38: ='Continuously drop'!BS38 | BT38: 7.02779 | BU38: ='Continuously drop'!BU38 | BV38: 7.14253 | BW38: ='Continuously drop'!BW38 | BX38: 7.46167 | BY38: ='Continuously drop'!BY38 | BZ38: 7.09017 | CA38: ='Continuously drop'!CA38 | CB38: 7.08662
N39: 600 | O39: ='Continuously drop'!P39 | P39: 106.13578 | Q39: ='Continuously drop'!R39 | R39: 106.7116 | S39: ='Continuously drop'!T39 | T39: 107.18753 | U39: ='Continuously drop'!V39 | V39: 106.77898 | W39: ='Continuously drop'!X39 | X39: 106.1986 | Y39: ='Continuously drop'!Z39 | Z39: 106.47092 | AA39: ='Continuously drop'!AB39 | AB39: 107.2142 | AC39: ='Continuously drop'!AD39 | AD39: 106.30579 | AE39: ='Continuously drop'!AF39 | AF39: 107.11329 | AG39: ='Continuously drop'!AH39 | AH39: 106.91735 | AL39: 600 | AM39: ='Continuously drop'!AL39 | AN39: 18.01152 | AO39: ='Continuously drop'!AN39 | AP39: 11.84045 | AQ39: ='Continuously drop'!AP39 | AR39: 5.56329 | AS39: ='Continuously drop'!AR39 | AT39: 6.70577 | AU39: ='Continuously drop'!AT39 | AV39: 7.77445 | AW39: ='Continuously drop'!AV39 | AX39: 8.53253 | AY39: ='Continuously drop'!AX39 | AZ39: 6.3486 | BA39: ='Continuously drop'!AZ39 | BB39: 10.82154 | BC39: ='Continuously drop'!BB39 | BD39: 8.64275 | BE39: ='Continuously drop'!BD39 | BF39: 9.7451 | BH39: 600 | BI39: ='Continuously drop'!BI39 | BJ39: 7.90418 | BK39: ='Continuously drop'!BK39 | BL39: 7.39233 | BM39: ='Continuously drop'!BM39 | BN39: 7.30929 | BO39: ='Continuously drop'!BO39 | BP39: 7.31519 | BQ39: ='Continuously drop'!BQ39 | BR39: 7.51375 | BS39: ='Continuously drop'!BS39 | BT39: 7.10465 | BU39: ='Continuously drop'!BU39 | BV39: 7.2256 | BW39: ='Continuously drop'!BW39 | BX39: 7.53573 | BY39: ='Continuously drop'!BY39 | BZ39: 7.17478 | CA39: ='Continuously drop'!CA39 | CB39: 7.16557
N40: 630 | O40: ='Continuously drop'!P40 | P40: 107.65681 | Q40: ='Continuously drop'!R40 | R40: 108.2756 | S40: ='Continuously drop'!T40 | T40: 108.78978 | U40: ='Continuously drop'!V40 | V40: 108.3286 | W40: ='Continuously drop'!X40 | X40: 107.76269 | Y40: ='Continuously drop'!Z40 | Z40: 107.98075 | AA40: ='Continuously drop'!AB40 | AB40: 108.80274 | AC40: ='Continuously drop'!AD40 | AD40: 107.85962 | AE40: ='Continuously drop'!AF40 | AF40: 108.6653 | AG40: ='Continuously drop'!AH40 | AH40: 108.46542 | AL40: 630 | AM40: ='Continuously drop'!AL40 | AN40: 16.6618 | AO40: ='Continuously drop'!AN40 | AP40: 10.7268 | AQ40: ='Continuously drop'!AP40 | AR40: 5.38073 | AS40: ='Continuously drop'!AR40 | AT40: 6.37939 | AU40: ='Continuously drop'!AT40 | AV40: 7.36598 | AW40: ='Continuously drop'!AV40 | AX40: 7.89664 | AY40: ='Continuously drop'!AX40 | AZ40: 6.06005 | BA40: ='Continuously drop'!AZ40 | BB40: 10.01669 | BC40: ='Continuously drop'!BB40 | BD40: 8.07695 | BE40: ='Continuously drop'!BD40 | BF40: 8.99517 | BH40: 630 | BI40: ='Continuously drop'!BI40 | BJ40: 7.97684 | BK40: ='Continuously drop'!BK40 | BL40: 7.46063 | BM40: ='Continuously drop'!BM40 | BN40: 7.37526 | BO40: ='Continuously drop'!BO40 | BP40: 7.38674 | BQ40: ='Continuously drop'!BQ40 | BR40: 7.59541 | BS40: ='Continuously drop'!BS40 | BT40: 7.16775 | BU40: ='Continuously drop'!BU40 | BV40: 7.30023 | BW40: ='Continuously drop'!BW40 | BX40: 7.60329 | BY40: ='Continuously drop'!BY40 | BZ40: 7.24948 | CA40: ='Continuously drop'!CA40 | CB40: 7.23602
N41: 670 | O41: ='Continuously drop'!P41 | P41: 109.20999 | Q41: ='Continuously drop'!R41 | R41: 109.88241 | S41: ='Continuously drop'!T41 | T41: 110.43155 | U41: ='Continuously drop'!V41 | V41: 109.90719 | W41: ='Continuously drop'!X41 | X41: 109.36495 | Y41: ='Continuously drop'!Z41 | Z41: 109.53418 | AA41: ='Continuously drop'!AB41 | AB41: 110.42389 | AC41: ='Continuously drop'!AD41 | AD41: 109.44625 | AE41: ='Continuously drop'!AF41 | AF41: 110.24659 | AG41: ='Continuously drop'!AH41 | AH41: 110.05078 | AL41: 670 | AM41: ='Continuously drop'!AL41 | AN41: 15.09063 | AO41: ='Continuously drop'!AN41 | AP41: 9.33338 | AQ41: ='Continuously drop'!AP41 | AR41: 5.1674 | AS41: ='Continuously drop'!AR41 | AT41: 6.00868 | AU41: ='Continuously drop'!AT41 | AV41: 6.89174 | AW41: ='Continuously drop'!AV41 | AX41: 7.11656 | AY41: ='Continuously drop'!AX41 | AZ41: 5.67048 | BA41: ='Continuously drop'!AZ41 | BB41: 8.97567 | BC41: ='Continuously drop'!BB41 | BD41: 7.37767 | BE41: ='Continuously drop'!BD41 | BF41: 8.02846 | BH41: 670 | BI41: ='Continuously drop'!BI41 | BJ41: 8.09947 | BK41: ='Continuously drop'!BK41 | BL41: 7.5802 | BM41: ='Continuously drop'!BM41 | BN41: 7.49156 | BO41: ='Continuously drop'!BO41 | BP41: 7.50498 | BQ41: ='Continuously drop'!BQ41 | BR41: 7.73919 | BS41: ='Continuously drop'!BS41 | BT41: 7.26694 | BU41: ='Continuously drop'!BU41 | BV41: 7.43114 | BW41: ='Continuously drop'!BW41 | BX41: 7.718 | BY41: ='Continuously drop'!BY41 | BZ41: 7.37777 | CA41: ='Continuously drop'!CA41 | CB41: 7.35626
N42: 710 | O42: ='Continuously drop'!P42 | P42: 110.7941 | Q42: ='Continuously drop'!R42 | R42: 111.53811 | S42: ='Continuously drop'!T42 | T42: 112.11401 | U42: ='Continuously drop'!V42 | V42: 111.51555 | W42: ='Continuously drop'!X42 | X42: 111.00491 | Y42: ='Continuously drop'!Z42 | Z42: 111.1419 | AA42: ='Continuously drop'!AB42 | AB42: 112.07781 | AC42: ='Continuously drop'!AD42 | AD42: 111.07554 | AE42: ='Continuously drop'!AF42 | AF42: 111.85696 | AG42: ='Continuously drop'!AH42 | AH42: 111.67654 | AL42: 710 | AM42: ='Continuously drop'!AL42 | AN42: 13.63108 | AO42: ='Continuously drop'!AN42 | AP42: 8.0744 | AQ42: ='Continuously drop'!AP42 | AR42: 4.99046 | AS42: ='Continuously drop'!AR42 | AT42: 5.66906 | AU42: ='Continuously drop'!AT42 | AV42: 6.45147 | AW42: ='Continuously drop'!AV42 | AX42: 6.41636 | AY42: ='Continuously drop'!AX42 | AZ42: 5.26849 | BA42: ='Continuously drop'!AZ42 | BB42: 7.99281 | BC42: ='Continuously drop'!BB42 | BD42: 6.72163 | BE42: ='Continuously drop'!BD42 | BF42: 7.13058 | BH42: 710 | BI42: ='Continuously drop'!BI42 | BJ42: 8.25162 | BK42: ='Continuously drop'!BK42 | BL42: 7.73559 | BM42: ='Continuously drop'!BM42 | BN42: 7.65192 | BO42: ='Continuously drop'!BO42 | BP42: 7.65958 | BQ42: ='Continuously drop'!BQ42 | BR42: 7.92513 | BS42: ='Continuously drop'!BS42 | BT42: 7.39454 | BU42: ='Continuously drop'!BU42 | BV42: 7.59995 | BW42: ='Continuously drop'!BW42 | BX42: 7.86455 | BY42: ='Continuously drop'!BY42 | BZ42: 7.54105 | CA42: ='Continuously drop'!CA42 | CB42: 7.50948
N43: 750 | O43: ='Continuously drop'!P43 | P43: 112.33067 | Q43: ='Continuously drop'!R43 | R43: 113.15666 | S43: ='Continuously drop'!T43 | T43: 113.74005 | U43: ='Continuously drop'!V43 | V43: 113.07064 | W43: ='Continuously drop'!X43 | X43: 112.59544 | Y43: ='Continuously drop'!Z43 | Z43: 112.7236 | AA43: ='Continuously drop'!AB43 | AB43: 113.674 | AC43: ='Continuously drop'!AD43 | AD43: 112.66567 | AE43: ='Continuously drop'!AF43 | AF43: 113.41434 | AG43: ='Continuously drop'!AH43 | AH43: 113.25985 | AL43: 750 | AM43: ='Continuously drop'!AL43 | AN43: 12.31941 | AO43: ='Continuously drop'!AN43 | AP43: 6.9738 | AQ43: ='Continuously drop'!AP43 | AR43: 4.84539 | AS43: ='Continuously drop'!AR43 | AT43: 5.35347 | AU43: ='Continuously drop'!AT43 | AV43: 6.06305 | AW43: ='Continuously drop'!AV43 | AX43: 5.8212 | AY43: ='Continuously drop'!AX43 | AZ43: 4.86585 | BA43: ='Continuously drop'!AZ43 | BB43: 7.08737 | BC43: ='Continuously drop'!BB43 | BD43: 6.1128 | BE43: ='Continuously drop'!BD43 | BF43: 6.30977 | BH43: 750 | BI43: ='Continuously drop'!BI43 | BJ43: 8.43776 | BK43: ='Continuously drop'!BK43 | BL43: 7.93386 | BM43: ='Continuously drop'!BM43 | BN43: 7.86682 | BO43: ='Continuously drop'!BO43 | BP43: 7.84449 | BQ43: ='Continuously drop'!BQ43 | BR43: 8.16152 | BS43: ='Continuously drop'!BS43 | BT43: 7.55614 | BU43: ='Continuously drop'!BU43 | BV43: 7.81732 | BW43: ='Continuously drop'!BW43 | BX43: 8.04477 | BY43: ='Continuously drop'!BY43 | BZ43: 7.74337 | CA43: ='Continuously drop'!CA43 | CB43: 7.70409
... N94: 14000 | O94: ='Continuously drop'!P94 | P94: 111.67654 | Q94: ='Continuously drop'!R94 | R94: 111.54617 | S94: ='Continuously drop'!T94 | T94: 112.9253 | U94: ='Continuously drop'!V94 | V94: 113.24901 | W94: ='Continuously drop'!X94 | X94: 111.60844 | Y94: ='Continuously drop'!Z94 | Z94: 113.18012 | AA94: ='Continuously drop'!AB94 | AB94: 112.55563 | AC94: ='Continuously drop'!AD94 | AD94: 112.47527 | AE94: ='Continuously drop'!AF94 | AF94: 112.48211 | AG94: ='Continuously drop'!AH94 | AH94: 112.20004 | AL94: 14000 | AM94: ='Continuously drop'!AL94 | AN94: 0.12518 | AO94: ='Continuously drop'!AN94 | AP94: 0.09356 | AQ94: ='Continuously drop'!AP94 | AR94: 0.11216 | AS94: ='Continuously drop'!AR94 | AT94: 0.08321 | AU94: ='Continuously drop'!AT94 | AV94: 0.15871 | AW94: ='Continuously drop'!AV94 | AX94: 0.10863 | AY94: ='Continuously drop'!AX94 | AZ94: 0.09964 | BA94: ='Continuously drop'!AZ94 | BB94: 0.09036 | BC94: ='Continuously drop'!BB94 | BD94: 0.09104 | BE94: ='Continuously drop'!BD94 | BF94: 0.0863 | BH94: 14000 | BI94: ='Continuously drop'!BI94 | BJ94: 9.52297 | BK94: ='Continuously drop'!BK94 | BL94: 9.14502 | BM94: ='Continuously drop'!BM94 | BN94: 9.03318 | BO94: ='Continuously drop'!BO94 | BP94: 8.94291 | BQ94: ='Continuously drop'!BQ94 | BR94: 9.13322 | BS94: ='Continuously drop'!BS94 | BT94: 8.75733 | BU94: ='Continuously drop'!BU94 | BV94: 9.02957 | BW94: ='Continuously drop'!BW94 | BX94: 9.28132 | BY94: ='Continuously drop'!BY94 | BZ94: 8.94646 | CA94: ='Continuously drop'!CA94 | CB94: 8.94815
N102: SPL Average | O102: =AVERAGE(O44,O48,O51,O55) | P102: =AVERAGE(P44,P48,P51,P55) | Q102: =AVERAGE(Q44,Q48,Q51,Q55) | R102: =AVERAGE(R44,R48,R51,R55) | S102: =AVERAGE(S44,S48,S51,S55) | T102: =AVERAGE(T44,T48,T51,T55) | U102: =AVERAGE(U44,U48,U51,U55) | V102: =AVERAGE(V44,V48,V51,V55) | ... AH102: =AVERAGE(AH44,AH48,AH51,AH55) | BH102: F0 | BJ102: 930.79683 | BL102: 936.97671 | BN102: 936.97671 | BP102: 917.63403 | BR102: 933.53876 | BT102: 941.8727 | BV102: 920.75936 | BX102: 943.42571 | BZ102: 921.3534 | CB102: 937.01093

Sheet Air leak
N1: SPL RAW DATA | Z1: THD RAW DATA | AL1: IMPEDANCE RAW DATA
N2: SPL specification / Thông số kĩ thuật SPL | S2: ='Temp and humid 60-90'!S2:X2 | Z2: THD Limit / Giới hạn THD | AE2: ='Temp and humid 60-90'!AO2:AT2 | AL2: Imp / F0 Limit / Giới hạn Imp / F0 | AQ2: ='Temp and humid 60-90'!BK2:BP2
N3: Evalution standard / Tiêu chuẩn đánh giá | S3: Deviation before test and after test is under ± 2db, and SPL Average value in limit / Độ lệch trước khi kiểm tra và sau khi kiểm tra nhỏ hơn ± 2db và SPL Giá trị trung bình trong giới hạn | Z3: Evalution standard / Tiêu chuẩn đánh giá | AE3: THD value in limit / Giá trị THD trong giới hạn | AL3: Evalution standard / Tiêu chuẩn đánh giá | AQ3: Value in limit / Giá trị trong giới hạn
N4: Test condition / Điều kiện kiểm tra | S4: Air presure: 16.0±1.0Kpa, Leak ≤5Pa/s , Fill time: 30s, (5s to reach,20s to maintain, 5s to measurement) | Z4: Test condition / Điều kiện kiểm tra | AE4: =S4 | AL4: Test condition / Điều kiện kiểm tra | AQ4: =S4
N5: Sample No | O5: #1 | Q5: #2 | S5: #3 | U5: #4 | W5: #5 | Z5: Sample No | AA5: #1 | AC5: #2 | AE5: #3 | AG5: #4 | AI5: #5 | AL5: Sample No | AM5: #1 | AO5: #2 | AQ5: #3 | AS5: #4 | AU5: #5
N6: Result | O6: =IF(AND(O102<=118.8,O102>=114.8),"OK","NG") | P6: =IF(AND(P102<=118.8,P102>=114.8),"OK","NG") | Q6: =IF(AND(Q102<=118.8,Q102>=114.8),"OK","NG") | R6: =IF(AND(R102<=118.8,R102>=114.8),"OK","NG") | S6: =IF(AND(S102<=118.8,S102>=114.8),"OK","NG") | T6: =IF(AND(T102<=118.8,T102>=114.8),"OK","NG") | U6: =IF(AND(U102<=118.8,U102>=114.8),"OK","NG") | V6: =IF(AND(V102<=118.8,V102>=114.8),"OK","NG") | ... X6: =IF(AND(X102<=118.8,X102>=114.8),"OK","NG") | AM6: =IF(AND(AM112<=9.2,AM112>=6.8),"OK","NG") | AN6: =IF(AND(AN112<=9.2,AN112>=6.8),"OK","NG") | AO6: =IF(AND(AO112<=9.2,AO112>=6.8),"OK","NG") | AP6: =IF(AND(AP112<=9.2,AP112>=6.8),"OK","NG") | AQ6: =IF(AND(AQ112<=9.2,AQ112>=6.8),"OK","NG") | AR6: =IF(AND(AR112<=9.2,AR112>=6.8),"OK","NG") | AS6: =IF(AND(AS112<=9.2,AS112>=6.8),"OK","NG") | AT6: =IF(AND(AT112<=9.2,AT112>=6.8),"OK","NG") | ... AV6: =IF(AND(AV112<=9.2,AV112>=6.8),"OK","NG")
O7: Before #1 | P7: After #1 | Q7: Before #2 | R7: After #2 | S7: Before #3 | T7: After #3 | U7: Before #4 | V7: After #4 | W7: Before #5 | X7: After #5 | AA7: Before #1 | AB7: After #1 | AC7: Before #2 | AD7: After #2 | AE7: Before #3 | AF7: After #3 | AG7: Before #4 | AH7: After #4 | AI7: Before #5 | AJ7: After #5 | AM7: Before #1 | AN7: After #1 | AO7: Before #2 | AP7: After #2 | AQ7: Before #3 | AR7: After #3 | AS7: Before #4 | AT7: After #4 | AU7: Before #5 | AV7: After #5
N8: 100 | Z8: 100 | AL8: 100
N9: 106 | Z9: 106 | AL9: 103
N10: 112 | Z10: 112 | AL10: 106
N11: 118 | Z11: 118 | AL11: 109
N12: 125 | Z12: 125 | AL12: 112
N13: 132 | Z13: 132 | AL13: 115
N14: 140 | Z14: 140 | AL14: 118
N15: 150 | Z15: 150 | AL15: 122
N16: 160 | Z16: 160 | AL16: 125
N17: 170 | Z17: 170 | AL17: 128
N18: 180 | Z18: 180 | AL18: 132
L19: Limit | N19: 190 | Z19: 190 | AL19: 136
K20: 100 | L20: 25 | N20: 200 | Z20: 200 | AL20: 140
K21: 200 | L21: 22 | N21: 212 | Z21: 212 | AL21: 145
K22: 300 | L22: 26 | N22: 224 | Z22: 224 | AL22: 150
K23: 500 | L23: 21 | N23: 236 | Z23: 236 | AL23: 155
K24: 1000 | L24: 8 | N24: 250 | Z24: 250 | AL24: 160
K25: 2000 | L25: 3 | N25: 265 | Z25: 265 | AL25: 165
K26: 3000 | L26: 3 | N26: 280 | Z26: 280 | AL26: 170
K27: 4000 | L27: 3 | N27: 300 | Z27: 300 | AL27: 175
K28: 5000 | L28: 5 | N28: 315 | Z28: 315 | AL28: 180
K29: 9000 | L29: 5 | N29: 335 | Z29: 335 | AL29: 185
K30: 10000 | L30: 2 | N30: 355 | Z30: 355 | AL30: 190
K31: 14000 | L31: 2 | N31: 375 | Z31: 375 | AL31: 195
N32: 400 | Z32: 400 | AL32: 200
N33: 425 | Z33: 425 | AL33: 206
N34: 450 | Z34: 450 | AL34: 212
N35: 475 | Z35: 475 | AL35: 218
N36: 500 | Z36: 500 | AL36: 224
N37: 530 | Z37: 530 | AL37: 230
N38: 560 | Z38: 560 | AL38: 236
N39: 600 | Z39: 600 | AL39: 243
N40: 630 | Z40: 630 | AL40: 250
N41: 670 | Z41: 670 | AL41: 258
N42: 710 | Z42: 710 | AL42: 265
N43: 750 | Z43: 750 | AL43: 272
... N100: 20000 | Z100: 20000 | AL100: 1400
AL101: 1450
N102: SPL Average | O102: =AVERAGE(O44,O48,O51,O55) | P102: =AVERAGE(P44,P48,P51,P55) | Q102: =AVERAGE(Q44,Q48,Q51,Q55) | R102: =AVERAGE(R44,R48,R51,R55) | S102: =AVERAGE(S44,S48,S51,S55) | T102: =AVERAGE(T44,T48,T51,T55) | U102: =AVERAGE(U44,U48,U51,U55) | V102: =AVERAGE(V44,V48,V51,V55) | ... X102: =AVERAGE(X44,X48,X51,X55) | AL102: 1500
AL103: 1550
AL104: 1600
AL105: 1650
AL106: 1700
AL107: 1750
AL108: 1800
AL109: 1850
AL110: 1900
AL111: 1950
AL112: 2000
AL113: 2060
AL114: 2120
... AL168: 10000
AL170: F0
